"country","continent","tot_pop","age_group","infection_med","symptomatic_med","symptomatic_lo","symptomatic_hi","hospitalisation_med","hospitalisation_lo","hospitalisation_hi","fatal_med","fatal_lo","fatal_hi","daly_med","daly_lo","daly_hi"
"American Samoa","East Asia & Pacific",27460.8687157631,"[0,10)",73.9861160201817,38.7870600935477,30.0662281539408,47.373840758571,1.53969356216663,1.0703009695128,2.09719956328479,0.0386088500505959,0.021922884434002,0.0629664497315254,5.62099862176652,3.35442659417773,8.79584551998256
"American Samoa","East Asia & Pacific",27460.8687157631,"[10,20)",66.8649766973774,35.0538183219051,27.1723635870127,42.8141241732848,1.39149856342359,0.96728485336536,1.89534479537399,0.0249545232936479,0.0166057388608133,0.0369690112886213,4.13983856622012,2.45552180672087,6.68560454072691
"American Samoa","East Asia & Pacific",27460.8687157631,"[20,30)",49.5662224961435,25.9849841292338,20.1425542312768,31.7376077816503,1.03150155439182,0.717036909712069,1.40499685298027,0.0193239688941139,0.0128929097399227,0.0273488639174816,2.91039745485588,1.73373336234548,4.633248349487
"American Samoa","East Asia & Pacific",27460.8687157631,"[30,40)",28.4233340828168,14.9008709529836,11.5505785868871,18.1996646816779,0.591505904846887,0.411178794915073,0.805683647582216,0.0128093316911118,0.00799953048740087,0.0189702119121935,1.64068127851613,0.915776748932889,2.73046524138139
"American Samoa","East Asia & Pacific",27460.8687157631,"[40,50)",22.9684494694223,12.0411595816583,9.33384098580791,14.7068629381611,0.477986623481795,0.332267120612505,0.651060290601842,0.0116563898685786,0.0079967322577102,0.0160105366786823,1.64037133290518,0.889756888951299,2.78220849310702
"American Samoa","East Asia & Pacific",27460.8687157631,"[50,60)",20.0129026154512,10.4917205841713,8.13277582911127,12.8144050886866,0.416479996177563,0.289511468154916,0.567282794162848,0.0131777694554506,0.00860377926554057,0.0192102328996851,1.41597016990883,0.755955676075785,2.43617308746119
"American Samoa","East Asia & Pacific",27460.8687157631,"[60,70)",10.3147766213107,5.40749916583222,4.19168411501243,6.60462545411779,0.214656424925547,0.149216042305632,0.292381141073714,0.0116878993973128,0.00817563449856073,0.0157542694307807,0.766224271089357,0.423562087015502,1.27371107253823
"American Samoa","East Asia & Pacific",27460.8687157631,"[70,80)",3.73609771700242,1.9586410864602,1.51826278236002,2.3922501656318,0.0777503390085368,0.054047289191549,0.105902876403858,0.0101925672413831,0.0072676206756037,0.0137092700656892,0.314768389409297,0.187671497918458,0.514478415699675
"American Samoa","East Asia & Pacific",27460.8687157631,"[80,90)",1.15398859439836,0.604976005849373,0.468953990729319,0.738907174061181,0.0240151653470255,0.0166938768762287,0.032710790975265,0.00682739222097536,0.004918811241811,0.00901121047851822,0.103826076255409,0.0571328714376,0.173079992653799
"Angola","Sub-Saharan Africa",15840043.5706654,"[0,10)",45736.541614489,23977.2822726405,18586.2614382722,29285.4356444597,951.803695985148,661.635823926712,1296.44128195483,23.8671168593978,13.5522307449124,38.9244334393359,3474.77406854663,2073.63056435492,5437.39253118198
"Angola","Sub-Saharan Africa",15840043.5706654,"[10,20)",37006.8593492755,19400.7653687656,15038.7226186141,23695.7574757566,770.133994877402,535.35013825228,1048.99099237311,13.8112443803853,9.19055494768488,20.4607414615827,2291.2207723064,1359.02462871811,3700.19162682611
"Angola","Sub-Saharan Africa",15840043.5706654,"[20,30)",23798.4259081625,12476.272920989,9671.12401013578,15238.3028049534,495.258909800079,344.273759625886,674.586680666539,9.27809340350657,6.19032360616244,13.1311179031899,1397.3806093067,832.424237523821,2224.57980468376
"Angola","Sub-Saharan Africa",15840043.5706654,"[30,40)",15715.9245005992,8239.03917140511,6386.58436342614,10063.0191813559,327.057413994659,227.35034807332,445.481284492388,7.08257832012563,4.42312702703788,10.4890727211568,907.17095424404,506.354328584354,1509.73793081518
"Angola","Sub-Saharan Africa",15840043.5706654,"[40,50)",8222.07719216119,4310.40605049673,3341.25998304059,5264.65499959308,171.106148036673,118.942548461103,233.061790836414,4.17266900880573,2.86261160099078,5.73133456985441,587.208106533716,318.508649569665,995.954603965166
"Angola","Sub-Saharan Africa",15840043.5706654,"[50,60)",3655.83284983211,1916.56240475881,1485.64501650203,2340.855995477,76.0799810292563,52.8861582960339,103.627700283911,2.40723314296027,1.57168500122431,3.50920612751959,258.660643136214,138.093291448947,445.024980741241
"Angola","Sub-Saharan Africa",15840043.5706654,"[60,70)",1629.1263998596,854.065964945405,662.038888707522,1043.1413188588,33.9030559346473,23.5673347787712,46.1789773285206,1.84599881956977,1.29126809878658,2.48824547369835,121.01824732354,66.8978304882475,201.17123329442
"Angola","Sub-Saharan Africa",15840043.5706654,"[70,80)",416.389942470094,218.291519945862,169.211139667031,266.617466751032,8.66531382181565,6.02359717057664,11.8029280691834,1.13596667130731,0.809979926712696,1.52790494423666,35.0810930241674,20.9160814680834,57.3388744465631
"Angola","Sub-Saharan Africa",15840043.5706654,"[80,90)",86.6798915404175,45.4417442478435,35.2246818133033,55.5017562712148,1.80385832035943,1.25393218273097,2.4570154572589,0.512827960424142,0.369468144674558,0.676861756448347,7.7987192183455,4.29143851476772,13.000609420121
"Anguilla","Latin America & Caribbean",7254.83856391907,"[0,10)",16.8903070853675,8.85470668226347,6.86382599514021,10.8149847737283,0.351496989992878,0.244339249324922,0.478770160519256,0.00881402307143125,0.00500478022371537,0.0143746249870816,1.283219041018,0.765782802485948,2.0080055542777
"Anguilla","Latin America & Caribbean",7254.83856391907,"[10,20)",13.8955249158099,7.28469865608149,5.64681652329941,8.89740427026564,0.289173853239741,0.201016009344561,0.393880505595134,0.00518591671329548,0.00345091660063218,0.00768270390340304,0.860319299963184,0.510293521839254,1.38936688624564
"Anguilla","Latin America & Caribbean",7254.83856391907,"[20,30)",10.9270750523367,5.7284952839811,4.44050788514392,6.99668453125919,0.227398706897996,0.15807369884459,0.309737262346487,0.00426004742304967,0.00284229431407849,0.00602916812241877,0.641608938906213,0.382208560932056,1.02141841563373
"Anguilla","Latin America & Caribbean",7254.83856391907,"[30,40)",9.53699941098246,4.99975115824436,3.87561363697456,6.10660912768048,0.198470434526813,0.137964529899545,0.270334382660442,0.00429796829735978,0.00268411571014817,0.00636515404229708,0.550504607982555,0.307274378498909,0.916164350138818
"Anguilla","Latin America & Caribbean",7254.83856391907,"[40,50)",8.38371621036088,4.39514495354528,3.40694630178782,5.36815362231407,0.174469948829366,0.121280857419543,0.237643586673429,0.00425470011920429,0.00291888810118131,0.00584400771451042,0.598752116593546,0.324770257701201,1.01553422120713
"Anguilla","Latin America & Caribbean",7254.83856391907,"[50,60)",7.12107945910377,3.73321038822802,2.89384023971947,4.55967825412934,0.148193752945057,0.103015250144736,0.201853071023149,0.00468897216906276,0.00306143476415065,0.00683546997330266,0.503836763981279,0.268987489737745,0.866849875067467
"Anguilla","Latin America & Caribbean",7254.83856391907,"[60,70)",3.68033159966562,1.92940582097152,1.49560073578563,2.35654272071448,0.0765898140821159,0.0532405631101954,0.104322138243567,0.00417026437555341,0.00291708168747004,0.00562115281255415,0.273390253696312,0.151127745223569,0.454462494071034
"Anguilla","Latin America & Caribbean",7254.83856391907,"[70,80)",1.47500218589043,0.773266681638488,0.599406410743955,0.944454479187102,0.0306956425334951,0.0213377367878237,0.0418101950269927,0.00402400046777619,0.0028692387605265,0.00541238608985789,0.124269785641589,0.0740922456067755,0.203114812628433
"Anguilla","Latin America & Caribbean",7254.83856391907,"[80,90)",0.52839598269168,0.27701044244924,0.214727776315495,0.338335737676459,0.0109962238402022,0.00764390351842916,0.0149778348121443,0.00312617181775928,0.00225225804865658,0.0041261130648528,0.047540575234715,0.0261603796552315,0.0792510196777581
"Antigua and Barbuda","Latin America & Caribbean",70073.0731649399,"[0,10)",181.883955974447,95.3522675593441,73.9133882413471,116.461601586465,3.78510957378631,2.63117710308205,5.15565586567714,0.0949141644482468,0.0538941785528952,0.154793731403767,13.8183962187572,8.24636312586688,21.6232891435759
"Antigua and Barbuda","Latin America & Caribbean",70073.0731649399,"[10,20)",154.425515926454,80.9572402014267,62.7549200361901,98.8797654760583,3.21368366791094,2.2339566976122,4.37732296249536,0.0576327896106399,0.0383511655515411,0.0853804027686167,9.56100993400702,5.67105891007365,15.4404888998113
"Antigua and Barbuda","Latin America & Caribbean",70073.0731649399,"[20,30)",131.313626425131,68.8408824956279,53.3627883742726,84.0810568566369,2.7327119749924,1.8996145389592,3.72219674184554,0.0511941460257528,0.0341566221483363,0.0724541495953487,7.71038874639542,4.59310400508196,12.274662305499
"Antigua and Barbuda","Latin America & Caribbean",70073.0731649399,"[30,40)",95.3481991805328,49.9860856382578,38.7472794199294,61.0521358272536,1.98425078027345,1.3793300083003,2.70272603074418,0.0429698608155895,0.0268350230849433,0.063636994120061,5.50378801022853,3.07204157006132,9.15954978864159
"Antigua and Barbuda","Latin America & Caribbean",70073.0731649399,"[40,50)",71.7320569813794,37.6053745544854,29.1502312483242,45.930550588622,1.49278529913738,1.03769320870115,2.03330633728405,0.0364037121166231,0.0249743481700217,0.0500020138872087,5.12299317719402,2.77877233040036,8.68902963725615
"Antigua and Barbuda","Latin America & Caribbean",70073.0731649399,"[50,60)",65.3228865462581,34.245380920693,26.5456941953549,41.8267127887684,1.35940678180727,0.944976605918382,1.8516329347515,0.0430127481061415,0.0280830675905072,0.0627029416145007,4.62178128476115,2.46746850325314,7.9517629829673
"Antigua and Barbuda","Latin America & Caribbean",70073.0731649399,"[60,70)",29.2864738886949,15.3533701152669,11.901338428439,18.7523392903153,0.609468339879939,0.4236651831829,0.830150081574339,0.0331851452610129,0.0232128639384134,0.0447306827146195,2.17552041425511,1.20260869013801,3.61641433810251
"Antigua and Barbuda","Latin America & Caribbean",70073.0731649399,"[70,80)",9.87260990349173,5.17569422758229,4.01199789636571,6.32150293322506,0.205454681605969,0.142819552096052,0.279847548321582,0.0269337816918827,0.0192046325582602,0.0362266422540891,0.831773083569579,0.495920510997625,1.35950531455708
"Antigua and Barbuda","Latin America & Caribbean",70073.0731649399,"[80,90)",3.92204548655784,2.05612379943353,1.59382760945061,2.51131385620216,0.0816200188766573,0.0567372544004217,0.11117372453162,0.0232041659468888,0.016717497489854,0.0306262796333105,0.35287228638238,0.194176720327771,0.588244638895419
"Argentina","Latin America & Caribbean",21296714.8485226,"[0,10)",64640.8762278684,33887.8384975094,26268.541143687,41390.0166901343,1345.21375542555,935.110480430849,1832.30077057232,33.7321382938946,19.1537890550928,55.0131119532423,4911.0062229448,2930.7265464586,7684.83591464039
"Argentina","Latin America & Caribbean",21296714.8485226,"[10,20)",49889.2998959934,26154.3567520571,20273.8453347673,31944.4765580706,1038.22498061539,721.710625172314,1414.15475744018,18.6190702195696,12.3898747437111,27.5833206281329,3088.81656664445,1832.11405832216,4988.26360813526
"Argentina","Latin America & Caribbean",21296714.8485226,"[20,30)",40481.6486295301,21222.4160767023,16450.7957602628,25920.6899750848,842.446355256398,585.617276677207,1147.48685826055,15.7822420088671,10.5298773160372,22.3363218694034,2376.97531113897,1415.97203210763,3784.05943103443
"Argentina","Latin America & Caribbean",21296714.8485226,"[30,40)",30970.2087805042,16236.0644631145,12585.5689318226,19830.4468182529,644.507829891915,448.02249755543,877.876983184184,13.9571126897562,8.71632893660383,20.6700389834357,1787.69463110337,997.834984036196,2975.12875678486
"Argentina","Latin America & Caribbean",21296714.8485226,"[40,50)",22334.553552773,11708.8410287365,9076.24050235194,14300.9748360655,464.794885430802,323.097029646047,633.091970178018,11.3346904020821,7.77603403724702,15.568669070793,1595.09946154524,865.200888361548,2705.42357101659
"Argentina","Latin America & Caribbean",21296714.8485226,"[50,60)",13595.3466344684,7127.33084623465,5524.8310863127,8705.19796367192,282.926970822536,196.673558046552,385.371696180605,8.95204194306329,5.84479741540173,13.0500697584192,961.909706646696,513.542670647352,1654.96321158465
"Argentina","Latin America & Caribbean",21296714.8485226,"[60,70)",9050.22205427811,4744.55918977396,3677.79869744113,5794.92209473636,188.340318193611,130.922691446024,256.536263299523,10.2550049096752,7.17333107279538,13.8228525818888,672.287927438889,371.634896420729,1117.558669729
"Argentina","Latin America & Caribbean",21296714.8485226,"[70,80)",4730.27957813704,2479.83876064579,1922.27505211113,3028.83194215868,98.4398344646068,68.4293633844175,134.083809221421,12.9048264587112,9.20154671196264,17.3573297956792,398.528785125167,237.611197898306,651.381983961876
"Argentina","Latin America & Caribbean",21296714.8485226,"[80,90)",1970.73149673851,1033.15169256071,800.85921519295,1261.873512578,41.0120541732397,28.5090763655343,55.8620651634718,11.6595232879909,8.40013175849648,15.3889530624127,177.309654231016,97.5690312605659,295.578478534221
"Aruba","Latin America & Caribbean",74459.3532161713,"[0,10)",87.0314257463761,45.6260352892563,35.3675370976296,55.726846144695,1.81117394905993,1.25901756120052,2.46697999415951,0.0454164030642563,0.0257883504554256,0.074068760317508,6.61209900567442,3.94588261631701,10.3467382453235
"Aruba","Latin America & Caribbean",74459.3532161713,"[10,20)",94.9858120198493,49.7961049589811,38.6000137484864,60.8200967290194,1.97670929535263,1.37408762837441,2.69245385758513,0.0354494352004815,0.023589473410312,0.0525167543647466,5.88089530971047,3.48821975665143,9.49731245729194
"Aruba","Latin America & Caribbean",74459.3532161713,"[20,30)",90.5916346094272,47.4924670273283,36.8143227610773,58.006473415566,1.88526394001057,1.31052039987842,2.56789715097791,0.0353182034276611,0.0235642280043083,0.0499852149755452,5.31930111920521,3.1687252197602,8.46813657353281
"Aruba","Latin America & Caribbean",74459.3532161713,"[30,40)",60.5094384264545,31.7219412333188,24.5896213919427,38.7446274328481,1.25923616222963,0.875344106384008,1.71519164227992,0.0272693367002268,0.0170299197151737,0.0403850183899295,3.49278879495793,1.94956498208397,5.81279162808784
"Aruba","Latin America & Caribbean",74459.3532161713,"[40,50)",68.3660732076843,35.8407648962544,27.7823741212549,43.7752870355593,1.4227372438333,0.989000076933462,1.9378946562831,0.0346954897479459,0.0238024418531469,0.0476556993595198,4.8825997933592,2.64838010454591,8.28130213021209
"Aruba","Latin America & Caribbean",74459.3532161713,"[50,60)",73.4130511401756,38.4866320790235,29.8333479818748,47.0069032055532,1.52776775292144,1.06201087496997,2.080955550479,0.0483398276369729,0.0315611233091322,0.070468629032874,5.19418359714713,2.77306164796956,8.93657971023286
"Aruba","Latin America & Caribbean",74459.3532161713,"[60,70)",52.5225539324282,27.534834442289,21.3439382238864,33.6305680048077,1.09302450930456,0.759803912126327,1.48879658907414,0.0595144566857477,0.0416301020998662,0.0802202991128897,3.90159254825554,2.15676629516546,6.48570114097339
"Aruba","Latin America & Caribbean",74459.3532161713,"[70,80)",23.749333782871,12.4505364812861,9.65117411792663,15.2068687650124,0.494237274480774,0.343563581120494,0.673195122503194,0.0647913143219879,0.0461982427404736,0.0871460158089232,2.00089508107833,1.19297550096545,3.27039615771547
"Aruba","Latin America & Caribbean",74459.3532161713,"[80,90)",7.32414659186797,3.83966789005716,2.97636197585967,4.68970359575218,0.152419696592638,0.105952868183969,0.207609182102617,0.0433321626481697,0.0312187614051197,0.0571924426594991,0.658964400726629,0.362611491703252,1.09850586432941
"Bangladesh","South Asia",45635413.8941112,"[0,10)",55601.2303004484,29148.8238191933,22595.0403369881,35601.8665652833,1157.09353250537,804.340785782586,1576.06429660924,29.014897372273,16.4752444354906,47.3198521702255,4224.23091924559,2520.8816953974,6610.15686119154
"Bangladesh","South Asia",45635413.8941112,"[10,20)",57175.7386146357,29974.2563717484,23234.8837123549,36610.0355321339,1189.85995471182,827.118002182497,1620.69507771419,21.3384251601244,14.199442391281,31.6119234714791,3539.94481805111,2099.69822645758,5716.81015356454
"Bangladesh","South Asia",45635413.8941112,"[20,30)",60161.2665608405,31539.4128915044,24448.132484139,38521.6904900072,1251.99050576259,870.307368339507,1705.32241378421,23.4545701711005,15.6488378687461,33.1948292489665,3532.51041257379,2104.32810298594,5623.6298624078
"Bangladesh","South Asia",45635413.8941112,"[30,40)",43545.3108185543,22828.5343029868,17695.7964619712,27882.374849059,906.202924770159,629.936951604837,1234.32897608602,19.6242400079528,12.2554954482613,29.0628738909874,2513.56776157935,1402.99456272429,4183.14604714481
"Bangladesh","South Asia",45635413.8941112,"[40,50)",28178.2114645223,14772.3659545122,11450.9664844579,18042.710911024,586.404762394342,407.632792095591,798.735437895169,14.3003217986915,9.81057136150656,19.6420872376697,2012.44452136304,1091.57380441649,3413.27608385275
"Bangladesh","South Asia",45635413.8941112,"[50,60)",19016.8540183193,9969.54427770708,7728.00496148508,12176.6280277114,395.751652873384,275.102389309618,539.048947121253,12.5219076331232,8.17556640546009,18.2541334323577,1345.4968793313,718.331519044817,2314.9239696914
"Bangladesh","South Asia",45635413.8941112,"[60,70)",8065.02535050508,4228.07196475479,3277.43778561721,5164.0935789148,167.837809022115,116.670598703091,228.61002243105,9.13865693792436,6.39245055012908,12.3181128397319,599.103441342649,331.179151493712,995.902525704385
"Bangladesh","South Asia",45635413.8941112,"[70,80)",3538.13613070078,1854.86015623809,1437.81582096205,2265.49394202885,73.6306447147888,51.1835292168108,100.291486393525,9.65250192927743,6.88253714017214,12.9828680669163,298.090011485319,177.727500131015,487.218164227565
"Bangladesh","South Asia",45635413.8941112,"[80,90)",1704.4390539685,893.548459741183,692.644190933408,1091.36455147027,35.4703555162273,24.6568257676934,48.3137787453693,10.0840458863097,7.26507525320293,13.3095414787216,153.350925692895,84.3851471464294,255.638834189275
"Barbados","South Asia",203180.163002968,"[0,10)",294.914261084469,154.608158698414,119.846262198678,188.835716666573,6.13733513270278,4.2663007134441,8.35959627052315,0.153897799972181,0.0873862774730638,0.250989036789278,22.4057261587148,13.3709984196787,35.0609063115464
"Barbados","South Asia",203180.163002968,"[10,20)",273.726596032287,143.500571466821,111.236090374894,175.269102763579,5.69640765558953,3.95979484900763,7.75901383310558,0.102156869771953,0.0679792710247034,0.151340838186674,16.9473463511887,10.0522225361535,27.3690033817504
"Barbados","South Asia",203180.163002968,"[20,30)",225.557327927676,118.247937633114,91.6612257550709,144.425974898584,4.69397752431033,3.26296661789701,6.3936148438522,0.0879361502493555,0.0586708069265502,0.12445444410384,13.2441295718243,7.88957166506156,21.0841791991898
"Barbados","South Asia",203180.163002968,"[30,40)",207.503261790634,108.783132804066,84.324475283745,132.865826856921,4.31826204014366,3.00179214990827,5.88185694041271,0.0935139452507333,0.0584002096338445,0.138491171977583,11.9777192872225,6.68558663532989,19.9336376985806
"Barbados","South Asia",203180.163002968,"[40,50)",189.427633966031,99.3070243073014,76.9789626465906,121.291872712061,3.94209784487669,2.74030576535543,5.3694878525488,0.096133714046741,0.0659514292880121,0.132043657783985,13.5286302556735,7.33808969140053,22.9457009168637
"Barbados","South Asia",203180.163002968,"[50,60)",167.449057816207,87.784803656317,68.0473830399636,107.218832760377,3.48471105362733,2.42235839053646,4.74648636547978,0.110259122418891,0.0719882947194813,0.160733076120534,11.8475003552972,6.32512275415625,20.3835943246745
"Barbados","South Asia",203180.163002968,"[60,70)",127.228842145175,66.6994432383948,51.702827523141,81.4655401837661,2.64770526836961,1.84052306598751,3.60641004741088,0.144165788753692,0.100843338565858,0.194322914795867,9.45108463452525,5.22447706683623,15.7107410985248
"Barbados","South Asia",203180.163002968,"[70,80)",68.3167260257509,35.8148947436628,27.7623205799883,43.743689681021,1.4217103006388,0.988286208717273,1.93649586832169,0.186377037345612,0.132892683265431,0.250681999785101,5.755723605135,3.43168280845297,9.40753792695682
"Barbados","South Asia",203180.163002968,"[80,90)",28.0827126991307,14.7223009348659,11.4121580184493,17.9815623665719,0.584417378244752,0.406251283960227,0.796028443936751,0.166146957739987,0.119700977631455,0.219290932482359,2.52664357716536,1.39034824264878,4.21196165305115
"Belize","Latin America & Caribbean",164628.795076497,"[0,10)",330.118982329569,173.064157093272,134.152638016032,211.377552188259,6.8699655987238,4.77558068794337,9.35750412124269,0.172269000904723,0.0978178162117246,0.2809502839777,25.0803589174394,14.9671310393849,39.2462225073781
"Belize","Latin America & Caribbean",164628.795076497,"[10,20)",291.986511886614,153.073292561569,118.656493359667,186.961057855691,6.0764069905856,4.22394718857329,8.27660672235611,0.108971610732518,0.0725140724898964,0.161436572436356,18.0778799668931,10.7227921494821,29.1947510657956
"Belize","Latin America & Caribbean",164628.795076497,"[20,30)",258.296286822918,135.411265489432,104.965573389678,165.388965101794,5.37529405982482,3.73657628051074,7.32162855765187,0.100699814524287,0.0671866957871195,0.142518627463701,15.1664746254697,9.03471895341011,24.1444835683014
"Belize","Latin America & Caribbean",164628.795076497,"[30,40)",185.3419760002,97.1651270221521,75.3186467499414,118.675796611858,3.85707295634911,2.68120165343349,5.25367639274282,0.0835266840953717,0.052163084854463,0.123700356569853,10.6985024790089,5.97156799859281,17.8047312029954
"Belize","Latin America & Caribbean",164628.795076497,"[40,50)",120.341568374886,63.0888049730203,48.9040004502391,77.0555693891736,2.5043771460757,1.74089010523539,3.41118439805618,0.0610728312436306,0.0418983137302345,0.0838860758538064,8.59460971372127,4.66181836224107,14.5771848488147
"Belize","Latin America & Caribbean",164628.795076497,"[50,60)",76.160138015699,39.9267863870839,30.9496998760012,48.7658826356331,1.58493620836249,1.10175089518412,2.15882407102793,0.0501486845636934,0.0327421278617662,0.0731055368162422,5.38854786027436,2.87682850059103,9.27098293217735
"Belize","Latin America & Caribbean",164628.795076497,"[60,70)",36.4739344106782,19.1213806310523,14.8221543804812,23.3545218151295,0.759043520863974,0.52764071776719,1.03388478044295,0.0413294142633622,0.028909744477655,0.0557084473084238,2.7094347103788,1.4977518513329,4.50395154674817
"Belize","Latin America & Caribbean",164628.795076497,"[70,80)",13.4075440785951,7.02887576557612,5.44851251741744,8.58494664011864,0.279018691785999,0.19395676105219,0.380048272552667,0.036577548264057,0.0260809411143683,0.0491977610367661,1.12959332844741,0.673487170634427,1.84628255427793
"Belize","Latin America & Caribbean",164628.795076497,"[80,90)",3.7668598783149,1.97476808249158,1.53076380566387,2.41194739816404,0.0783905172511444,0.0544923020243362,0.106774856104112,0.0222860346762088,0.0160560275948326,0.0294144737403388,0.338910005582219,0.186493629309587,0.564969258129056
"Benin","Sub-Saharan Africa",3353821.83643985,"[0,10)",13092.3292580683,6863.62508282889,5320.41658237907,8383.11232963388,272.458890353359,189.396787557668,371.113239609872,6.83208964503428,3.87939841602499,11.1423269180919,994.672631487255,593.587821680163,1556.4826462752
"Benin","Sub-Saharan Africa",3353821.83643985,"[10,20)",8480.12198080975,4445.68546861631,3446.12335345088,5429.88292860994,176.476208275062,122.675486508465,240.376290463805,3.16484670982309,2.10601570622685,4.68857899489462,525.033249937319,311.420499580434,847.89892737738
"Benin","Sub-Saharan Africa",3353821.83643985,"[20,30)",6156.42378834932,3227.49175500597,2501.82672357565,3942.00230908165,128.118714466716,89.0603089315376,174.509083255572,2.40015348747429,1.6013771521539,3.3968938508278,361.488917700358,215.340140464184,575.477390037769
"Benin","Sub-Saharan Africa",3353821.83643985,"[30,40)",3851.40305469186,2019.08965847129,1565.12017637962,2466.08100039035,80.1499093019072,55.7153239710115,109.171304547602,1.73568305041082,1.08394800080481,2.57049126938782,222.314696419546,124.089079696958,369.982006359475
"Benin","Sub-Saharan Africa",3353821.83643985,"[40,50)",2091.05089421914,1096.22887449073,849.75420591,1338.91488578456,43.5159699302739,30.2496457412749,59.2726211086203,1.06119938529186,0.72802363784187,1.45760152784615,149.33963858071,81.0035932445575,253.292655438524
"Benin","Sub-Saharan Africa",3353821.83643985,"[50,60)",1115.44555504741,584.769901462362,453.291000465634,714.227789511988,23.2130625641357,16.1363039881744,31.6182556504963,0.734480382329611,0.479542998972411,1.07070769848425,78.9209672606461,42.1341878734057,135.783324085967
"Benin","Sub-Saharan Africa",3353821.83643985,"[60,70)",509.984009518282,267.358005636331,207.245580790531,326.546419192303,10.6130601050748,7.37755148107182,14.4559317284911,0.577874055476199,0.404220373839,0.77892384743858,37.8837216070239,20.9417905347376,62.9749245755686
"Benin","Sub-Saharan Africa",3353821.83643985,"[70,80)",186.276729110828,97.655169303391,75.6985085646103,119.274325733178,3.87652570537915,2.69472401701163,5.28017276693892,0.508187480837722,0.362353640192224,0.683525480265673,15.6939219602883,9.35704454958111,25.6511910913154
"Benin","Sub-Saharan Africa",3353821.83643985,"[80,90)",50.8348090893551,26.6500378862299,20.6580781700402,32.5498928763142,1.057901569904,0.735388588833257,1.44095602197553,0.300756161556672,0.216680504155589,0.396956405429895,4.57368364866056,2.51678277095214,7.6244153767655
"Bermuda","North America",8464.95821762085,"[0,10)",15.8822867443052,8.40652879719765,6.55506006079552,10.2217140586939,0.332490564568116,0.232321171820888,0.458777701734351,0.00835766886167709,0.00468223609660297,0.0135425138504093,1.21034444054245,0.73772873586515,1.90582820829703
"Bermuda","North America",8464.95821762085,"[10,20)",13.6601538891384,7.2303490606835,5.63792422493054,8.79156693872143,0.285970927978335,0.199816500600343,0.394588896894433,0.00518358402292681,0.00336321404460394,0.00775504734424174,0.851858331567901,0.490920341931448,1.31057764650105
"Bermuda","North America",8464.95821762085,"[20,30)",11.9520859088332,6.32626497662328,4.93295721488477,7.69226790398067,0.250213074198492,0.174831411165629,0.345249433690783,0.00466755862568488,0.00297569084235292,0.00720574776390438,0.706179908874641,0.39827696586561,1.13936433433006
"Bermuda","North America",8464.95821762085,"[30,40)",9.53707244071142,5.0479931136206,3.93621420262021,6.13798434793755,0.199655544015168,0.139505342073063,0.275489055579005,0.00427658829351155,0.00295098085198453,0.00603357488770075,0.551216942147602,0.323255953614991,0.873840755242511
"Bermuda","North America",8464.95821762085,"[40,50)",7.37226014244436,3.90215327211069,3.04273614974615,4.74472828475987,0.154335894847337,0.107839138206922,0.212956019444185,0.00376015561688266,0.00262837366613586,0.00526599239266177,0.528682593225373,0.282699455883156,0.876966773657545
"Bermuda","North America",8464.95821762085,"[50,60)",8.55685317053673,4.52916092937949,3.53165053416434,5.5071229829556,0.179134968874577,0.125166998158572,0.247174320351868,0.00570219418537595,0.00372836711976195,0.00846669030191645,0.610994052875707,0.318987061215332,1.03181818980225
"Bermuda","North America",8464.95821762085,"[60,70)",6.70239283789521,3.54759105593532,2.76626334171948,4.31360698877745,0.140312438284627,0.0980405267309545,0.193606149529625,0.0076353894682963,0.00542384255848805,0.0103728138383958,0.501442657710271,0.270432188667803,0.8320944931549
"Bermuda","North America",8464.95821762085,"[70,80)",3.3771446173429,1.78752996561869,1.39384121172681,2.17350354952594,0.0706994363296666,0.04939982557556,0.0975526176370446,0.0092504239642264,0.00665951504999866,0.0124568137380471,0.285754406597402,0.168317120467866,0.454949709055459
"Bermuda","North America",8464.95821762085,"[80,90)",1.48604046181631,0.786564437299244,0.613330097661848,0.956403880932458,0.0311097790938406,0.021737339655211,0.0429259488090273,0.00883421009337148,0.00646391350303922,0.0117924259781098,0.134555874130595,0.0730526613485264,0.225337204431559
"Bhutan","South Asia",358176.296155713,"[0,10)",592.896264032066,310.824574383371,240.93918298326,379.635730451712,12.3385117352803,8.57698011936377,16.8061503007139,0.30939646767413,0.175681559958911,0.504588898746906,45.0445200024514,26.8810839470919,70.4865213681215
"Bhutan","South Asia",358176.296155713,"[10,20)",561.736675931894,294.489228224615,228.276654722592,359.684022696739,11.6900628129918,8.12621801496925,15.9229051991872,0.20964444552014,0.139505807222276,0.310578879100594,34.7790318630943,20.6289858385573,56.1661643628512
"Bhutan","South Asia",358176.296155713,"[20,30)",549.138219207554,287.884514741349,223.156936393842,351.617140492788,11.42788169368,7.94396570640437,15.5657911977826,0.214087927869862,0.142838996769135,0.302994774922863,32.2439434570609,19.2078234578638,51.3312013636219
"Bhutan","South Asia",358176.296155713,"[30,40)",441.705381151263,231.563083507237,179.498742208534,282.827123715427,9.19214263859241,6.38981640225933,12.5205157708006,0.199060065241818,0.124314608999536,0.294801611196672,25.4965778245143,14.2313887863496,42.432080158174
"Bhutan","South Asia",358176.296155713,"[40,50)",293.694107021677,153.968495589946,119.350420108186,188.054443268523,6.11194302596184,4.24864967097006,8.32500996291201,0.149048503169806,0.102253012013123,0.204724323208818,20.9751813870988,11.3771874464067,35.5756813283811
"Bhutan","South Asia",358176.296155713,"[50,60)",170.364904378316,89.31342986231,69.2323149260264,109.085870228219,3.54539149505934,2.46453972901252,4.82913852328453,0.11217910146947,0.0732418510213644,0.163531975042604,12.0538048495183,6.4352642364563,20.7385406839443
"Bhutan","South Asia",358176.296155713,"[60,70)",76.5318171394448,40.1216383577471,31.1007415840367,49.0038714444634,1.5926710643707,1.10712769488509,2.16935963280535,0.0867198788940627,0.060660175921801,0.116890836467659,5.68509992564082,3.14267360125855,9.45046378324726
"Bhutan","South Asia",358176.296155713,"[70,80)",31.0092473428203,16.2565303443361,12.6014332910367,19.8554434897109,0.645320244792271,0.448587238798014,0.878983564530044,0.0845973158592769,0.0603205441062194,0.113785606950762,2.61254698946295,1.55765516294372,4.27012076594548
"Bhutan","South Asia",358176.296155713,"[80,90)",10.6700062230545,5.59372751043251,4.33604112180745,6.83208151602474,0.222048956934481,0.154354879260424,0.302450427119757,0.0631274155036348,0.0454802992117235,0.0833194299751043,0.959996385699219,0.52826180149379,1.60033176035426
"Bolivia","Latin America & Caribbean",4342969.24787555,"[0,10)",16717.0830651061,8763.89436713002,6793.43180235002,10704.068191093,347.892098654396,241.833348937097,473.859977917651,8.72362800025858,4.95345207754876,14.2272013601796,1270.05857211488,757.929068683288,1987.41180230735
"Bolivia","Latin America & Caribbean",4342969.24787555,"[10,20)",12673.0043531104,6643.79491519464,5150.0127425606,8114.61558535067,263.73249827672,183.330732513031,359.227117525666,4.72966264179673,3.14730687519937,7.00678388196106,784.628885886378,465.398181271656,1267.13115942999
"Bolivia","Latin America & Caribbean",4342969.24787555,"[20,30)",9349.52803747182,4901.46969921773,3799.42965285021,5986.56986256943,194.569047585428,135.252523868986,265.020346679047,3.64502235337399,2.43195093407369,5.15873425717262,548.979551679146,327.028929469267,873.955753869868
"Bolivia","Latin America & Caribbean",4342969.24787555,"[30,40)",5945.90386241358,3117.12714259773,2416.27634649669,3807.20489053538,123.737673913341,86.0148769917217,168.541716396974,2.67959608662386,1.67342927061069,3.96839638695677,343.21565241061,191.572195321042,571.188579693417
"Bolivia","Latin America & Caribbean",4342969.24787555,"[40,50)",3510.99208428662,1840.62994905758,1426.78511498085,2248.1134144172,73.0657615209794,50.790856905351,99.5220652460487,1.78181346609496,1.22239264319335,2.44739496320246,250.749654337275,136.009589946695,425.292617559502
"Bolivia","Latin America & Caribbean",4342969.24787555,"[50,60)",1881.5416419054,986.394105526365,764.614542966911,1204.76460880758,39.1559620753701,27.2188344494356,53.3339026558682,1.23892682907058,0.808896604202649,1.80607750139915,133.124459233733,71.0722533008871,229.040294605167
"Bolivia","Latin America & Caribbean",4342969.24787555,"[60,70)",1009.16454547757,529.052313802215,410.100882453677,646.175296776076,21.0012937213083,14.5988173122639,28.6056297843874,1.14350645834713,0.799877765232922,1.54134701439853,74.9649165130944,41.4399513161938,124.615791769271
"Bolivia","Latin America & Caribbean",4342969.24787555,"[70,80)",460.891477745428,241.621352836519,187.295523396863,295.112118978357,9.59141632665958,6.66736709542317,13.0643620430857,1.25737272783909,0.896546259384161,1.69119927207262,38.8303730606909,23.1514806512434,63.4669473983131
"Bolivia","Latin America & Caribbean",4342969.24787555,"[80,90)",165.493481989243,86.7595972906085,67.2526827347092,105.966663531861,3.4440143976455,2.39406855973923,4.69105390070274,0.979116186277867,0.705406624993146,1.29229752032812,14.8896955864166,8.19342398715964,24.8213983968215
"Botswana","Sub-Saharan Africa",488600.496420048,"[0,10)",1320.66412512656,692.355289615467,536.687030441611,845.630711878927,27.4837788577403,19.1050452376519,37.4353510556737,0.689174211554828,0.391327029295391,1.12396130139237,100.33573360072,59.8770566911848,157.00726370374
"Botswana","Sub-Saharan Africa",488600.496420048,"[10,20)",1031.34055224796,540.678037025794,419.112693249639,660.374752970196,21.4627891571496,14.9196207659794,29.2342276107902,0.38490422200005,0.256130679065478,0.570218407328981,63.8538081367542,37.8745247704506,103.12027940055
"Botswana","Sub-Saharan Africa",488600.496420048,"[20,30)",1222.62783964446,640.959980591472,496.847375581696,782.857375112284,25.4435874578519,17.6868287256471,34.6564289259726,0.476655697218111,0.318023637635068,0.6746021932731,71.7894722159639,42.7652253606557,114.286264613171
"Botswana","Sub-Saharan Africa",488600.496420048,"[30,40)",956.735004910095,501.566241413809,388.794742687156,612.604285895993,19.9102048735429,13.8403589538717,27.1194697384764,0.431164619276656,0.269265766564971,0.638541056938502,55.2256539110935,30.8252251419208,91.9079960327082
"Botswana","Sub-Saharan Africa",488600.496420048,"[40,50)",481.296366677557,252.318571392994,195.587593302545,308.177515717163,10.016053783192,6.96254913202177,13.6427560237301,0.244255847561358,0.167568916049514,0.335495573711506,34.3734462171836,18.6445653829918,58.3002714595314
"Botswana","Sub-Saharan Africa",488600.496420048,"[50,60)",193.950485479227,101.678119356927,78.8169437816598,124.187886976445,4.03622098219077,2.80573442440567,5.49769193634863,0.127709349939309,0.0833815662611255,0.186171594828347,13.7225522531594,7.3261721796656,23.6096163611833
"Botswana","Sub-Saharan Africa",488600.496420048,"[60,70)",83.658205018437,43.8576316735335,33.9967390415165,53.5669487179223,1.74097528858209,1.21021973791015,2.37136317551792,0.0947949451464724,0.0663086494401941,0.127775321787674,6.21447749323636,3.43530889853408,10.330459490563
"Botswana","Sub-Saharan Africa",488600.496420048,"[70,80)",23.367634853442,12.2504316493287,9.49606059507058,14.9624642027354,0.486293900562249,0.338041832497842,0.662375540787534,0.0637499893088696,0.0454557452895238,0.0857454063753122,1.96873672592909,1.17380201695463,3.2178344006733
"Botswana","Sub-Saharan Africa",488600.496420048,"[80,90)",8.05507804130044,4.22285710958137,3.27339543167092,5.15772424548326,0.167630799805155,0.116526698532917,0.228328057467324,0.0476566037354954,0.0343343154477799,0.0629001049086553,0.724727394203889,0.398799208577435,1.20813399281552
"Brazil","Latin America & Caribbean",200505586.219754,"[0,10)",329574.526775829,172778.727455698,133931.384005429,211028.933392052,6858.63516598761,4767.70446280317,9342.07106419157,171.984882694925,97.656488156866,280.486920915822,25038.9946171922,14942.4461892123,39181.494863858
"Brazil","Latin America & Caribbean",200505586.219754,"[10,20)",311246.744344066,163170.427455623,126483.40162994,199293.522843629,6477.22348854156,4502.57034898667,8822.55443891843,116.15967753879,77.2972999190262,172.085372246211,19270.3465923223,11430.0969768783,31120.5170487224
"Brazil","Latin America & Caribbean",200505586.219754,"[20,30)",298851.354868243,156672.17153487,121446.205084369,191356.666055418,6219.26831528624,4323.25566013553,8471.19655187445,116.510679947157,77.7356705823133,164.895459533607,17547.7609304691,10453.259058778,27935.4059469222
"Brazil","Latin America & Caribbean",200505586.219754,"[30,40)",264614.390938794,138723.517803811,107533.103219145,169434.492484255,5506.77743475503,3827.97549599138,7500.72060769254,119.251791288822,74.4737011341533,176.608101516128,15274.3473363911,8525.66085135252,25419.9734177025
"Brazil","Latin America & Caribbean",200505586.219754,"[40,50)",198831.607449053,104237.036912702,80800.5176558713,127313.30438393,4137.79993345024,2876.3459101497,5636.05150181991,100.906190368132,69.2255317999143,138.598852664498,14200.2475774037,7702.38290157884,24084.8206875843
"Brazil","Latin America & Caribbean",200505586.219754,"[50,60)",142172.946878339,74533.8575786663,57775.7623740682,91034.3576320994,2958.70066977331,2056.70808345813,4030.01344229006,93.6157214555323,61.1218010688888,136.470729611147,10059.1431246127,5370.35772582648,17306.7302432506
"Brazil","Latin America & Caribbean",200505586.219754,"[60,70)",85703.8855726472,44930.0752461453,34828.0558017609,54876.812649577,1783.54707568208,1239.8130453881,2429.34973564144,97.1129506054805,67.9300841184285,130.899791061565,6366.43910608341,3519.31195131159,10583.0685453622
"Brazil","Latin America & Caribbean",200505586.219754,"[70,80)",39239.4952846895,20571.2198925616,15946.0136757705,25125.3302789473,816.59643082256,567.647987291833,1112.27696223598,107.050517545892,76.3303823487973,143.985751671066,3305.95012967307,1971.0766193638,5403.46503118747
"Brazil","Latin America & Caribbean",200505586.219754,"[80,90)",15121.7833747857,7927.56198094563,6145.13929771308,9682.5863569767,314.692995970824,218.755359483676,428.639847522705,89.4656556238432,64.4557480214143,118.08225268621,1360.52942066281,748.665029838789,2268.02775012243
"British Virgin Islands","Latin America & Caribbean",8870.9388999939,"[0,10)",12.8409763456216,6.73185386622522,5.21827263403719,8.22216925694701,0.267228091901653,0.185760655802783,0.363988426921099,0.00670092386112166,0.00380491983614905,0.0109284111001277,0.975576421949038,0.582191833630116,1.52660053449796
"British Virgin Islands","Latin America & Caribbean",8870.9388999939,"[10,20)",10.8384281268921,5.68202232649553,4.40448384673061,6.93992326907042,0.225553913472487,0.156791311075758,0.307224489635479,0.004044984691809,0.00269169475600704,0.00599246409054234,0.671044019950621,0.398025961133764,1.08369804161368
"British Virgin Islands","Latin America & Caribbean",8870.9388999939,"[20,30)",12.9714423670797,6.80025039366401,5.27129097556533,8.3057075862638,0.269943164730532,0.187648008684195,0.367686597577212,0.00505706782139275,0.0033740645789253,0.00715717668697308,0.761648779143818,0.453716689652868,1.2125175353521
"British Virgin Islands","Latin America & Caribbean",8870.9388999939,"[30,40)",12.9969234009642,6.81360877014984,5.28164587212672,8.3220232750246,0.270473439678584,0.188016623455962,0.368408879216106,0.00585722640144349,0.00365788491545336,0.00867436559006252,0.750221942300615,0.41875032054949,1.24853922793959
"British Virgin Islands","Latin America & Caribbean",8870.9388999939,"[40,50)",10.1184488226772,5.30457474523482,4.11190108673366,6.47891535647725,0.210570730691404,0.146375917096703,0.286816062168337,0.00513506950042077,0.00352285539370056,0.00705323170475725,0.722644051540562,0.391970714325485,1.2256654193832
"British Virgin Islands","Latin America & Caribbean",8870.9388999939,"[50,60)",8.13293947565157,4.26367579686485,3.30503649861051,5.20757948036515,0.169251140967257,0.117653060790546,0.23053510623406,0.00535524523676663,0.00349644513707287,0.00780674670178457,0.575428757760779,0.307208898076228,0.990023718860051
"British Virgin Islands","Latin America & Caribbean",8870.9388999939,"[60,70)",4.67257202485575,2.44958570159397,1.89882405134921,2.99188138188101,0.0972389071412783,0.0675945520232112,0.132448039403382,0.0052945937423774,0.00370354516107458,0.00713665077944772,0.347097976553435,0.191872730863527,0.576988425807995
"British Virgin Islands","Latin America & Caribbean",8870.9388999939,"[70,80)",1.93538211310382,1.01461985522335,0.786494051961893,1.23923904869066,0.0402764131998164,0.0279977036700739,0.054860056733933,0.00527997761830705,0.00376478992944332,0.00710170827387576,0.163057060274651,0.0972180300739573,0.266511317086757
"British Virgin Islands","Latin America & Caribbean",8870.9388999939,"[80,90)",0.563665995819305,0.295500669971229,0.229060685227734,0.360919380058836,0.0117302130677936,0.00815412802102272,0.0159775934169632,0.0033348413093211,0.00240259448864664,0.00440152784227427,0.0507138709590348,0.0279065642669379,0.0845409624403306
"Cambodia","East Asia & Pacific",13019770.0797767,"[0,10)",38950.1045197706,20419.5074146912,15828.4120333039,24940.0312964932,810.574042817024,563.461590803926,1104.0739341754,20.3256884636119,11.5413362129498,33.1487842612632,2959.18336574893,1765.94303735961,4630.58639609658
"Cambodia","East Asia & Pacific",13019770.0797767,"[10,20)",28174.39944895,14770.3675136555,11449.4173704338,18040.2700501111,586.325432161168,407.577646560425,798.627383062405,10.514902450582,6.99703705763583,15.5773581735087,1744.37308109357,1034.66501680355,2817.06361374597
"Cambodia","East Asia & Pacific",13019770.0797767,"[20,30)",27657.116964463,14499.1832984216,11239.2058600149,17709.0503650475,575.56048660072,400.09451358305,783.964569835864,10.7824490350003,7.19402638998866,15.2602052389573,1623.95273975714,967.394002867806,2585.27450900938
"Cambodia","East Asia & Pacific",13019770.0797767,"[30,40)",22405.1133842989,11745.8318666505,9104.91436857546,14346.1548022872,466.263276045041,324.117765159049,635.092048784944,10.0971451160599,6.3057481950974,14.95355005076,1293.29127841034,721.874563862306,2152.32960168529
"Cambodia","East Asia & Pacific",13019770.0797767,"[40,50)",9349.04487986703,4901.21640489632,3799.23330889324,5986.2604932896,194.558992798211,135.245534394736,265.006651164642,4.74460029022192,3.25497848120496,6.51690599137005,667.694405379625,362.165373768515,1132.46617286173
"Cambodia","East Asia & Pacific",13019770.0797767,"[50,60)",7622.0677234817,3995.85239407799,3097.43015995701,4880.46463318564,158.619606427801,110.262667010516,216.054010682931,5.01885474405524,3.27681543751714,7.31636479519014,539.283118338984,287.911527363924,927.835237873815
"Cambodia","East Asia & Pacific",13019770.0797767,"[60,70)",3230.87712824809,1693.78029377896,1312.95294442485,2068.75379892064,67.2364084250354,46.7386465022357,91.5819678997668,3.66097766596561,2.56083786203791,4.9346787278947,240.002916539806,132.671516754332,398.962005998071
"Cambodia","East Asia & Pacific",13019770.0797767,"[70,80)",1215.87786925756,637.421323325626,494.104345394388,778.535320658891,25.303116697815,17.5891820287004,34.4650952581295,3.31707516195815,2.36517880713115,4.46155302648787,102.438412379555,61.0759242112513,167.432162444031
"Cambodia","East Asia & Pacific",13019770.0797767,"[80,90)",304.431178347971,159.597381834604,123.713714920329,194.929467051182,6.33538764620801,4.4039747301626,8.62936140758467,1.8011192389288,1.2976207127909,2.37722750262286,27.3901275030881,15.0720964302248,45.6598499914334
"Cameroon","Sub-Saharan Africa",9011252.79968371,"[0,10)",26842.2972982173,14072.0158640417,10908.0821937452,17187.3154883965,558.603621422083,388.307136090184,760.867811415133,14.0073609367154,7.95366229863212,22.8443423499325,2039.30851130461,1216.99206215128,3191.14873352943
"Cameroon","Sub-Saharan Africa",9011252.79968371,"[10,20)",20914.4730090214,10964.3668983045,8499.15296320119,13391.6870782694,435.242193809904,302.553802558022,592.838575941555,7.80544209624266,5.19405366386614,11.5634137175495,1294.8862952092,768.054474649079,2091.1679420582
"Cameroon","Sub-Saharan Africa",9011252.79968371,"[20,30)",18416.8624868777,9655.00002484619,7484.18242767568,11792.449146646,383.265484548732,266.422767343433,522.041675414076,7.18002825111975,4.79049912981278,10.1617642131146,1081.38944242543,644.187257274105,1721.53320190366
"Cameroon","Sub-Saharan Africa",9011252.79968371,"[30,40)",11344.0511663844,5947.09410309913,4609.95723123855,7263.67732787571,236.07621928696,164.105775714353,321.556805948998,5.11233881598034,3.19269663761888,7.5712108207311,654.813130542194,365.49611902005,1089.75735626279
"Cameroon","Sub-Saharan Africa",9011252.79968371,"[40,50)",5832.80692590032,3057.83632009071,2370.31639509457,3734.78811088986,121.384061716659,84.3787894754362,165.335887268172,2.96012456770116,2.03075942759822,4.06585430815101,416.570099098569,225.952568158847,706.538113924392
"Cameroon","Sub-Saharan Africa",9011252.79968371,"[50,60)",2634.47636000585,1381.1184907004,1070.589612847,1686.87410928684,54.8249659446203,38.1109693811158,74.6764794381323,1.73470699253732,1.13259198414703,2.52881380661663,186.396746677726,99.5131688841725,320.695130092915
"Cameroon","Sub-Saharan Africa",9011252.79968371,"[60,70)",1140.6974396669,598.008146945398,463.552776122021,730.396752354844,23.7385687843919,16.5016038314976,32.3340418580284,1.2925492627784,0.904132554930266,1.74224372114716,84.7357239357458,46.8411683487487,140.858014929568
"Cameroon","Sub-Saharan Africa",9011252.79968371,"[70,80)",469.382931749405,246.072979093586,190.746251819648,300.549257882681,9.76812836084435,6.79020651370741,13.3050595494115,1.28053853410769,0.913064207082475,1.72235788863158,39.545782962421,23.5780229992071,64.6362609799872
"Cameroon","Sub-Saharan Africa",9011252.79968371,"[80,90)",95.668516349704,50.1540112161629,38.8774488301914,61.2572372081723,1.9909167645115,1.38396379359891,2.71180569411123,0.566007746947235,0.407781650522847,0.747051696333447,8.60743920865598,4.73645673082515,14.3487606267369
"Cayman Islands","Latin America & Caribbean",6427.99875921011,"[0,10)",9.77274454766873,5.12334003241797,3.97141495007305,6.2575584296,0.203376426201912,0.141374875812073,0.277016779633005,0.00509980046419517,0.0028957696503912,0.00831716896899909,0.742471514768229,0.443082512938822,1.16183354352725
"Cayman Islands","Latin America & Caribbean",6427.99875921011,"[10,20)",8.17345765927172,4.28491736633077,3.32150214133696,5.23352356395678,0.170094347636648,0.118239206591195,0.231683628707791,0.00305039722770053,0.00202985643880594,0.00451902720074583,0.506046616756653,0.300158685607358,0.817236591400913
"Cayman Islands","Latin America & Caribbean",6427.99875921011,"[20,30)",7.89667222580669,4.13981320600563,3.20902301092854,5.05629586564528,0.164334283817494,0.114235161863346,0.223837909518692,0.00307860960093085,0.00205404158569884,0.00435710052589436,0.463671702026658,0.27621076208608,0.73814871729443
"Cayman Islands","Latin America & Caribbean",6427.99875921011,"[30,40)",7.10444436810598,3.7244894780235,2.88708012757675,4.54902668604704,0.147847567148408,0.102774602912787,0.201381535180313,0.00320170688375141,0.00199949165545167,0.00474162583420628,0.410090133516654,0.228899429864278,0.682482862493192
"Cayman Islands","Latin America & Caribbean",6427.99875921011,"[40,50)",6.71304623205567,3.51929985813124,2.72802507386497,4.29841165220217,0.139702347170159,0.0971125432316728,0.190287021180264,0.00340684225074953,0.00233722495821264,0.00467943964032505,0.479435436431673,0.260051473599551,0.813163042037733
"Cayman Islands","Latin America & Caribbean",6427.99875921011,"[50,60)",6.34214352368543,3.32485492153676,2.57729888288973,4.0609199877058,0.13198364881178,0.0917469753424853,0.179773467558892,0.00417607114841903,0.00272656115890148,0.00608777529748049,0.448724815953767,0.23956441938191,0.772029908209812
"Cayman Islands","Latin America & Caribbean",6427.99875921011,"[60,70)",4.48249109604051,2.34993618888563,1.82157960494642,2.8701711997912,0.0932832138554239,0.0648447955372598,0.12706003335112,0.00507920887706192,0.00355288439000857,0.00684633075836056,0.332977978954211,0.184067319474929,0.553516450349979
"Cayman Islands","Latin America & Caribbean",6427.99875921011,"[70,80)",1.92538002256323,1.00937628105394,0.782429436161172,1.2328346383768,0.0400682639517961,0.0278530110199039,0.0545765389465155,0.0052526905963629,0.00374533342548701,0.00706500651422469,0.162214378372661,0.0967156054972324,0.265133981672968
"Cayman Islands","Latin America & Caribbean",6427.99875921011,"[80,90)",0.695308361572864,0.364513893343399,0.282557065580926,0.445210931065372,0.0144697662969947,0.0100584981822643,0.0197091085554634,0.00411368268458203,0.00296371264155594,0.00542949039879664,0.0625579310923131,0.0344240518702367,0.10428523011174
"Central African Republic","Sub-Saharan Africa",1424852.15443372,"[0,10)",3301.50876093385,1730.8087732945,1341.65598896143,2113.97973993991,68.7062932626436,47.7604207081046,93.584081771811,1.72285644318528,0.978272666780544,2.80977427409254,250.827820045279,149.685770578447,392.500142001263
"Central African Republic","Sub-Saharan Africa",1424852.15443372,"[10,20)",2947.66525697479,1545.30708743728,1197.86225990663,1887.41120638641,61.3426067445996,42.641635377626,83.5540858497155,1.10009133256662,0.732044815149622,1.62973615699251,182.500000955059,108.248842292634,294.727153136757
"Central African Republic","Sub-Saharan Africa",1424852.15443372,"[20,30)",1917.21713144892,1005.09690317578,779.112228016718,1227.60788064737,39.898389500028,27.7349246714964,54.3451548355371,0.747449419093089,0.498696616017645,1.05785165355985,112.57391785725,67.0606541362297,179.213639098381
"Central African Republic","Sub-Saharan Africa",1424852.15443372,"[30,40)",937.979983714715,491.733962422943,381.173140464673,600.595311302825,19.5199021120768,13.5690443012256,26.5878426660454,0.422712433946621,0.263987308963651,0.626023639894555,54.1430570537447,30.2209535850926,90.1063096673385
"Central African Republic","Sub-Saharan Africa",1424852.15443372,"[40,50)",643.520773178029,337.364362982561,261.511800171984,412.05096676588,13.3920368425939,9.30932645857764,18.2411451914237,0.326584040018828,0.224049225971055,0.44857677294139,45.9592638090589,24.9288504163368,77.9507978111568
"Central African Republic","Sub-Saharan Africa",1424852.15443372,"[50,60)",379.840199693837,199.130396944356,154.35817853877,243.214404295681,7.90469268532974,5.49485979073904,10.7668944359591,0.250110974787494,0.163297713337268,0.364605716671399,26.8747818561529,14.347861501041,46.2379940486781
"Central African Republic","Sub-Saharan Africa",1424852.15443372,"[60,70)",195.542830866552,102.512902956205,79.4640357266152,125.207477149163,4.06935860413245,2.82876967620059,5.54282832450538,0.221573866205898,0.154989950114466,0.298662254727315,14.5257302749455,8.02969686921165,24.1464336043517
"Central African Republic","Sub-Saharan Africa",1424852.15443372,"[70,80)",93.2405100570388,48.8811342083277,37.8907638265542,59.7025673639254,1.94038855923719,1.348839669928,2.64298178483559,0.254372406816953,0.181375517993159,0.342137553741539,7.85556679762198,4.68365324318262,12.8396614667945
"Central African Republic","Sub-Saharan Africa",1424852.15443372,"[80,90)",19.769616597819,10.3641784195948,8.03391007826148,12.6586273066099,0.411417074439498,0.28599203404285,0.560386644488057,0.116963830688452,0.0842668747678079,0.154376028591022,1.77870191299031,0.978774806732561,2.96512904211404
"Chad","Sub-Saharan Africa",333700.695697248,"[0,10)",1330.09014335572,697.296859130991,540.517543920435,851.666258959867,27.6799397101405,19.241404287052,37.7025395820767,0.694093076660337,0.39412006019668,1.13198338627696,101.051863035875,60.3044191197852,158.127876660225
"Chad","Sub-Saharan Africa",333700.695697248,"[10,20)",770.172592147887,403.761303078741,312.980138964369,493.14703487175,16.0277339273198,11.1415021683692,21.8311990247721,0.287434331696065,0.191270311823276,0.42582111980933,47.6840097327754,28.2835003968835,77.0069718637813
"Chad","Sub-Saharan Africa",333700.695697248,"[20,30)",417.786706347756,219.023770364909,169.778751858101,267.51182468029,8.69438128022523,6.04380309315858,11.8425205326321,0.162879011376477,0.108672519797132,0.230519720951634,24.5313301194525,14.6133942564595,39.0529975887099
"Chad","Sub-Saharan Africa",333700.695697248,"[30,40)",253.132094948396,132.703949152985,102.866966522847,162.082296003992,5.26782426129092,3.66186983736479,7.17524513429428,0.114077150710487,0.0712420965457222,0.168944623771339,14.6115542942048,8.15571059633553,24.3169356811132
"Chad","Sub-Saharan Africa",333700.695697248,"[40,50)",154.863833106885,81.1870270280901,62.933041892824,99.1604231105507,3.22280530014682,2.240297499487,4.38974743682688,0.0785927329417482,0.0539176408667532,0.107950390097512,11.0601367615407,5.99914950896863,18.7589272109417
"Chad","Sub-Saharan Africa",333700.695697248,"[50,60)",83.4027211589551,43.7236948169488,33.8929163728589,53.4033605702193,1.73565852275031,1.20652384688076,2.36412126761204,0.0549176624954641,0.0358557984708856,0.0800576372511819,5.90098135785294,3.15040559941567,10.1526234656039
"Chad","Sub-Saharan Africa",333700.695697248,"[60,70)",58.5976583540508,30.7196946964991,23.8127186576328,37.5205009401051,1.21945092105066,0.847687835517853,1.66100060552043,0.0663982906178753,0.0464453138213843,0.0894991071173821,4.35287643235171,2.40623208605261,7.23588003991918
"Chad","Sub-Saharan Africa",333700.695697248,"[70,80)",23.7984387918409,12.4762796752293,9.6711292457615,15.238311054465,0.495259177916824,0.344273946004279,0.674587045865391,0.0649252792618062,0.0462937639515064,0.0873262021639219,2.00503220643108,1.19544214163888,3.27715815087822
"Chad","Sub-Saharan Africa",333700.695697248,"[80,90)",6.32843377997135,3.31766761827083,2.57172756350425,4.05214154047153,0.131698341172036,0.0915486468887392,0.179384853179917,0.0374411842283936,0.0269745917516702,0.049417168477664,0.56937863286177,0.313314702855422,0.949164729586041
"Colombia","Latin America & Caribbean",32562728.6193242,"[0,10)",62679.5186482654,32859.6010605794,25471.4912693062,40134.1453639333,1304.39677785103,906.737009407749,1776.70441708531,32.7086251706238,18.5726176426124,53.3438835887215,4761.99464016713,2841.801348332,7451.65975663084
"Colombia","Latin America & Caribbean",32562728.6193242,"[10,20)",57639.9098253797,30217.5971174623,23423.5120425799,36907.2476876754,1199.51962416562,833.832814685208,1633.85240658649,21.511657424052,14.3147180750999,31.8685593304508,3568.68323948606,2116.74425842125,5763.22107461025
"Colombia","Latin America & Caribbean",32562728.6193242,"[20,30)",49324.8604968435,25858.4506270752,20044.470356504,31583.0619623119,1026.47867258015,713.545308912483,1398.15524124616,19.2298711087308,12.8301279035247,27.2156890225374,2896.22531679318,1725.29097296183,4610.68681405887
"Colombia","Latin America & Caribbean",32562728.6193242,"[30,40)",40969.8816106633,21478.3711531075,16649.2022315395,26233.3090547913,852.606763969881,592.680172544216,1161.32623853745,18.4635905614546,11.5306605500528,27.3439890586805,2364.90615582899,1320.01632448393,3935.73946516905
"Colombia","Latin America & Caribbean",32562728.6193242,"[40,50)",29715.4374856587,15578.2533461806,12075.6592073879,19027.0077582241,618.395318672403,429.870673867001,842.309420604544,15.0804574296292,10.3457744420183,20.713635999705,2122.23083935656,1151.12320691326,3599.48296288151
"Colombia","Latin America & Caribbean",32562728.6193242,"[50,60)",22777.4166718056,11941.0110538051,9256.20972217376,14584.5432676503,474.011121259555,329.50359416327,645.645303016529,14.998101547751,9.7922759656141,21.8638689012923,1611.56745598512,860.380812831252,2772.69772226348
"Colombia","Latin America & Caribbean",32562728.6193242,"[60,70)",13228.7074598873,6935.12105793808,5375.83749581094,8470.43627044127,275.296999050717,191.369667463778,374.978996060967,14.989738277822,10.4852563512597,20.2048603857755,982.683106288977,543.218641172611,1633.5352461454
"Colombia","Latin America & Caribbean",32562728.6193242,"[70,80)",5675.71381700868,2975.48060009048,2306.47742763127,3634.20026650468,118.114863907232,82.106242735658,160.882949107818,15.4840957342848,11.0406467415411,20.8265145686191,478.182165524649,285.102209438228,781.572772909753
"Colombia","Latin America & Caribbean",32562728.6193242,"[80,90)",1946.68789246041,1020.54688541357,791.088456424219,1246.47822030422,40.5116929607633,28.1612557965722,55.1805286927903,11.5172730806584,8.29764725250494,15.2012025249603,175.146415267173,96.3786554121516,291.972319104201
"Comoros","Sub-Saharan Africa",272831.396559715,"[0,10)",489.504996428283,256.621927651623,198.923388559715,313.433560223552,10.18688008225,7.08129714655706,13.8754366353694,0.255442859048876,0.145045611850155,0.416596969930471,37.1895033592608,22.1934690767387,58.1948419710033
"Comoros","Sub-Saharan Africa",272831.396559715,"[10,20)",361.639650396238,189.588798637602,146.96190073498,231.560462035653,7.52592880247143,5.23156626207791,10.2509843423943,0.134966697447059,0.0898122439102156,0.199947131940539,22.3903431322579,13.2807052598241,36.1591345457063
"Comoros","Sub-Saharan Africa",272831.396559715,"[20,30)",262.322034354087,137.521754859766,106.601543086063,167.966680120971,5.4590721778025,3.79481371365899,7.43574180508818,0.102269299067394,0.0682338524381859,0.144739890570944,15.4028558701675,9.17553204046169,24.5207940306468
"Comoros","Sub-Saharan Africa",272831.396559715,"[30,40)",188.245546268759,98.6873174080038,76.498589837259,120.534973480887,3.91749792106247,2.72320540009103,5.33598056853612,0.0848352144229558,0.0529802725502474,0.125638248273057,10.8661053846568,6.06511867540966,18.0836603979698
"Comoros","Sub-Saharan Africa",272831.396559715,"[40,50)",114.274643547317,59.9082328531676,46.4385440123209,73.170873906617,2.37812095637911,1.65312450982101,3.23921223917991,0.0579938928421657,0.039786043437966,0.079657025799386,8.1613192741866,4.42679648289018,13.8422876236111
"Comoros","Sub-Saharan Africa",272831.396559715,"[50,60)",69.9236302929993,36.6573108040131,28.4153289134363,44.772602008979,1.45515090123238,1.01153207277481,1.98204494034751,0.0460421707532768,0.0300609807605695,0.0671191605201197,4.94729707974386,2.64125430615981,8.51181208296456
"Comoros","Sub-Saharan Africa",272831.396559715,"[60,70)",37.8589435770354,19.8474686683127,15.3849897316386,24.2413531184279,0.787866356980959,0.547676593864969,1.07314404657388,0.0428987984967827,0.0300075218835078,0.0578238404353881,2.81231891988767,1.55462534404876,4.67497817926985
"Comoros","Sub-Saharan Africa",272831.396559715,"[70,80)",13.8021504297011,7.23574728522,5.60887131473707,8.83761591707483,0.287230676561929,0.199665231544809,0.39123372614484,0.037654086425578,0.0268485466464643,0.0506457330778423,1.16283914132405,0.693309019689171,1.90062172464228
"Comoros","Sub-Saharan Africa",272831.396559715,"[80,90)",3.38168748090476,1.77284229251434,1.37423874661124,2.16531874942504,0.0703748584692332,0.0489203053774898,0.095856815975913,0.0200072226995762,0.014414251993572,0.0264067581004908,0.304255470087582,0.167424112358235,0.507199505431501
"Cook Islands","East Asia & Pacific",5549.43073177338,"[0,10)",5.03963959387712,2.64202007474231,2.04799173133796,3.22691737914448,0.104877794047413,0.0729046398631122,0.142852882728819,0.00262988111628906,0.00149329958576892,0.0042890238090929,0.382880042029184,0.228490181511368,0.599137969778535
"Cook Islands","East Asia & Pacific",5549.43073177338,"[10,20)",5.19214625155244,2.72197135768715,2.10996687223345,3.32456848591919,0.108051545173181,0.0751108378952205,0.147175814017542,0.00193774889303856,0.00128945569173902,0.00287068840619732,0.321463467951453,0.190674235961726,0.519145272608145
"Cook Islands","East Asia & Pacific",5549.43073177338,"[20,30)",4.85916676148033,2.54740758564345,1.97465179073411,3.11135933010618,0.10112205076564,0.0702938764134899,0.137737226364535,0.00189440273277763,0.00126394135586735,0.00268111394856477,0.285317417046113,0.16996452631092,0.454215093338261
"Cook Islands","East Asia & Pacific",5549.43073177338,"[30,40)",3.02961867298278,1.58827098718715,1.23116621254308,1.93988656647322,0.0630481043948702,0.0438271932272138,0.0858771253266733,0.00136533562061191,0.000852663057370748,0.00202201853139976,0.174878802863972,0.0976118540761842,0.291037935842314
"Cook Islands","East Asia & Pacific",5549.43073177338,"[40,50)",3.6540194108821,1.9156117133411,1.48490807730118,2.33969483751029,0.0760422423233085,0.0528599246515239,0.103576296810144,0.00185439922260747,0.00127218926694206,0.00254709452113559,0.260964446009723,0.141550214241601,0.44261776801557
"Cook Islands","East Asia & Pacific",5549.43073177338,"[50,60)",4.46253178340542,2.33947256273188,1.81346860683268,2.85739110875131,0.0928678490975126,0.0645560593146648,0.126494269610659,0.00293841508947009,0.00191849424182158,0.00428355029396281,0.315736902786584,0.16856506505605,0.543224540765964
"Cook Islands","East Asia & Pacific",5549.43073177338,"[60,70)",2.65437884860536,1.39155232697732,1.07867751900092,1.69961781548917,0.0552391481617189,0.0383988835735294,0.0752406324528383,0.00300773483361313,0.00210389735848204,0.0040541643399138,0.197178239833681,0.108998409381184,0.327773625576617
"Cook Islands","East Asia & Pacific",5549.43073177338,"[70,80)",1.43781932934159,0.753773650121383,0.584296166977304,0.920646029442112,0.0299218459358254,0.0207998406317041,0.0407562152438854,0.00392256073190525,0.00279690904179282,0.00527594698658658,0.121137108512655,0.0722244779748821,0.197994556527695
"Cook Islands","East Asia & Pacific",5549.43073177338,"[80,90)",0.576435786134237,0.302195204715993,0.234250029522845,0.369095968389746,0.0119959597375168,0.00833885888256462,0.016339564015128,0.00341039176751702,0.00245702499901872,0.00450124396499244,0.0518627880535707,0.0285387843702297,0.0864562285223591
"Costa Rica","Latin America & Caribbean",4140593.21311773,"[0,10)",9305.5816598448,4878.43090651441,3781.57087221206,5958.43068176623,193.654498230055,134.616784988357,263.774649122195,4.85601659155239,2.75734424637587,7.91958642142252,706.979423956454,421.902003688925,1106.29484498485
"Costa Rica","Latin America & Caribbean",4140593.21311773,"[10,20)",8123.16270878474,4258.55034814038,3301.06344908395,5201.31934641574,169.047680834283,117.511627726896,230.25797543836,3.03162676556218,2.01736582181845,4.49121959975423,502.932684979566,298.311674604159,812.207768152037
"Costa Rica","Latin America & Caribbean",4140593.21311773,"[20,30)",7703.24067143068,4038.40713514871,3130.41694861741,4932.44025397629,160.308862089566,111.436934421233,218.354927127074,3.00319805751148,2.00372716902896,4.25037193146923,452.313912887319,269.444889637798,720.067524398984
"Costa Rica","Latin America & Caribbean",4140593.21311773,"[30,40)",6369.17151837222,3339.02428885209,2588.28242816159,4078.22620656403,132.546116902498,92.1379688217127,180.539599121172,2.87034695995547,1.79255472254769,4.25089234980608,367.647948667951,205.209535570179,611.849454277258
"Costa Rica","Latin America & Caribbean",4140593.21311773,"[40,50)",4241.53088695693,2223.61332437238,1723.65900832594,2715.88264961019,88.2686935288925,61.3590071316917,120.229810703383,2.15255878390086,1.47673820607516,2.95662908938607,302.923611968617,164.309364086324,513.784061617989
"Costa Rica","Latin America & Caribbean",4140593.21311773,"[50,60)",3255.34955409482,1706.60990969897,1322.89796625554,2084.42366872058,67.7456936606131,47.0926705072658,92.2756596835644,2.14352943923513,1.3995125811477,3.12478526007346,230.325303120471,122.965669713937,396.274100081898
"Costa Rica","Latin America & Caribbean",4140593.21311773,"[60,70)",1891.41877089522,991.57216887511,768.628377314331,1211.0890053442,39.3615108017579,27.3617193757227,53.6138783015464,2.14320805229453,1.49916465690668,2.88885760856477,140.502409529618,77.6685052360228,233.560174858133
"Costa Rica","Latin America & Caribbean",4140593.21311773,"[70,80)",897.0076466202,470.254303987777,364.522940381892,574.360429984111,18.6672442480779,12.9763286070607,25.4264468247239,2.44715514602407,1.74489850441655,3.29148780625875,75.5734120468888,45.0584490655642,123.522216992205
"Costa Rica","Latin America & Caribbean",4140593.21311773,"[80,90)",328.982951916649,172.468595624928,133.69098181049,210.650143766604,6.84632415344613,4.75914659844457,9.32530237023844,1.9463759500329,1.40227126169773,2.56894620792222,29.5990872164864,16.2876312541159,49.3422267580079
"Cuba","Latin America & Caribbean",1371413.42464422,"[0,10)",1999.17913350731,1048.06530414386,812.419669823357,1280.08873844383,41.6040658309382,28.9206067289567,56.6684376914168,1.04324988986865,0.592378346969772,1.70141668715202,151.885025983033,90.6399742639936,237.672576572424
"Cuba","Latin America & Caribbean",1371413.42464422,"[10,20)",1543.12419502205,808.979496474734,627.089602929604,988.073490244195,32.1133006637478,22.3232061750646,43.7411714788714,0.575905811557396,0.383230783558233,0.853178728285605,95.5400774897786,56.6690560366839,154.291807680383
"Cuba","Latin America & Caribbean",1371413.42464422,"[20,30)",1553.4453071248,814.390317002901,631.283861636181,994.682172352516,32.3280889336802,22.4725138679702,44.03373220457,0.605628738319175,0.40407416829525,0.857135407305087,91.2141987109384,54.3365989964402,145.209732410298
"Cuba","Latin America & Caribbean",1371413.42464422,"[30,40)",1468.63548886249,769.928954595854,596.819133890866,940.377837414511,30.5631479121596,21.2456346155765,41.6297255694135,0.661858987244941,0.413336251609441,0.980192062068191,84.7741065323422,47.3182431532912,141.083313551961
"Cuba","Latin America & Caribbean",1371413.42464422,"[40,50)",1371.54322736644,719.028548089335,557.363108312688,878.208965977217,28.5426021935427,19.841074581866,38.8775626047796,0.696052321732706,0.477518692923812,0.956056836896313,97.953507702266,53.1311456904575,166.137432172878
"Cuba","Latin America & Caribbean",1371413.42464422,"[50,60)",1413.27909592384,740.908486230039,574.323589734737,904.932741968106,29.4111495857554,20.4448357060243,40.0606013966528,0.930592950965206,0.607585097253386,1.35659584752051,99.9935431674391,53.3843778172402,172.038637508931
"Cuba","Latin America & Caribbean",1371413.42464422,"[60,70)",745.365531498703,390.756255592781,302.899129371926,477.262896007614,15.5114847493334,10.7826372557099,21.1280217320803,0.844590015491236,0.590787021094453,1.13843370911076,55.3688346374634,30.6074083522802,92.0408037336252
"Cuba","Latin America & Caribbean",1371413.42464422,"[70,80)",403.37197731537,211.466880082158,163.920942918019,258.281970290152,8.39440249115775,5.83527615204414,11.4339227435099,1.10045194572033,0.784656811559096,1.48013670755493,33.9843219449499,20.2621636089977,55.5462387620208
"Cuba","Latin America & Caribbean",1371413.42464422,"[80,90)",206.699898196677,108.361971190619,83.9980070974723,132.351427385527,4.3015435824082,2.99017049871565,5.8590849141322,1.22290747402069,0.881046648005283,1.61406819580364,18.5970983563683,10.2335142367613,31.0017074996081
"Curaçao","Latin America & Caribbean",151693.140929163,"[0,10)",216.84029859451,113.678054001292,88.1188287912397,138.844398493025,4.51257113798466,3.13686397258429,6.14652321242139,0.113155751696415,0.0642521200251301,0.184543594064267,16.4741587355485,9.83123460753707,25.779076826035
"Curaçao","Latin America & Caribbean",151693.140929163,"[10,20)",188.561433175123,98.8529204302863,76.6269588922716,120.737238132753,3.92407170898733,2.72777509614109,5.34493465232519,0.0703725763301849,0.0468287296756,0.104253827578514,11.6744808974222,6.92465224602725,18.8536246643307
"Curaçao","Latin America & Caribbean",151693.140929163,"[20,30)",162.091708745837,84.9762250808736,65.8702816037143,103.78848372464,3.37322154292402,2.34485768888493,4.59462773665705,0.0631933397394168,0.0421624579240935,0.0894363915867677,9.51759631518878,5.66966351398088,15.1516719288142
"Curaçao","Latin America & Caribbean",151693.140929163,"[30,40)",137.523159294398,72.0962165705699,55.8861973869291,88.0570652911588,2.86193591993181,1.98944313664346,3.89821124729784,0.0619765351059396,0.038704843784118,0.0917852728693863,7.93825496190168,4.4308845455868,13.2110541727516
"Curaçao","Latin America & Caribbean",151693.140929163,"[40,50)",131.10869339586,68.7334468016211,53.2795083814066,83.9498367680974,2.72844720096699,1.89664992841181,3.71638774033811,0.0665371011402676,0.0456470132709955,0.0913914780056472,9.36358122160317,5.07891763898437,15.8814255516787
"Curaçao","Latin America & Caribbean",151693.140929163,"[50,60)",139.816664523163,73.2985816887596,56.8182243021075,89.5256131394721,2.90966508082684,2.0226215355374,3.96322260919778,0.0920641951104992,0.0601088079183815,0.134208952112394,9.89242940042583,5.28135289454043,17.0198997034514
"Curaçao","Latin America & Caribbean",151693.140929163,"[60,70)",105.461273854502,55.2878429977435,42.8569965782465,67.5276100777663,2.19470967184404,1.52562818166774,2.98938975808363,0.119500480173001,0.0835900631144703,0.161076229162784,7.83409962755475,4.33062187317149,13.022792171276
"Curaçao","Latin America & Caribbean",151693.140929163,"[70,80)",58.882395251983,30.8689673947434,23.9284290773383,37.7028200181474,1.22537645941164,0.851806908045323,1.66907171575186,0.160638938914335,0.114540610438243,0.216063582852902,4.96087579125178,2.9577779156249,8.10838573198451
"Curaçao","Latin America & Caribbean",151693.140929163,"[80,90)",24.29656235955,12.7374198700933,9.873555020234,15.557263147697,0.505625415416789,0.351479921478256,0.68870678325472,0.143746794080333,0.103562725534409,0.189725824318476,2.18599797999055,1.2028995610546,3.64409913158276
"Democratic Republic of the Congo","Sub-Saharan Africa",13342591.3280302,"[0,10)",63421.7680508224,33248.7236923651,25773.1240767145,40609.4129802289,1319.8434141676,917.474567991852,1797.74410948471,33.0959599494308,18.7925541489297,53.9755806179534,4818.38606998136,2875.45389382811,7539.90213822051
"Democratic Republic of the Congo","Sub-Saharan Africa",13342591.3280302,"[10,20)",43640.1662712809,22878.2620673704,17734.34350075,27943.1114757975,908.176921213759,631.309153424286,1237.01773479825,16.2868455138198,10.8379190532461,24.1282339306278,2701.91140847572,1602.62345432415,4363.43371660514
"Democratic Republic of the Congo","Sub-Saharan Africa",13342591.3280302,"[20,30)",29691.4273302936,15565.6660745532,12065.9020414756,19011.6338835293,617.895653551015,429.523337178068,841.628832271832,11.5755486147261,7.72318069323789,16.3826647397867,1743.40206256081,1038.5503584057,2775.43354615534
"Democratic Republic of the Congo","Sub-Saharan Africa",13342591.3280302,"[30,40)",15843.980030991,8306.17200415528,6438.62313772919,10145.0140559535,329.72232312018,229.202830210542,449.111127723253,7.14028814962312,4.45916727891208,10.5745391390296,914.562708874658,510.480173812904,1522.03948466113
"Democratic Republic of the Congo","Sub-Saharan Africa",13342591.3280302,"[40,50)",9299.2219001712,4875.09681636467,3778.98641453761,5954.35848203138,193.522147979047,134.524783173548,263.594376309842,4.71931534112155,3.23763203257162,6.48217606130127,664.136124803404,360.235320132484,1126.4310281104
"Democratic Republic of the Congo","Sub-Saharan Africa",13342591.3280302,"[50,60)",4714.8262457971,2471.73738484237,1915.99517906381,3018.93706262126,98.1182417442735,68.20581175777,133.645771335694,3.10454182901249,2.02695856136813,4.52572582816559,333.587458482787,178.095088489044,573.936376585301
"Democratic Republic of the Congo","Sub-Saharan Africa",13342591.3280302,"[60,70)",2164.87256188348,1134.92972289209,879.753606096041,1386.18342908137,45.0522412277181,31.3175677612744,61.3651592429963,2.45306453452617,1.71590791073021,3.30651713317306,160.815688175294,88.897508312443,267.327374497695
"Democratic Republic of the Congo","Sub-Saharan Africa",13342591.3280302,"[70,80)",878.029650991348,460.305131136069,356.810726561587,562.208683261891,18.2723012606044,12.7017883525699,24.8884993517954,2.39538067137008,1.70798167732552,3.22184978094764,73.9745049596557,44.1051472150938,120.908856779528
"Democratic Republic of the Congo","Sub-Saharan Africa",13342591.3280302,"[80,90)",179.605058782828,94.1575606727951,72.987297691008,115.002407369114,3.73768441453322,2.59821002757096,5.09105858104971,1.0626051133729,0.765556424487617,1.40249132058579,16.1593352131572,8.89207465549668,26.9379111766039
"Djibouti","Middle East & North Africa",85599.9841932952,"[0,10)",274.399853857941,143.853525414761,111.5096866181,175.700194578336,5.71041853757115,3.96953435882773,7.77809790041294,0.143192579653956,0.0813076372760768,0.233530093667451,20.8471708384812,12.4409040064825,32.6220493123584
"Djibouti","Middle East & North Africa",85599.9841932952,"[10,20)",218.930521211002,114.77384865299,88.9682464044423,140.182783026641,4.55606987097979,3.16710163626053,6.2057723552914,0.0817065534319511,0.0543708117980133,0.121044608251404,13.5547346278747,8.0399141006725,21.8901278218706
"Djibouti","Middle East & North Africa",85599.9841932952,"[20,30)",176.919566066922,92.7496969686887,71.8959762236108,113.282867121226,3.68179776892531,2.55936104330114,5.01493599949042,0.0689741525431627,0.04601940357074,0.0976178714664128,10.3882488691859,6.18831411180817,16.5377195636666
"Djibouti","Middle East & North Africa",85599.9841932952,"[30,40)",122.927191460308,64.4443122409807,49.9547372342214,78.7111623963405,2.5581854473214,1.77829435138297,3.48447608975799,0.0553986792923009,0.0345969200148052,0.0820436780913258,7.09573131223274,3.96061431157114,11.8089039985609
"Djibouti","Middle East & North Africa",85599.9841932952,"[40,50)",71.6211674098922,37.5472409382831,29.1051683184723,45.8595472006351,1.4904776234745,1.03608905345885,2.03016307779963,0.0363474361333733,0.0249357406787091,0.049924716481742,5.11507361455973,2.7744766655896,8.67559738933713
"Djibouti","Middle East & North Africa",85599.9841932952,"[50,60)",40.6342725093346,21.3024288130929,16.5128185374916,26.0184161400296,0.84562254584199,0.587825170472861,1.1518131123105,0.0267561925127516,0.0174691456808578,0.0390045289088111,2.87499114220152,1.53489523918063,4.94641497127841
"Djibouti","Middle East & North Africa",85599.9841932952,"[60,70)",19.186340047882,10.0583969593625,7.79688012222939,12.2851511480914,0.399278754478821,0.277554215023923,0.543853173188274,0.0217404623013333,0.015207358274003,0.0293042478380402,1.42524069669992,0.787860613101416,2.36920823956397
"Djibouti","Middle East & North Africa",85599.9841932952,"[70,80)",8.10393234715215,4.24846887296117,3.29324867961868,5.18900600793122,0.168647485965346,0.117233436685028,0.229712874435806,0.0221085960873209,0.0157641236233807,0.0297366411578553,0.682760978436511,0.407076376963753,1.11595000739042
"Djibouti","Middle East & North Africa",85599.9841932952,"[80,90)",1.72780299658098,0.905796955741231,0.702138751088054,1.10632465150463,0.0359565725791347,0.0249948141873444,0.0489760496264374,0.010222274982176,0.00736466273971114,0.0134919847069398,0.155453014482234,0.0855418735959226,0.259143055145496
"Dominica","Latin America & Caribbean",41491.8461435586,"[0,10)",102.856320401057,53.9222018264716,41.7984043845395,65.8596396973057,2.14049909453899,1.48794429776178,2.91555013061283,0.0536744522450294,0.0304774374808911,0.0875366579093863,7.8143747275044,4.66336111546192,12.2280821546943
"Dominica","Latin America & Caribbean",41491.8461435586,"[10,20)",90.1114866057574,47.2407504827396,36.6192018356586,57.6990312049195,1.87527178432103,1.30357446324218,2.55428694628311,0.0336302994870678,0.0223789476770067,0.0498217860845132,5.57910921285902,3.30921704194884,9.00994502323268
"Dominica","Latin America & Caribbean",41491.8461435586,"[20,30)",56.2669663239085,29.497834478725,22.8655798956019,36.0281421161453,1.17094788146382,0.813971483400969,1.59493515201788,0.0219363318859726,0.0146358726088087,0.0310460940444236,3.30384740524267,1.96811279538843,5.25960655708983
"Dominica","Latin America & Caribbean",41491.8461435586,"[30,40)",55.3448988628608,29.0144426216338,22.4908732324001,35.4377357072399,1.15175912808648,0.800632633484231,1.56879836337903,0.024941872226524,0.0155763994641018,0.0369381176968293,3.1946758660012,1.78316771012767,5.31666419542832
"Dominica","Latin America & Caribbean",41491.8461435586,"[40,50)",35.0400494788324,18.3696695802443,14.2394570606812,22.4363950086237,0.729203551999431,0.506897793077027,0.993240089051837,0.0177826752425456,0.0121995999056086,0.0244252446448577,2.50250643802391,1.35738920707257,4.24446253495186
"Dominica","Latin America & Caribbean",41491.8461435586,"[50,60)",19.8173848609072,10.3892208274225,8.05332198381597,12.6892136680866,0.412411159426102,0.286683061238835,0.561740676648093,0.0130490281157591,0.00851972391210611,0.0190225568952102,1.40213672888123,0.7485703027913,2.41237268724472
"Dominica","Latin America & Caribbean",41491.8461435586,"[60,70)",8.20677129189644,4.30238196563744,3.33504002294245,5.25485452187086,0.17078762346249,0.118721129622355,0.232627932038607,0.00929927236991896,0.00650480034218138,0.0125346084395285,0.609632916154356,0.336999753234875,1.01340589796981
"Dominica","Latin America & Caribbean",41491.8461435586,"[70,80)",0.463442728310236,0.242958840385451,0.188332291991912,0.296745703014035,0.00964450931601228,0.00670427410041095,0.0131366794163734,0.0012643328758066,0.000901509063560577,0.00170056085349995,0.0390453173935463,0.0232796349585796,0.0638182667288171
"Dominica","Latin America & Caribbean",41491.8461435586,"[80,90)",0.236091891446085,0.123770659600792,0.095942226127631,0.151171331479352,0.00491320784078086,0.0034153621503787,0.00669222603198617,0.00139680058444141,0.00100632836007436,0.00184358297509978,0.0212415398588448,0.0116886837070356,0.0354100404765386
"Dominican Republic","Latin America & Caribbean",7325532.56602234,"[0,10)",21767.2287068567,11411.4222145753,8845.69294596898,13937.7126680462,452.988529591333,314.889971818505,617.010663534327,11.3589915833778,6.44986471865532,18.5251664216438,1653.73679742214,986.895579650535,2587.79878445593
"Dominican Republic","Latin America & Caribbean",7325532.56602234,"[10,20)",18113.4019061679,9495.9114767083,7360.86314094817,11598.1411602242,376.950295596757,262.032833512416,513.439826424394,6.76006082886143,4.49841511642341,10.0147280776772,1121.4624378915,665.189095567863,1811.09824624582
"Dominican Republic","Latin America & Caribbean",7325532.56602234,"[20,30)",15319.0939986498,8031.00164552843,6225.32172319242,9808.92576466182,318.799143362421,221.609702479047,434.232785447523,5.97232714151153,3.98472359351877,8.45252666048499,899.496672110475,535.833134115315,1431.96643622384
"Dominican Republic","Latin America & Caribbean",7325532.56602234,"[30,40)",10447.9386569219,5477.3090728156,4245.79805367407,6689.89006063412,217.427603357182,151.142396376956,296.155732550495,4.70849448396727,2.94049260980498,6.97313023834271,603.086791421125,336.62410146565,1003.67301259202
"Dominican Republic","Latin America & Caribbean",7325532.56602234,"[40,50)",6905.89542716274,3620.40062841049,2806.39447898162,4421.89437505423,143.71564966727,99.9023461243744,195.753496101694,3.50471239244116,2.404367643723,4.81386835375765,493.208429321272,267.522108485187,836.523202645441
"Dominican Republic","Latin America & Caribbean",7325532.56602234,"[50,60)",5002.65980239814,2622.63349964557,2032.96400846913,3203.23895342022,104.108223350461,72.3696812951894,141.804658998317,3.29406977122625,2.15070155026865,4.80201506840712,353.952506865683,188.967544876737,608.974390697173
"Dominican Republic","Latin America & Caribbean",7325532.56602234,"[60,70)",2482.68561361483,1301.54252268625,1008.9054015633,1589.6814056424,51.666113343803,35.915127894031,70.3738412653827,2.81318546706432,1.96781092765639,3.79192875471511,184.424156186364,101.948063299158,306.572238235322
"Dominican Republic","Latin America & Caribbean",7325532.56602234,"[70,80)",1090.3261242245,571.601094593541,443.083050936119,698.143637785116,22.6903127834501,15.7729202533661,30.9062239588016,2.97455344532887,2.12095006174585,4.00085234083832,91.8606053827698,54.7692144189991,150.143090325018
"Dominican Republic","Latin America & Caribbean",7325532.56602234,"[80,90)",368.107095716394,192.979342752881,149.590119339075,235.701613662375,7.66052005362446,5.32512588337964,10.4343095962474,2.17784780021177,1.56903571611485,2.87445693504958,33.1191448299655,18.2246301886525,55.2102280141005
"East Timor","East Asia & Pacific",670679.233178429,"[0,10)",2347.88579701537,1230.87401258881,954.125906990515,1503.36811621219,48.8608517492787,33.965081288568,66.552825489583,1.22521867005646,0.695703893662455,1.99818615931676,178.377559723349,106.449844663453,279.128597093474
"East Timor","East Asia & Pacific",670679.233178429,"[10,20)",1667.13291883532,873.990799694884,677.48384963167,1067.4771655635,34.6939934204226,24.1171462338884,47.2563045256412,0.622186820537918,0.414028019806826,0.921741975249541,103.217880171343,61.2231012272664,166.691023652116
"East Timor","East Asia & Pacific",670679.233178429,"[20,30)",1334.18407578971,699.443094288043,542.181222367533,854.287633261384,27.7651367951024,19.3006280994228,37.8185855887403,0.52014719462611,0.347041069489153,0.736154923496194,78.3397592743676,46.6672529641868,124.714086645306
"East Timor","East Asia & Pacific",670679.233178429,"[30,40)",560.650926940878,293.920026682131,227.835431711603,358.988809830176,11.6674677529789,8.110511308627,15.8921287179731,0.252664366016673,0.157790925223106,0.374187871902963,32.3624764404645,18.0637177068724,53.8584904958698
"East Timor","East Asia & Pacific",670679.233178429,"[40,50)",304.757278169968,159.768338955652,123.846234265532,195.138271106182,6.34217397077215,4.4086921687094,8.63860498517826,0.154663015209853,0.106104783449061,0.212436089198423,21.7652960540397,11.8057550236802,36.9157826169096
"East Timor","East Asia & Pacific",670679.233178429,"[50,60)",214.954357312352,112.689353393951,87.3524263373141,137.636816763007,4.47332361686907,3.10958149187958,6.09306459821001,0.141539636630209,0.0924113747025253,0.206333051537677,15.2086363330036,8.11956014726409,26.1664202529305
"East Timor","East Asia & Pacific",670679.233178429,"[60,70)",84.8250747677007,44.4693605967505,34.4709276324912,54.3141037878348,1.76525851815908,1.22709995667432,2.40443909381452,0.096117150826718,0.0672335265294078,0.129557539774106,6.30115740458205,3.48322479670799,10.4745493700061
"East Timor","East Asia & Pacific",670679.233178429,"[70,80)",38.3384619968664,20.0988551549459,15.5798548089016,24.5483922020268,0.797845410669258,0.554613422789796,1.08673640517778,0.104592379919816,0.0745776529910535,0.140679492141309,3.23003755503095,1.92581595446454,5.27938846426518
"East Timor","East Asia & Pacific",670679.233178429,"[80,90)",8.45143616908967,4.43064699433398,3.43446611008752,5.41151519761448,0.175879240059852,0.122260510648847,0.23956316666372,0.0500015943285778,0.0360237695933552,0.0659951671403945,0.760388326556302,0.418422520339919,1.26758142772002
"Ecuador","Latin America & Caribbean",4539501.37708018,"[0,10)",14371.4520524769,7534.20242034205,5840.22218702933,9202.14382949585,299.078170263042,207.90088590239,407.371066214658,7.49958596491339,4.25841630082743,12.2309341523547,1091.85231669305,651.581452777283,1708.55126544204
"Ecuador","Latin America & Caribbean",4539501.37708018,"[10,20)",11262.9657770574,5904.5852644452,4577.0060243555,7211.75777149877,234.388785770401,162.932774947746,319.258371428678,4.20342540626598,2.7971275506244,6.22718692986136,697.32859258902,413.616506576906,1126.146135995
"Ecuador","Latin America & Caribbean",4539501.37708018,"[20,30)",8210.72276627656,4304.45351747019,3336.64580976636,5257.38467925869,170.869855913541,118.778292602216,232.739939950228,3.20104586033495,2.13573078992188,4.5303823509354,482.111918925389,287.19566010847,767.504881129606
"Ecuador","Latin America & Caribbean",4539501.37708018,"[30,40)",5946.43581201305,3117.40601601603,2416.4925183798,3807.54550167937,123.748744089988,86.0225723027161,168.556794962085,2.67983581637698,1.67357898376631,3.9687514190793,343.246358159148,191.589334305279,571.239681013456
"Ecuador","Latin America & Caribbean",4539501.37708018,"[40,50)",4038.73353813623,2117.29725618771,1641.24690607429,2586.03005258143,84.0483642401038,58.4252918519464,114.4813468799,2.04963999674828,1.40613195538978,2.81526585126432,288.440137242231,156.453355416061,489.218863735577
"Ecuador","Latin America & Caribbean",4539501.37708018,"[50,60)",2584.95215239375,1355.15553278256,1050.46413248252,1655.1634039368,53.7943387440932,37.3945402688331,73.2726735328759,1.70209710066326,1.1113009521172,2.48127589666516,182.892767169378,97.6424704369309,314.666542232337
"Ecuador","Latin America & Caribbean",4539501.37708018,"[60,70)",1494.39918800023,783.435517724741,607.288899004007,956.874518764432,31.0993052864589,21.6183384909609,42.3600195960054,1.69333646379569,1.18448144875903,2.28246992729387,111.010152772121,61.3654432027067,184.534562640502
"Ecuador","Latin America & Caribbean",4539501.37708018,"[70,80)",662.424047577455,347.274363392576,269.193649031231,424.154868948956,13.7854248383731,9.58278577777145,18.7769746273724,1.80718015391192,1.28857622815434,2.43070466945188,55.8096084085394,33.2748559279689,91.2189402777322
"Ecuador","Latin America & Caribbean",4539501.37708018,"[80,90)",237.06943371619,124.283134005642,96.3394764565319,151.797258806394,4.93355105679205,3.42950351224109,6.71993530140367,1.40258405970537,1.01049507881914,1.85121636003125,21.3294907959438,11.7370808897407,35.5566563181076
"El Salvador","Latin America & Caribbean",6552064.09644747,"[0,10)",17124.9627517521,8977.72440400557,6959.18457297404,10965.2364799994,356.380309165352,247.733834697731,485.421675526879,8.93647557906786,5.07431122943176,14.5743304861186,1301.04669907451,776.421760849165,2035.90261257637
"El Salvador","Latin America & Caribbean",6552064.09644747,"[10,20)",14717.302919412,7715.51398365697,5980.76789522238,9423.59462023514,306.27552541471,212.904047821128,417.174504023181,5.49261058123638,3.65500297893361,8.13705716564084,911.198376577248,540.472158067026,1471.53370995093
"El Salvador","Latin America & Caribbean",6552064.09644747,"[20,30)",12871.90479724,6748.0680395871,5230.8412338344,8241.97296635487,267.871730741022,186.208074231176,364.865120261907,5.01826194096623,3.34817338046297,7.10225542577678,755.804196374842,450.23505242196,1203.21316923447
"El Salvador","Latin America & Caribbean",6552064.09644747,"[30,40)",7880.70922379482,4131.44463698737,3202.53602003987,5046.07464096128,164.002084578602,114.0042372325,223.385424611404,3.55154036872187,2.21796547563362,5.25971807382529,454.898501605628,253.910053311277,757.054135532048
"El Salvador","Latin America & Caribbean",6552064.09644747,"[40,50)",5491.71806479183,2879.02122795308,2231.70585475943,3516.38646663719,114.285806640907,79.4445158796327,155.667432576444,2.78702342954192,1.91200538187985,3.82809268959954,392.210057273346,212.739392218527,665.221423063583
"El Salvador","Latin America & Caribbean",6552064.09644747,"[50,60)",3670.43521884503,1924.21766489245,1491.57907794419,2350.20599709254,76.3838647140741,53.0973996822887,104.041616888325,2.41684827256206,1.57796272925584,3.5232228303945,259.693802559892,138.644872793821,446.80252891034
"El Salvador","Latin America & Caribbean",6552064.09644747,"[60,70)",2232.00368901629,1170.12306999978,907.034126998852,1429.16797128745,46.4492785345445,32.2887028109253,63.2680482994693,2.52913228559462,1.76911696983677,3.40904982998952,165.802465964401,91.6541555338022,275.61700238594
"El Salvador","Latin America & Caribbean",6552064.09644747,"[70,80)",1178.70903098459,617.9356408591,478.999798327381,754.735846916491,24.5296118285165,17.051488664335,33.4115128350084,3.21567366979236,2.29287635736078,4.32516536200226,99.3069162984563,59.2088607447816,162.313836726519
"El Salvador","Latin America & Caribbean",6552064.09644747,"[80,90)",494.513440320947,259.247593447986,200.958703087267,316.640502771457,10.2911086758405,7.1537505018948,14.0174052493397,2.92571107895154,2.10783562444607,3.86153270215939,44.4921123253005,24.4828873934858,74.1691755303505
"Equatorial Guinea","Sub-Saharan Africa",118129.416546226,"[0,10)",452.969255238938,237.468144951544,184.076117349093,290.039463084729,9.42655032682838,6.55276231704719,12.8397998890685,0.236377079833191,0.134219677541262,0.385502948041616,34.413748097091,20.5369898820463,53.8512873590559
"Equatorial Guinea","Sub-Saharan Africa",118129.416546226,"[10,20)",278.817588112188,146.169512970454,113.304950556208,178.528901507854,5.80235412436114,4.03344236629876,7.90332234585063,0.104056867150561,0.0692436053473477,0.154155599410984,17.2625470196655,10.2391820280654,27.8780345883301
"Equatorial Guinea","Sub-Saharan Africa",118129.416546226,"[20,30)",223.509291194758,117.174258838949,90.8289514988745,143.114602288803,4.65135670377835,3.23333922537053,6.33556149583358,0.0871376992856174,0.0581380821916038,0.123324410885938,13.1238742730592,7.81793518698529,20.8927370772242
"Equatorial Guinea","Sub-Saharan Africa",118129.416546226,"[30,40)",183.252419738259,96.0696817053759,74.4694999276526,117.337838749841,3.81358809057485,2.65097362940264,5.19444613826092,0.0825849993806771,0.0515749951893366,0.12230575152542,10.5778869372366,5.90424419221958,17.6039996235643
"Equatorial Guinea","Sub-Saharan Africa",118129.416546226,"[40,50)",73.7017897821821,38.6380026828781,29.9506846168329,47.191784629029,1.53377656987467,1.0661878376908,2.08914009355941,0.0374033430883893,0.0256601335056065,0.0513750486363083,5.26366846414455,2.85507627643907,8.92762681965805
"Equatorial Guinea","Sub-Saharan Africa",118129.416546226,"[50,60)",33.7140005362528,17.6744913118136,13.7005817662946,21.5873163595066,0.701607711998169,0.487714849773485,0.955652100752604,0.0221994447794228,0.0144940403871393,0.0323618125129683,2.38536208289783,1.27349293394979,4.10400941608836
"Equatorial Guinea","Sub-Saharan Africa",118129.416546226,"[60,70)",19.0599531534796,9.99213890539351,7.7455194425887,12.2042247130862,0.396648570626481,0.275725871776715,0.54027062886775,0.0215972505420149,0.0151071822748536,0.0291112108717503,1.41585215542617,0.782670709458336,2.35360146563815
"Equatorial Guinea","Sub-Saharan Africa",118129.416546226,"[70,80)",7.63864551700953,4.00454326620874,3.10416698774725,4.89107951328694,0.158964599831195,0.110502485363467,0.216523922380111,0.0208392322585387,0.0148590273322849,0.0280293135407523,0.643560294399034,0.383704109162187,1.05187779907309
"Equatorial Guinea","Sub-Saharan Africa",118129.416546226,"[80,90)",1.92579027110999,1.00959135296056,0.782596151581173,1.23309732346382,0.0400768014596462,0.0278589457741653,0.054588167791485,0.0113936355870668,0.00820857232115422,0.0150380181872614,0.173266225082956,0.0953440341691335,0.288838007233729
"Ethiopia","Sub-Saharan Africa",2107741.32365149,"[0,10)",15640.6613515335,8199.58262952033,6355.99917889264,10014.8276471787,325.491144641456,226.261573236273,443.347886338212,8.16190903505173,4.63449670999756,13.3111044306003,1188.27883702538,709.125619917666,1859.44131789434
"Ethiopia","Sub-Saharan Africa",2107741.32365149,"[10,20)",8397.18457313133,4402.20571337752,3412.41952959999,5376.7775115988,174.750233193056,121.475693998436,238.025358903676,3.13389383173875,2.08541842194253,4.64272368899076,519.898312398293,308.374740452019,839.606294421258
"Ethiopia","Sub-Saharan Africa",2107741.32365149,"[20,30)",4749.8383016476,2490.09237882396,1930.22326016828,3041.35553310887,98.8468627327914,68.7123045882789,134.638217921474,1.85177975990102,1.23550340167914,2.62079042541338,278.897939119078,166.140422138353,443.995514751021
"Ethiopia","Sub-Saharan Africa",2107741.32365149,"[30,40)",2605.93221813834,1366.15428652955,1058.98994080025,1668.59709051412,54.2309459603979,37.6980429516979,73.8673713908527,1.17439601031424,0.733419737683072,1.73924305512007,150.422332261376,83.9610204669451,250.33682967278
"Ethiopia","Sub-Saharan Africa",2107741.32365149,"[40,50)",1278.44639921916,670.222738809088,519.530733455751,818.598399170679,26.6052037373594,18.4943134490418,36.2386536062262,0.648806079627533,0.445105951709958,0.891162156752347,91.3046754299567,49.5247401168539,154.860450402841
"Ethiopia","Sub-Saharan Africa",2107741.32365149,"[50,60)",581.305241347529,304.748006000079,236.228862299907,372.213915489342,12.0972958968729,8.40930159419938,16.4775928764344,0.382768387020909,0.249909874572343,0.55799047677732,41.1290104776834,21.957884129711,70.7623582537006
"Ethiopia","Sub-Saharan Africa",2107741.32365149,"[60,70)",300.377984729794,157.472503912966,122.066591775725,192.334178105634,6.25103835939831,4.34534025531092,8.51447017740263,0.340364876097848,0.238083741870989,0.458782179803209,22.3133191198115,12.3346079878068,37.0919099020142
"Ethiopia","Sub-Saharan Africa",2107741.32365149,"[70,80)",94.0039362026217,49.2813587014965,38.2010023673301,60.1913946006722,1.95627589573723,1.35988357637588,2.66462175007825,0.256455134013105,0.182860567919633,0.34493887640432,7.91988589109335,4.72200163210179,12.9447888760954
"Ethiopia","Sub-Saharan Africa",2107741.32365149,"[80,90)",20.0077205419506,10.4890038934313,8.13066995556956,12.8110869698554,0.41637215425212,0.289436503031861,0.567135903869546,0.118372535266503,0.0852817793888754,0.15623532318609,1.80012448023241,0.990563105243387,3.00084085859228
"Federated States of Micronesia","East Asia & Pacific",24747.7841428518,"[0,10)",100.885017401738,52.8887505249287,40.9973129240567,64.5974002475265,2.09947514706886,1.45942695390231,2.85967186572127,0.0526457492126358,0.029893319133245,0.0858589654193746,7.6646075544414,4.57398500597278,11.9937236346396
"Federated States of Micronesia","East Asia & Pacific",24747.7841428518,"[10,20)",82.133099283662,43.0580983155776,33.3769717196569,52.590412577013,1.70923696242349,1.18815719111969,2.32813275266317,0.0306527040087046,0.0203975364368479,0.0454106114226202,5.0851400654272,3.01622203889159,8.21221285995547
"Federated States of Micronesia","East Asia & Pacific",24747.7841428518,"[20,30)",64.8694326099405,34.0076586827422,26.3614211149446,41.5363629809125,1.34997014498886,0.938416832088144,1.83877939616386,0.0252901035181941,0.0168735016993686,0.0357926264199686,3.80896146726947,2.26901090800345,6.06373002492877
"Federated States of Micronesia","East Asia & Pacific",24747.7841428518,"[30,40)",35.9816001398251,18.863275462449,14.6220812409284,23.0392766501985,0.748797761956184,0.520518491655541,1.01992914561085,0.0162155590060284,0.0101267467942126,0.0240147259854692,2.07696737998634,1.15929794518275,3.45654412761065
"Federated States of Micronesia","East Asia & Pacific",24747.7841428518,"[40,50)",12.2056026989106,6.39876061653888,4.96007163562553,7.81533495369389,0.254005601439466,0.17656918763743,0.345978218978282,0.0061942911657526,0.00424952223950137,0.00850811675191621,0.871705371090806,0.472823344023121,1.47848602221094
"Federated States of Micronesia","East Asia & Pacific",24747.7841428518,"[50,60)",10.2161415634253,5.35578995168063,4.15160113304388,6.54146871908657,0.21260377272809,0.147789163807862,0.289585246229532,0.00672695814464839,0.00439203790905189,0.009806396530308,0.722821271023796,0.385898555090278,1.24361216424923
"Federated States of Micronesia","East Asia & Pacific",24747.7841428518,"[60,70)",7.69306231326031,4.03307115305851,3.12628070177214,4.92592297823479,0.160097044610946,0.111289691841087,0.218066412883348,0.00871717747031731,0.00609762750634112,0.0117499952621841,0.571472488434157,0.315905001976745,0.949970998875702
"Federated States of Micronesia","East Asia & Pacific",24747.7841428518,"[70,80)",2.45204945884739,1.28548158531152,0.996455584374001,1.57006485600474,0.0510285573697591,0.0354719379022657,0.0695054333281222,0.00668951426906241,0.00476983384658904,0.00899757201017132,0.206586582412141,0.123171241699013,0.337658866646885
"Federated States of Micronesia","East Asia & Pacific",24747.7841428518,"[80,90)",0.492171165776142,0.25801966112214,0.200006857462014,0.315140727580282,0.0102423645974721,0.00711986659433184,0.01395101147958,0.00291185337959106,0.00209785181141852,0.00384324246166293,0.0442813743884782,0.0243669236213224,0.0738178714854267
"Fiji","East Asia & Pacific",225462.052679524,"[0,10)",277.73083683958,145.59978598403,112.863320241408,177.833046873199,5.77973820629274,4.01772116070967,7.87251745410997,0.144930816898685,0.082294643472458,0.236364952202433,21.1002379239843,12.5919260968341,33.0180534995251
"Fiji","East Asia & Pacific",225462.052679524,"[10,20)",243.361814687666,127.581901017624,98.8965530013837,155.826315474994,5.06449911831535,3.52053061052094,6.89829820697638,0.0908244999604699,0.0604382584575927,0.134552438642524,15.067359262668,8.9371188386605,24.332930835811
"Fiji","East Asia & Pacific",225462.052679524,"[20,30)",200.206341353556,104.957738166326,81.3591773807913,128.193556363363,4.16640893546729,2.8962331418353,5.67501950688952,0.078052772995188,0.052076639260383,0.110466678906614,11.7555867075957,7.00284177162771,18.7144723547445
"Fiji","East Asia & Pacific",225462.052679524,"[30,40)",165.364665508882,86.6920655314956,67.2003347281258,105.884181415541,3.44133365271414,2.39220506951653,4.68740248769598,0.0745236587770181,0.0465406232577363,0.110367163062301,9.54535136652123,5.32791527295348,15.8856265774123
"Fiji","East Asia & Pacific",225462.052679524,"[40,50)",120.189938174584,63.0093131709431,48.842381481133,76.958479484341,2.50122163453117,1.73869658624668,3.40688631069924,0.0609958795655066,0.0418455219161585,0.0837803795208095,8.5837805180409,4.65594447791675,14.5588176172062
"Fiji","East Asia & Pacific",225462.052679524,"[50,60)",95.0172704710221,49.8125969834544,38.612797727714,60.8402398009434,1.97736396378709,1.37454271390398,2.69334557421536,0.0625654213490555,0.0408490281122775,0.091206354735942,6.72274398163769,3.58912679075052,11.5664639764353
"Fiji","East Asia & Pacific",225462.052679524,"[60,70)",60.8471845488842,31.8990039019886,24.726873521414,38.9608886975487,1.26626485299386,0.880230023117184,1.72476534419269,0.068947278038748,0.0482283193714898,0.0929349199387461,4.51998054252426,2.49860577913978,7.51366079344557
"Fiji","East Asia & Pacific",225462.052679524,"[70,80)",24.389015438776,12.7858881954045,9.91112579057672,15.616461517452,0.507549417088238,0.352817369984177,0.691327444641031,0.0665364502324378,0.0474425794737188,0.0894932693448679,2.05478862985987,1.22510796206472,3.35848336255073
"Fiji","East Asia & Pacific",225462.052679524,"[80,90)",5.733207120904,3.0056213393686,2.32984136245073,3.6710136413638,0.119311332577802,0.0829379547136577,0.162512645844273,0.0339196192133145,0.0244374717175051,0.0447691912504043,0.515825201923573,0.283845600341062,0.859890168053279
"France","Europe & Central Asia",6187070.14222749,"[0,10)",11124.3535094831,5831.91808523225,4520.67723882108,7123.00334236424,231.504184881725,160.927576508478,315.329288478256,5.8051229022523,3.29626596866982,9.46746611025664,845.158241957063,504.362565066472,1322.51968669904
"France","Europe & Central Asia",6187070.14222749,"[10,20)",9840.00448477379,5158.60090787291,3998.74781633771,6300.62544975521,204.776144118232,142.347874257799,278.923319918007,3.67236531370119,2.44373890389457,5.44044513055151,609.228209892478,361.360263384955,983.869013548272
"France","Europe & Central Asia",6187070.14222749,"[20,30)",7755.76400051457,4065.94237596247,3151.76120184474,4966.07131831615,161.401902730218,112.196749546887,219.843745688478,3.0236748888357,2.01738926605828,4.2793524207474,455.397943817823,271.28205703423,724.97719101331
"France","Europe & Central Asia",6187070.14222749,"[30,40)",6342.12972634749,3324.84768831242,2577.2932759741,4060.91115317136,131.983361681254,91.7467757468723,179.77307646158,2.85816023750562,1.78494401653039,4.23284420233331,366.087014198292,204.338270984766,609.251705787477
"France","Europe & Central Asia",6187070.14222749,"[40,50)",5847.90162068064,3065.74968093504,2376.45052622067,3744.4533522255,121.698190983423,84.5971529647896,165.76375926638,2.96778506074144,2.03601482077705,4.07637631420786,417.648138982347,226.537309792595,708.366560728107
"France","Europe & Central Asia",6187070.14222749,"[50,60)",5208.56267429361,2730.57763153465,2116.63812270798,3335.08003914836,108.393180357835,75.3483218195154,147.641151522137,3.42964933348119,2.23922158626591,4.9996596679852,368.520724685194,196.745199508879,634.038972521272
"France","Europe & Central Asia",6187070.14222749,"[60,70)",3861.38867053167,2024.32459581473,1569.17809724704,2472.47486183515,80.3577157019437,55.8597782941932,109.454355345574,4.37542410970436,3.06059002401729,5.89769024826347,286.83992180287,158.56260432139,476.820166407532
"France","Europe & Central Asia",6187070.14222749,"[70,80)",2259.53285100981,1184.55517318352,918.221334949573,1446.79509116683,47.0221762047196,32.6869462970883,64.0483858765177,6.16430357622167,4.39534212139935,8.29114986361853,190.366947067004,113.500755832801,311.14841459275
"France","Europe & Central Asia",6187070.14222749,"[80,90)",1231.91650611932,645.829543749117,500.622072518114,788.804974879776,25.6368899413685,17.8212008114964,34.9197240997488,7.2884404677805,5.25097456654796,9.61973019706451,110.83736678639,60.9910078033889,184.767943863768
"French Polynesia","East Asia & Pacific",180979.002420664,"[0,10)",311.306943068918,163.201986505942,126.507864984598,199.332068518931,6.47847625857587,4.50344119823567,8.82426082311943,0.162452142796342,0.0922436060103586,0.264940154129417,23.6511387820307,14.1142195989542,37.0097516645595
"French Polynesia","East Asia & Pacific",180979.002420664,"[10,20)",279.004338401516,146.267416402669,113.380841508575,178.64847905759,5.80624050512658,4.0361439409519,7.90861594208582,0.104126563794084,0.0692899842842728,0.15425885187431,17.2741093664754,10.2460401686123,27.8967071228015
"French Polynesia","East Asia & Pacific",180979.002420664,"[20,30)",254.354450691258,133.344766487431,103.363703324656,162.864979153583,5.29326218625847,3.67955272987286,7.20989385040486,0.0991630438171828,0.0661613657358125,0.140343663657287,14.9350204361589,8.89684092950199,23.7760168013941
"French Polynesia","East Asia & Pacific",180979.002420664,"[30,40)",204.845952707883,107.390044308223,83.2446069860804,131.164332791491,4.26296191212663,2.96335087686202,5.80653324797375,0.0923163956125528,0.0576523302696582,0.13671763913766,11.8243313260988,6.59997029399495,19.6783653908028
"French Polynesia","East Asia & Pacific",180979.002420664,"[40,50)",167.559344478541,87.8426211987098,68.0922009616284,107.289450101309,3.48700618240449,2.42395382394978,4.74961253499002,0.085035650663556,0.058337730496617,0.116800005773185,11.9668306565013,6.49095104379701,20.2967567283229
"French Polynesia","East Asia & Pacific",180979.002420664,"[50,60)",134.982711566264,70.7643923852221,54.8538188121923,86.4303983892872,2.80906774381399,1.95269240809223,3.82620008962961,0.0888812126691952,0.0580306354003653,0.129568877460932,9.55041338599587,5.09875798335399,16.4314620177276
"French Polynesia","East Asia & Pacific",180979.002420664,"[60,70)",75.989761843577,39.8374670501315,30.8804629821275,48.6567895505878,1.58139058237921,1.09928619245322,2.15399461311084,0.0861056641613079,0.0602305354031814,0.116062928555446,5.64483381623149,3.12041484754776,9.3835285642287
"French Polynesia","East Asia & Pacific",180979.002420664,"[70,80)",32.4834374477394,17.029371294295,13.2005096910559,20.7993779876273,0.675998987454402,0.469913227826965,0.920770740429259,0.0886191008630764,0.0631882031713245,0.119195013183509,2.73674835681391,1.63170661613448,4.47312375116382
"French Polynesia","East Asia & Pacific",180979.002420664,"[80,90)",10.0333575762923,5.25996584474779,4.0773219931776,6.42443082109378,0.208799932989038,0.145144966637322,0.284404078213008,0.0593607838059754,0.0427666202932503,0.0783479987281357,0.902716156702596,0.496741935991699,1.50484455741349
"Gabon","Sub-Saharan Africa",503681.572289864,"[0,10)",2218.71140360663,1163.15461834022,901.632452910365,1420.65682559975,46.1726584418484,32.0964134095312,62.8912671321948,1.15781041761983,0.657428127196222,1.88825130414808,168.563703740965,100.593259078951,263.771688653372
"Gabon","Sub-Saharan Africa",503681.572289864,"[10,20)",1401.94295988898,734.965541617391,569.716849027936,897.674132755715,29.1752380849008,20.2808444325084,39.7392689518578,0.523215889347456,0.348168799864177,0.775120962723251,86.7990661128403,51.4843746280887,140.175569953373
"Gabon","Sub-Saharan Africa",503681.572289864,"[20,30)",691.403416136238,362.466734207878,280.970187032061,442.710566493793,14.3885021399771,10.0020083013037,19.5984195464322,0.269551671155499,0.179844284861779,0.381491608352101,40.597379450454,24.1839928287514,64.6295718196427
"Gabon","Sub-Saharan Africa",503681.572289864,"[30,40)",345.21593154692,180.978699821301,140.287685292652,221.044237056105,7.18414178161697,4.99397679052576,9.78544002339121,0.155575885621171,0.0971583896913617,0.230402927321233,19.926913369285,11.1225770541465,33.1628970448546
"Gabon","Sub-Saharan Africa",503681.572289864,"[40,50)",211.063283760579,110.649466563834,85.7711849982029,135.145334458796,4.39234814174144,3.0532922849455,5.98276879958662,0.107113713780768,0.0734841318702613,0.147125144458298,15.0738150858032,8.17621629098942,25.5664650521361
"Gabon","Sub-Saharan Africa",503681.572289864,"[50,60)",113.221006069587,59.3558657015473,46.0103703697375,72.4962222723346,2.35619415539829,1.63788233636212,3.20934598619872,0.07455192003719,0.0486750254654748,0.108679981985931,8.01071040428819,4.27674405027256,13.7824069412626
"Gabon","Sub-Saharan Africa",503681.572289864,"[60,70)",76.5330366355669,40.1222776759316,31.1012371587554,49.0046522965772,1.59269644278532,1.10714533640963,2.16939420046306,0.0867212607318391,0.0606611425112805,0.116892699064512,5.68519051485681,3.1427236781862,9.45061437164782
"Gabon","Sub-Saharan Africa",503681.572289864,"[70,80)",31.2239482012302,16.3690868014829,12.6886827013455,19.9929179893084,0.649788292951405,0.451693153113731,0.885069443485648,0.0851830481130579,0.0607381896058402,0.114573432182924,2.63063566072519,1.56844000711918,4.2996860947594
"Gabon","Sub-Saharan Africa",503681.572289864,"[80,90)",5.61816412724102,2.94531030064168,2.28309057891129,3.59735078736707,0.116917221814278,0.081273715066052,0.159251654065719,0.0332389854151773,0.0239471074511095,0.0438708490700672,0.505474612073133,0.278149931771504,0.84263554301217
"Grenada","Latin America & Caribbean",59150.2923994064,"[0,10)",79.7601522784157,41.814086019187,32.4126615234373,51.0709975894172,1.6598545725391,1.15382956835835,2.26086954585092,0.0416219680796603,0.023633793675034,0.0678804874369636,6.05967349207206,3.61621328906361,9.48229229792061
"Grenada","Latin America & Caribbean",59150.2923994064,"[10,20)",68.3928536876256,35.8548045045037,27.7932570823197,43.7924347689507,1.42329456100002,0.989387489804782,1.93865377182881,0.0255247387311786,0.0169851830416785,0.037813759982033,4.23443463730374,2.5116309307025,6.83837183158991
"Grenada","Latin America & Caribbean",59150.2923994064,"[20,30)",65.5510551704044,34.3649978246782,26.6384165908551,41.9728107953654,1.36415510190547,0.948277348176153,1.85810056901392,0.0255558420088962,0.0170508018385802,0.0361687213029438,3.84898454075063,2.29285278487223,6.12744532224617
"Grenada","Latin America & Caribbean",59150.2923994064,"[30,40)",63.6874785783913,33.3880218574086,25.8811026242384,40.7795493368596,1.3253730028351,0.921318400464276,1.80527590102011,0.0287015603202714,0.0179243548652348,0.0425060959163042,3.67623493693631,2.05195885571747,6.11808755661242
"Grenada","Latin America & Caribbean",59150.2923994064,"[40,50)",35.0207842603068,18.3595698314149,14.2316281261893,22.4240593510205,0.728802631738533,0.506619097786951,0.99269400000092,0.0177728982265421,0.0121928924961842,0.0244118155064111,2.501130545749,1.35664290676514,4.2421289053059
"Grenada","Latin America & Caribbean",59150.2923994064,"[50,60)",26.1626949829197,13.7157358312316,10.6319076982478,16.7521612514139,0.544460706967542,0.378475845355208,0.741603904137441,0.017227184354158,0.0112476464284055,0.0251133717863234,1.85108559073465,0.988254335405994,3.18478806585688
"Grenada","Latin America & Caribbean",59150.2923994064,"[60,70)",16.8061416633211,8.81058314316834,6.82962313495452,10.7610930503094,0.349745459226666,0.243121692063352,0.476384419844461,0.0190434073591139,0.0133207801404513,0.0256688529065,1.24842971579217,0.690121046624266,2.07529154620685
"Grenada","Latin America & Caribbean",59150.2923994064,"[70,80)",7.70437604999464,4.03900235488666,3.13087833992678,4.93316724501439,0.160332489969493,0.111453359080928,0.218387110400864,0.0210185538202349,0.0149868892397417,0.0282705057408797,0.649098129747553,0.387005882434379,1.06092920592451
"Grenada","Latin America & Caribbean",59150.2923994064,"[80,90)",3.79311639138214,1.98853300224907,1.54143383883862,2.42875963180777,0.0789369303663234,0.0548721350646897,0.107519119361869,0.0224413772107325,0.0161679444996207,0.0296195043332142,0.341272343252759,0.187793564155349,0.568907318791745
"Guatemala","Latin America & Caribbean",13018384.5308687,"[0,10)",52738.9608249419,27648.2852840969,21431.8809265771,33769.1348902785,1097.52806101311,762.934506342186,1494.93082702154,27.5212531734874,15.6271231080596,44.8838958483881,4006.77373075691,2391.11041715213,6269.87571795314
"Guatemala","Latin America & Caribbean",13018384.5308687,"[10,20)",41337.0167356043,21670.8409422994,16798.3973646748,26468.3883085946,860.247056753497,597.991237664317,1171.73299679304,15.4272924028254,10.2659380007447,22.8548444016196,2559.31557217237,1518.0435413663,4133.14952667141
"Guatemala","Latin America & Caribbean",13018384.5308687,"[20,30)",30143.6378325075,15802.7364448849,12249.6698193309,19301.1875116099,627.306413791666,436.065123191155,854.447124659246,11.7518481436856,7.84080735298472,16.6321782767134,1769.95466690352,1054.36783238311,2817.70433980249
"Guatemala","Latin America & Caribbean",13018384.5308687,"[30,40)",18150.3323396996,9515.27217600877,7375.87080590097,11621.7879817009,377.718839126483,262.567078056389,514.486651061784,8.17967471957061,5.10827253709345,12.1138375166549,1047.69237774233,584.788972809146,1743.59740587333
"Guatemala","Latin America & Caribbean",13018384.5308687,"[40,50)",9940.30375019728,5211.18257919971,4039.50709334952,6364.84778880971,206.863429430255,143.79882758254,281.766388144302,5.04466163807215,3.46083211914085,6.92905274261772,709.921204472304,385.069691002913,1204.08639489055
"Guatemala","Latin America & Caribbean",13018384.5308687,"[50,60)",5035.20578005687,2639.69565750919,2046.18993304008,3224.07837635352,104.785523835621,72.8404992447677,142.727202494369,3.31550011536623,2.16469344405524,4.83325570464993,356.255227985192,190.196917597791,612.936216545268
"Guatemala","Latin America & Caribbean",13018384.5308687,"[60,70)",2810.43876107567,1473.3663960052,1142.09661958915,1799.54409679509,58.4868445602875,40.6564838450924,79.6642837793887,3.18456973987159,2.22759260182823,4.29252237699642,208.771015622134,115.406794618419,347.044545906787
"Guatemala","Latin America & Caribbean",13018384.5308687,"[70,80)",1246.80446104844,653.634521676983,506.672189401159,798.337839205845,25.9467168331052,18.0365735523814,35.3417358805409,3.40144698257218,2.42533856604284,4.57503533642401,105.043995591053,62.6294274241076,171.690901147561
"Guatemala","Latin America & Caribbean",13018384.5308687,"[80,90)",466.295701638562,244.454505435646,189.491673665403,298.572482299323,9.70388132934326,6.74554589954781,13.2175493787404,2.75876526119493,1.98755910618311,3.64118738529136,41.953320258885,23.0858541435679,69.9369621206501
"Guinea-Bissau","Sub-Saharan Africa",237751.198721156,"[0,10)",934.671373955477,489.999430966762,379.828598795984,598.476784742738,19.4510480429616,13.5211811557662,26.49405730042,0.487748092004016,0.276953212537963,0.795459219235263,71.0104380040067,42.376687441704,111.118483568183
"Guinea-Bissau","Sub-Saharan Africa",237751.198721156,"[10,20)",564.566694381581,295.972859229706,229.426708069965,361.496103808588,11.748957122116,8.16715774330439,16.0031244859403,0.210700630159878,0.140208634766201,0.312143569453916,34.9542479492997,20.732914268056,56.4491284066914
"Guinea-Bissau","Sub-Saharan Africa",237751.198721156,"[20,30)",345.675595485716,181.219677639518,140.474481972913,221.338563173089,7.19370765215316,5.00062639974716,9.79846958979577,0.134765655283495,0.0899153501608504,0.190731396189589,20.2971564634705,12.0910830452907,32.3123450121046
"Guinea-Bissau","Sub-Saharan Africa",237751.198721156,"[30,40)",232.851840950922,122.072070189399,94.6255453413159,149.096703907799,4.84578052932237,3.36849079974182,6.600384037177,0.104937600104751,0.0655343738108616,0.155409240665183,13.4409163612917,7.50229727686968,22.3687290257946
"Guinea-Bissau","Sub-Saharan Africa",237751.198721156,"[40,50)",131.304482709333,68.836088922547,53.3590725819033,84.0752020698279,2.73252168901572,1.89948226376476,3.72193755542235,0.0666364633794553,0.0457151795928386,0.0915279561770989,9.37756419322426,5.08650216882728,15.9051418539712
"Guinea-Bissau","Sub-Saharan Africa",237751.198721156,"[50,60)",74.2157614567228,38.9074512132126,30.1595506914784,47.520884378737,1.54447261557885,1.07362307569428,2.10370905905414,0.0488683832240472,0.0319062177969459,0.0712391445561917,5.25097765072092,2.80338275789042,9.03429373541829
"Guinea-Bissau","Sub-Saharan Africa",237751.198721156,"[60,70)",45.5078184025607,23.8573746272192,18.4933136712606,29.138982531328,0.947043834596722,0.658327058868547,1.28995792742871,0.0515659061565527,0.0360701257764064,0.0695063459580651,3.38050897896596,1.86871584773706,5.61949272528554
"Guinea-Bissau","Sub-Saharan Africa",237751.198721156,"[70,80)",16.6894910639491,8.74942932065177,6.78221905803211,10.6864008348465,0.347317893265143,0.241434196404464,0.473077859110917,0.0455311324218382,0.0324651279246991,0.061240566383836,1.40609925654595,0.838345788766217,2.29822225535994
"Guinea-Bissau","Sub-Saharan Africa",237751.198721156,"[80,90)",2.56606926307363,1.34525621920595,1.04279056764301,1.64307255446622,0.0534013749735208,0.0371213758451051,0.0727374219293871,0.0151817456517643,0.0109377253811185,0.0200377978987463,0.230873081655931,0.127043634589471,0.384869704395542
"Guyana","Latin America & Caribbean",386413.739941385,"[0,10)",833.177114219173,436.791286475594,338.583704027962,533.489282258554,17.3388942130427,12.0529407555522,23.6171159410868,0.434784416304561,0.246879368327697,0.709081753468833,63.2995440581837,37.7750802439026,99.0523301082283
"Guyana","Latin America & Caribbean",386413.739941385,"[10,20)",745.875550753144,391.023632075492,303.10638927543,477.589464994383,15.5220985429056,10.7900153170525,21.1424786628562,0.278366489076513,0.185236206310647,0.412387516120695,46.1796971018708,27.3912258769414,74.5775922648007
"Guyana","Latin America & Caribbean",386413.739941385,"[20,30)",651.954330014372,341.785636775665,264.939000539166,417.451033698496,13.5675440034718,9.4313283224938,18.4802015531509,0.254171985661422,0.169582992371086,0.359725017442336,38.2810334780652,22.8041378936927,60.9420321210682
"Guyana","Latin America & Caribbean",386413.739941385,"[30,40)",367.03580925377,192.417723159391,149.154773561569,235.015661256476,7.63822596713276,5.30962839545556,10.4039430677361,0.165409286945315,0.103299427770805,0.24496588122351,21.1864230646934,11.8255957995994,35.2590064413158
"Guyana","Latin America & Caribbean",386413.739941385,"[40,50)",339.432080246815,177.94652838135,137.937263319562,217.34079558355,7.06377651458672,4.91030620492114,9.62149182509175,0.172260328958072,0.118177218232557,0.236606732115199,24.2417170844077,13.1489951958986,41.1160020946519
"Guyana","Latin America & Caribbean",386413.739941385,"[50,60)",237.266727608531,124.38656489876,96.4196520827111,151.923587500764,4.93765685599103,3.43235761319421,6.72552776505918,0.156231522031214,0.102003721830178,0.227750525962536,16.787300426185,8.96237457034924,28.8825078229091
"Guyana","Latin America & Caribbean",386413.739941385,"[60,70)",131.440543499946,68.9074184955227,53.4143645068401,84.1623227699629,2.73535319220359,1.90145055192392,3.72579431458206,0.14893815984163,0.104181591264667,0.200755654964758,9.76394723146582,5.39742477876505,16.2308193170596
"Guyana","Latin America & Caribbean",386413.739941385,"[70,80)",45.5114240325215,23.8592648708688,18.4947789149964,29.1412912420535,0.9471188698268,0.658379218779762,1.29006013208529,0.124161166232761,0.0885308124489578,0.167000022589487,3.83436374729893,2.28612787125875,6.26713943426352
"Guyana","Latin America & Caribbean",386413.739941385,"[80,90)",7.09047589047784,3.71716653406696,2.8814036647764,4.54008256963182,0.147556875107331,0.10257253155194,0.200985586767864,0.0419496866543125,0.0302227532309844,0.0553677661565331,0.637940698950932,0.351042678799849,1.06345896397326
"Haiti","Latin America & Caribbean",9463541.182365,"[0,10)",21943.3898166204,11503.7742924799,8917.28070327959,14050.5098901564,456.654543449033,317.438360850295,622.004100442995,11.4509193427666,6.50206315613057,18.6750896810234,1667.12040786765,994.882476966379,2608.74171255459
"Haiti","Latin America & Caribbean",9463541.182365,"[10,20)",21596.4373764516,11321.8852317977,8776.2873414732,13828.3537541745,449.434263925774,312.419263307909,612.169437601602,8.05995644041863,5.36341769803277,11.9404653467165,1337.10903315844,793.098652608048,2159.3552696653
"Haiti","Latin America & Caribbean",9463541.182365,"[20,30)",19169.6017616738,10049.6219492938,7790.0780739653,12274.4335033757,398.930421130583,277.312074945212,543.37871218918,7.47349242085087,4.98629778137224,10.5770987485101,1125.58830122907,670.516663231223,1791.89619966518
"Haiti","Latin America & Caribbean",9463541.182365,"[30,40)",11874.8905266267,6225.38548090468,4825.67793907761,7603.57757772312,247.123291217141,171.785025720772,336.603900381835,5.35156822588098,3.34209732487807,7.92550195089155,685.454792695949,382.599332250132,1140.75202204251
"Haiti","Latin America & Caribbean",9463541.182365,"[40,50)",6952.85868805817,3645.02101559291,2825.47925046158,4451.96528785302,144.692982095956,100.581727964802,197.084709787968,3.52854604648149,2.4207184480657,4.84660486965167,496.562473179356,269.341381700166,842.211944652219
"Haiti","Latin America & Caribbean",9463541.182365,"[50,60)",3963.07425269077,2077.63304066912,1610.5007409756,2537.58486943892,82.4738510613511,57.330786410644,112.336719902166,2.60954044699495,1.70377164863497,3.80412481166809,280.398852219035,149.698848467806,482.425514356001
"Haiti","Latin America & Caribbean",9463541.182365,"[60,70)",2085.92109338703,1093.53958758333,847.669574758929,1335.63023751789,43.4092158290823,30.1754368072296,59.1272125286929,2.36360289566236,1.65332988570368,3.18593064329417,154.950846538769,85.6554750627649,257.578122205667
"Haiti","Latin America & Caribbean",9463541.182365,"[70,80)",905.104572161685,474.499099558137,367.813341659469,579.544949484117,18.8357459183935,13.0934606816078,25.6559610852767,2.46924462662156,1.7606489980951,3.32119873658181,76.255582697903,45.4651734769706,124.637202129147
"Haiti","Latin America & Caribbean",9463541.182365,"[80,90)",207.716567353573,108.894957780603,84.411157678589,133.002407938821,4.32270105140277,3.00487787954373,5.88790326852811,1.2289224373633,0.885380142896321,1.62200711288157,18.6885695978717,10.2838485542038,31.1541917538382
"Honduras","Latin America & Caribbean",6946582.92683214,"[0,10)",18183.5858853759,9532.70527486363,7389.3842695751,11643.0804655108,378.41086450842,263.048131855284,515.429251176795,9.4889065488869,5.38799268571019,15.4752797981459,1381.47421027738,824.418246996253,2161.75711134064
"Honduras","Latin America & Caribbean",6946582.92683214,"[10,20)",16170.4528412386,8477.3246634803,6571.29405663897,10354.0569380052,336.516409784002,233.925664495184,458.365277986918,6.0349373024062,4.01588889139981,8.9404899718348,1001.16784020399,593.837036030409,1616.82929211633
"Honduras","Latin America & Caribbean",6946582.92683214,"[20,30)",13458.3056860453,7055.48742766252,5469.14084815237,8617.44966146033,280.075069987754,194.691090688484,381.487153611744,5.24687715439381,3.50070495035143,7.42581040538562,790.236105210279,470.746254071631,1258.02753299613
"Honduras","Latin America & Caribbean",6946582.92683214,"[30,40)",9206.36041152861,4826.41438330691,3741.24967615442,5894.89860479769,191.589647073104,133.181426518666,260.962138210276,4.14896168885701,2.59105988676206,6.14448000497973,531.41911946208,296.621458362657,884.40177461466
"Honduras","Latin America & Caribbean",6946582.92683214,"[40,50)",5607.33954542049,2939.63553721112,2278.69172187981,3590.41972998728,116.691956050393,81.1171240589782,158.944822061447,2.84570083644238,1.95226034227925,3.90868855040909,400.467565580287,217.218362774944,679.226855420648
"Honduras","Latin America & Caribbean",6946582.92683214,"[50,60)",3117.1261581509,1634.14659559083,1266.727209062,1995.91823688022,64.8691854138817,45.0930975786398,88.3575996311854,2.0525143536127,1.34008873789586,2.99210567434369,220.545602034583,117.744500014664,379.448149157812
"Honduras","Latin America & Caribbean",6946582.92683214,"[60,70)",1651.67775513122,865.888463802794,671.203232360757,1057.58111339047,34.3723625883493,23.8935681142859,46.8182147283352,1.87155225435218,1.30914261463088,2.52268927602407,122.693455269331,67.8238708141369,203.955967464121
"Honduras","Latin America & Caribbean",6946582.92683214,"[70,80)",697.209360206315,365.510487734343,283.329586990458,446.428154125424,14.5093271702377,10.0859984862385,19.76299398314,1.90207907381133,1.35624213959941,2.55834620382028,58.7402910781753,35.0221902380195,96.0090431836253
"Honduras","Latin America & Caribbean",6946582.92683214,"[80,90)",279.824039936684,146.697143146193,113.713949052263,179.173339829928,5.823298964801,4.04800194073611,7.93185108124504,1.65553497043153,1.19273417436775,2.18507646701082,25.176186532164,13.8538205459365,41.9691693762779
"Hong Kong S.A.R.","East Asia & Pacific",5866050.44514084,"[0,10)",4125.88006624087,2162.98363363746,1676.66121807985,2641.8305995917,85.8619335353387,59.6859745115772,116.951589548578,2.15304564387167,1.2225427789192,3.5113617765581,313.45835426187,187.06160781316,490.505592788935
"Hong Kong S.A.R.","East Asia & Pacific",5866050.44514084,"[10,20)",3292.27478307299,1725.96788052357,1337.90351619941,2108.06715768421,68.5141288805901,47.6268397609138,93.3223367934437,1.22870225671531,0.817627673051969,1.82026749476819,203.83595105768,120.904140296665,329.183502727472
"Hong Kong S.A.R.","East Asia & Pacific",5866050.44514084,"[20,30)",5979.55521621363,3134.76879149461,2429.95147009373,3828.75209374035,124.437977910783,86.5016855787245,169.495592722556,2.33119921550889,1.55537101286112,3.29930411598378,351.103663059907,209.153610024309,558.944437178842
"Hong Kong S.A.R.","East Asia & Pacific",5866050.44514084,"[30,40)",6393.76858736698,3351.91924867083,2598.27810205414,4093.97588626565,133.057996033564,92.493795944535,181.236824021312,2.88143193733585,1.79947737992317,4.26730884795122,369.067766289926,206.002033164291,614.212352371281
"Hong Kong S.A.R.","East Asia & Pacific",5866050.44514084,"[40,50)",4941.19400776871,2590.41019075692,2007.98574627076,3163.88196425108,102.829084866444,71.4805023096916,140.062358623762,2.50763482522032,1.72033404197059,3.444340812086,352.892475892085,191.413069215232,598.53548028157
"Hong Kong S.A.R.","East Asia & Pacific",5866050.44514084,"[50,60)",4239.90282636346,2222.75981715411,1722.99740255603,2714.84019073481,88.2348126530008,61.3354552151248,120.183661937246,2.79182200767788,1.822783467562,4.06985045255709,299.985266545375,160.155609068153,516.123890547618
"Hong Kong S.A.R.","East Asia & Pacific",5866050.44514084,"[60,70)",3119.5030523863,1635.39267721403,1267.69312332029,1997.4401793076,64.9186499478924,45.1274823029831,88.4249747256031,3.53477726028238,2.47256123033851,4.76457158324692,231.729589522801,128.098093815246,385.209076698003
"Hong Kong S.A.R.","East Asia & Pacific",5866050.44514084,"[70,80)",1475.8981480397,773.736387842769,599.770508818653,945.028170177634,30.714288020343,21.3506979920144,41.8355918383034,4.02644477066757,2.87098162528375,5.41567374130692,124.345270969881,74.1372515384637,203.238190875471
"Hong Kong S.A.R.","East Asia & Pacific",5866050.44514084,"[80,90)",854.387578872619,447.910826348465,347.203141076768,547.07049490977,17.7802961629513,12.3597764445105,24.2183446526486,5.05484988153984,3.64177882539069,6.67170051838052,76.8705257108294,42.2999117483141,128.144590503398
"India","South Asia",542267785.238285,"[0,10)",1211718.7638364,635240.921372081,492414.182168702,775872.215626239,25216.5633255637,17529.0154082043,34347.2018675572,632.322259539773,359.045343302669,1031.24251867795,92058.7519371224,54937.6270132664,144055.285419523
"India","South Asia",542267785.238285,"[10,20)",1098639.72534902,575959.48186613,446461.504105935,703466.896215063,22863.3235970784,15893.1868090709,31141.880073564,410.020790729213,272.844249446617,607.42748169011,68020.5292819574,40345.9918266922,109849.297781995
"India","South Asia",542267785.238285,"[20,30)",973025.574290561,510106.536911221,395414.849297659,623035.25431561,20249.2209774872,14076.0222531463,27581.2398222182,379.345348180025,253.098385799739,536.880615051357,57133.4875306518,34034.6069481928,90954.4627178548
"India","South Asia",542267785.238285,"[30,40)",746566.80721302,391386.0217682,303387.299742873,478032.081463729,15536.4839868014,10800.0151994492,21162.0729168021,336.44968726407,210.115531055611,498.271261850404,43094.1064192908,24053.7764351884,71718.3533615285
"India","South Asia",542267785.238285,"[40,50)",501968.702827993,263155.998570848,203988.347506272,321414.160828136,10446.2569699235,7261.60012447921,14228.7310238902,254.746969741137,174.766229806218,349.905566715658,35849.8326685416,19445.374925014,60804.3477267028
"India","South Asia",542267785.238285,"[50,60)",329312.233195379,172641.220617735,133824.794025344,210860.98493117,6853.17668595189,4763.91006071053,9334.63612893666,216.840144145699,141.575153704478,316.10430620466,23299.7835321851,12439.2476528136,40087.2184958782
"India","South Asia",542267785.238285,"[60,70)",186828.561499072,97944.4662303786,75922.7603483254,119627.667969429,3888.00965427765,2702.70695721605,5295.81492665597,211.699536646713,148.082899784038,285.352519330423,13878.3983026391,7671.85740689315,23070.3597551606
"India","South Asia",542267785.238285,"[70,80)",72569.2056020747,38044.2478945765,29490.4288797516,46466.5828549632,1510.2068426809,1049.80360222569,2057.03602896361,197.978362393144,141.164792517506,266.286086020679,6113.99746428592,3645.29317745495,9993.1245793792
"India","South Asia",542267785.238285,"[80,90)",20866.5983366303,10939.2687056316,8479.69781539328,13361.0325821528,434.2458943846,301.861236019439,591.481527519069,123.453950804429,88.9426975056744,162.9420866851,1877.3989973614,1033.0853232811,3129.6589102743
"Indonesia","East Asia & Pacific",180637078.435603,"[0,10)",286729.604828366,150317.370492098,116520.209209352,183595.022560743,5967.00773583508,4147.89950525462,8127.5952080366,149.626726112576,84.9610755177992,244.023422503225,21783.9075796365,12999.9175995667,34087.8727758597
"Indonesia","East Asia & Pacific",180637078.435603,"[10,20)",256160.270855133,134291.463773112,104097.546428912,164021.25875689,5330.84234089167,3705.67615918808,7261.08136318113,95.600982183731,63.6167209567334,141.628583642521,15859.7552978892,9407.12406058424,25612.6055009914
"Indonesia","East Asia & Pacific",180637078.435603,"[20,30)",230335.958038315,120753.124055059,93603.1493334163,147485.766033502,4793.42356112244,3332.09543172697,6529.06919015685,89.7991548311888,59.9137995048479,127.091120816858,13524.7180897972,8056.71917059862,21530.8660548333
"Indonesia","East Asia & Pacific",180637078.435603,"[30,40)",195940.782365973,102721.528162563,79625.7539140185,125462.288348579,4077.64020336583,2834.52653841421,5554.1085991797,88.3031690029296,55.1460380296964,130.774178458206,11310.2978133731,6313.0529351571,18822.8972034214
"Indonesia","East Asia & Pacific",180637078.435603,"[40,50)",158593.012405394,83142.0411487315,64448.4931916235,101548.243363198,3300.41166289348,2294.24470517073,4495.45420475763,80.4852754858638,55.2159979208883,110.549876058445,11326.4690111199,6143.61128360431,19210.6492277214
"Indonesia","East Asia & Pacific",180637078.435603,"[50,60)",112159.337960934,58799.2885091658,45578.9332664597,71816.4285674716,2334.10023237624,1622.52398986259,3179.25209813446,73.8528501499847,48.2186020152822,107.660894848933,7935.59434535951,4236.64122020007,13653.1699523153
"Indonesia","East Asia & Pacific",180637078.435603,"[60,70)",59878.5801031121,31391.2151320687,24333.2553154041,38340.6843235343,1246.10763823975,866.217957973752,1697.30942502922,67.8497311180919,47.4605901018174,91.4555223743801,4448.0285979807,2458.83137242154,7394.05352973219
"Indonesia","East Asia & Pacific",180637078.435603,"[70,80)",22267.9041799802,11673.9002402917,9049.15575515207,14258.2987646188,463.407873708447,322.132863770681,631.202736859212,60.7497790130679,43.3165010872978,81.7100448981751,1876.08378184407,1118.56039362765,3066.39625921244
"Indonesia","East Asia & Pacific",180637078.435603,"[80,90)",5446.0572674434,2855.08365444685,2213.15037402039,3487.14953058957,113.335579226596,78.7839757904973,154.373138330315,32.2207422180933,23.2135116765285,42.5269093240754,489.989901014319,269.629085775211,816.822242799294
"Italy","Europe & Central Asia",8460174.52147637,"[0,10)",9371.85144504319,4913.17269699001,3808.50136388625,6000.86370055366,195.033610516585,135.575459658182,265.653122706876,4.89059875827827,2.77698069873369,7.97598582880965,712.014184412907,424.906582680465,1114.17333387712
"Italy","Europe & Central Asia",8460174.52147637,"[10,20)",9304.59026245958,4877.91116859565,3781.16799148823,5957.7958829096,193.633866681141,134.602443195063,263.746547117722,3.47254461021152,2.31077020791559,5.14441968634315,576.078890833101,341.697932468857,930.334742952855
"Italy","Europe & Central Asia",8460174.52147637,"[20,30)",8535.02703165812,4474.46932187486,3468.43548273147,5465.03902647866,177.618813913377,123.46975619466,241.932620960055,3.32747965377058,2.22008714009889,4.70932181364046,501.154207424151,298.539214168631,797.819521355167
"Italy","Europe & Central Asia",8460174.52147637,"[30,40)",8415.51829865966,4411.81712903302,3419.869927111,5388.51672755458,175.131768549754,121.740914086519,238.545043991091,3.7925587802636,2.36848340878159,5.61665865838828,485.769307759284,271.141167523723,808.430148825877
"Italy","Europe & Central Asia",8460174.52147637,"[40,50)",9364.20273612206,4909.16287800612,3805.3931073663,5995.96617737053,194.874436491535,135.464811593191,265.436313528723,4.75229283744048,3.26025586478428,6.527472025175,668.776956158778,362.752562165476,1134.30227052545
"Italy","Europe & Central Asia",8460174.52147637,"[50,60)",8479.02352713269,4445.10960666986,3445.67696755245,5429.17958084178,176.453348823237,122.659596013075,240.345153857429,5.58312901406065,3.64523069024738,8.13895014870915,599.915195465229,320.281674581644,1032.15257285082
"Italy","Europe & Central Asia",8460174.52147637,"[60,70)",5712.96772766619,2995.01088156922,2321.61654612682,3658.05421270509,118.890139181707,82.6451667776229,161.93894298024,6.47348890940621,4.52817717321897,8.72569868794419,424.382872610557,234.595146615498,705.460769431318
"Italy","Europe & Central Asia",8460174.52147637,"[70,80)",4014.87068542398,2104.78720765508,1631.54960051692,2570.75049683171,83.5517645715123,58.0800860786591,113.80493396652,10.9530966602969,7.80990204578303,14.7322020660254,338.255172927182,201.674809535485,552.866778638022
"Italy","Europe & Central Asia",8460174.52147637,"[80,90)",2408.74912262927,1262.78147840896,978.859339863458,1542.33934014943,50.1274525071047,34.8455448122182,68.2780483660306,14.250985756661,10.2671571630813,18.8093239736696,216.718753807652,119.254864923824,361.274177642003
"Jamaica","Latin America & Caribbean",1411473.76677442,"[0,10)",2484.92078693603,1302.71430742901,1009.81372375472,1591.11260315191,51.7126285842034,35.9474624495042,70.4371991596097,1.29672888929933,0.736308839685378,2.11481083524846,188.788614268606,112.662818654375,295.420013199784
"Jamaica","Latin America & Caribbean",1411473.76677442,"[10,20)",2275.36667935388,1192.85602318793,924.655832679028,1456.93360502483,47.3516872654051,32.9160022705514,64.4972092460164,0.849184335448271,0.565081254136268,1.25802865131464,140.875704991472,83.5596268092118,227.506275402675
"Jamaica","Latin America & Caribbean",1411473.76677442,"[20,30)",2150.32425639276,1127.30280544215,873.841514805594,1376.86804472688,44.7494826358443,31.1071084709499,60.9527751152319,0.838328945604549,0.559331237142297,1.18647180488933,126.261351536468,75.2143035200823,201.003542534814
"Jamaica","Latin America & Caribbean",1411473.76677442,"[30,40)",1670.5202091135,875.766579241659,678.860365224129,1069.64607182421,34.7644848763205,24.1661475906803,47.3523201576846,0.752840866342153,0.470155165600417,1.11493332478694,96.4275065159331,53.8228049415743,160.477210475005
"Jamaica","Latin America & Caribbean",1411473.76677442,"[40,50)",1113.4253988405,583.710838973201,452.470056203511,712.934269002987,23.1710219533609,16.1070799220505,31.5609925997675,0.56505862773805,0.387651975172082,0.776131545616289,79.5191294047949,43.1321200096927,134.871167738996
"Jamaica","Latin America & Caribbean",1411473.76677442,"[50,60)",928.828030885521,486.93607109611,377.454000758223,594.735250263238,19.3294447180366,13.4366499478938,26.3284227571621,0.611599521066952,0.399313957947101,0.891574957412266,65.7172430196926,35.0850066848423,113.066350004415
"Jamaica","Latin America & Caribbean",1411473.76677442,"[60,70)",592.526548790819,310.630751973828,240.788939351167,379.398999130931,12.3308177487946,8.57163172965991,16.795670406861,0.671404815320572,0.469644731190678,0.904995157651317,44.0153228340729,24.3312861569309,73.1676170677782
"Jamaica","Latin America & Caribbean",1411473.76677442,"[70,80)",301.191913564672,157.899204330943,122.39735342895,192.855342576571,6.26797668586462,4.35711474582273,8.53754168444845,0.821691257591589,0.585891682753821,1.10519627628282,25.3755925880658,15.1294590937414,41.4755582561776
"Jamaica","Latin America & Caribbean",1411473.76677442,"[80,90)",141.5843733169,74.2252991716971,57.5365798363771,90.6574897591227,2.94645211596136,2.04819363659534,4.01332982268128,0.837661701066848,0.60349539892898,1.10559722567523,12.7385573929687,7.00970688753203,21.2354111752359
"Kenya","Sub-Saharan Africa",3204467.71462921,"[0,10)",18132.3408990333,9505.84020244626,7368.55950495708,11610.2679331973,377.344426914325,262.306809543539,513.976668330726,9.46216491005015,5.37280824336017,15.4316673607035,1377.58093930846,822.094871283991,2155.66484690254
"Kenya","Sub-Saharan Africa",3204467.71462921,"[10,20)",12450.9554342987,6527.38625339506,5059.77725226254,7972.43606997334,259.111532760876,180.118519386198,352.932951530619,4.6467922784091,3.09216161766339,6.88401514125948,770.881080636334,457.243748424566,1244.92923350111
"Kenya","Sub-Saharan Africa",3204467.71462921,"[20,30)",6805.3680375266,3567.69936346233,2765.54249762209,4357.52596643013,141.623616959377,98.4480926998426,192.903961500019,2.65315195807776,1.77017717784751,3.75495801361854,399.593207195,238.038991384051,636.138052077197
"Kenya","Sub-Saharan Africa",3204467.71462921,"[30,40)",4459.30458458793,2337.7807107845,1812.15714866777,2855.32471020116,92.8006892368468,64.5093738794917,126.402791907615,2.00964149276965,1.25503724767402,2.97621498956345,257.404621351497,143.67517347109,428.379588878384
"Kenya","Sub-Saharan Africa",3204467.71462921,"[40,50)",2242.85124289562,1175.80987648211,911.442319338065,1436.11373784126,46.675022360166,32.4456261373333,63.5755314663414,1.13823741298785,0.780874691048964,1.56341646557441,160.180985996234,86.8840688143134,271.680497417434
"Kenya","Sub-Saharan Africa",3204467.71462921,"[50,60)",1004.90433100255,526.818905647514,408.369630871882,643.447450891018,20.9126362115824,14.5371880238484,28.4848703714446,0.661693001419564,0.432020042922528,0.964600018867674,71.0998591085538,37.958668341693,122.327127338914
"Kenya","Sub-Saharan Africa",3204467.71462921,"[60,70)",448.171391829709,234.952875514726,182.126377807772,286.967356730772,9.32670403402757,6.48335526968863,12.7038003585107,0.507832823993205,0.355226838818867,0.684514373628388,33.2920246976891,18.4035405741935,55.3420481243379
"Kenya","Sub-Saharan Africa",3204467.71462921,"[70,80)",149.529263547813,78.3903905618033,60.7651975175036,95.7446599592845,3.11178984415513,2.16312633173099,4.2385345126811,0.407935548989977,0.290870863045784,0.548684004535433,12.5979267732501,7.51114745873863,20.5908903990179
"Kenya","Sub-Saharan Africa",3204467.71462921,"[80,90)",33.0259593593284,17.3137872241856,13.4209779146872,21.146758658896,0.687289179987014,0.477761480434216,0.936148986744374,0.195392899994547,0.14077128747789,0.25789151858737,2.971394857362,1.63508365623288,4.95337027683309
"Laos","East Asia & Pacific",1977287.96152896,"[0,10)",6070.73883504472,3182.57160496009,2467.00636140509,3887.1376188991,126.335561382404,87.8207697648977,172.080270171216,3.1679490421505,1.79882541574949,5.16654870199961,461.216461418015,275.238773029074,721.720288312563
"Laos","East Asia & Pacific",1977287.96152896,"[10,20)",5418.25791922734,2840.50990672473,2201.85336870432,3469.34940853396,112.75705882597,78.3818237253807,153.58514209434,2.02213550553221,1.3456099221336,2.9957034022033,335.462811828434,198.977867521228,541.75341915638
"Laos","East Asia & Pacific",1977287.96152896,"[20,30)",4974.0389468212,2607.62907847973,2021.33316176402,3184.91281430912,103.512606909891,71.9556451067791,140.993376435512,1.93918699158409,1.29382131529623,2.74449630062995,292.062407868761,173.982539588944,464.952876778869
"Laos","East Asia & Pacific",1977287.96152896,"[30,40)",2976.77615508421,1560.56841233288,1209.69224844238,1906.05112324593,61.9484212516855,43.062760639309,84.3792590860732,1.34152147772551,0.837790933934103,1.98675054490708,171.828572036961,95.9093110491916,285.961660906773
"Laos","East Asia & Pacific",1977287.96152896,"[40,50)",1709.37609874717,896.136694707626,694.650490529959,1094.52577665337,35.5730982532534,24.7282462462559,48.4537234905552,0.867501059031134,0.595139128029008,1.1915488140847,122.081011749231,66.2181903786667,207.059719297985
"Laos","East Asia & Pacific",1977287.96152896,"[50,60)",962.640514913459,504.662192163825,391.194603913526,616.385626308851,20.0331019280526,13.9257894835719,27.2868664564856,0.633863813648492,0.413850337531109,0.924031303479333,68.109573091649,36.3622196765953,117.182347828013
"Laos","East Asia & Pacific",1977287.96152896,"[60,70)",481.609056804172,252.48249851046,195.714663260991,308.377733448028,10.0225610442945,6.96707258268626,13.6516194920706,0.545721774830506,0.381729994180636,0.735585376179768,35.7759127558226,19.7766122054538,59.4710686239002
"Laos","East Asia & Pacific",1977287.96152896,"[70,80)",189.529239735997,99.3602909107872,77.0202528565092,121.356931615345,3.94421231929851,2.74177561888947,5.37236795476068,0.517060758723223,0.368680566107337,0.695460271571865,15.9679478580484,9.52042452174921,26.09907726567
"Laos","East Asia & Pacific",1977287.96152896,"[80,90)",48.0665319367595,25.1987746215921,19.5331150426262,30.7773451598362,1.00029213262821,0.695342024968558,1.36248684494925,0.284378084694493,0.20488087905987,0.375339616316033,4.3246176213734,2.37972801717847,7.20921769495069
"Macao S.A.R","East Asia & Pacific",150463.71270752,"[0,10)",110.325691798641,57.8380035044526,44.8337823268689,70.6423317777935,2.29594100273639,1.59599802295401,3.1272758336995,0.0575722624798965,0.032690692815165,0.0938935235475796,8.38185047281626,5.00201192463553,13.1160789908386
"Macao S.A.R","East Asia & Pacific",150463.71270752,"[10,20)",113.296529010132,59.3954584385488,46.0410611274555,72.5445801528592,2.35776583116136,1.63897486940526,3.21148674836394,0.042283135535493,0.0281368912023056,0.0626405760805636,7.01457419685928,4.16065496992949,11.3281395763718
"Macao S.A.R","East Asia & Pacific",150463.71270752,"[20,30)",174.090741600849,91.2666919069042,70.7464080832691,111.471550525648,3.62292830728571,2.51843858742044,4.93475055722121,0.0678713023916594,0.045283584364142,0.0960570275797294,10.2221477803458,6.08936714538496,16.2732925884327
"Macao S.A.R","East Asia & Pacific",150463.71270752,"[30,40)",201.793071795358,105.789578142649,82.0039875431331,129.209551246189,4.19942970716815,2.91918716647626,5.71999673462627,0.0909405765721807,0.0567931202324756,0.134680094995775,11.6481097560281,6.50160894944594,19.3850927862084
"Macao S.A.R","East Asia & Pacific",150463.71270752,"[40,50)",128.609850896113,67.4234340665895,52.2640371989804,82.3498099923786,2.67644485354443,1.86050107111257,3.6455559183547,0.0652689492593149,0.0447770122528048,0.0896496186106672,9.18511773378759,4.98211692409443,15.5787363851773
"Macao S.A.R","East Asia & Pacific",150463.71270752,"[50,60)",78.7522576848617,41.2856994749132,32.0030767197607,50.4256354519666,1.63887970724661,1.13924912247641,2.23229991393698,0.0518555012138075,0.0338565102125863,0.0755936927577009,5.57194774978037,2.97474171261347,9.58652197710416
"Macao S.A.R","East Asia & Pacific",150463.71270752,"[60,70)",44.0298085344897,23.0825311747518,17.8926850087818,28.1926022116678,0.916285600469835,0.636945812226077,1.24806247708498,0.0498911407902762,0.0348986347291209,0.0672489082511896,3.27071629266717,1.8080234093709,5.43698198332789
"Macao S.A.R","East Asia & Pacific",150463.71270752,"[70,80)",18.7011667149758,9.80404589687286,7.59971702047412,11.9744911830902,0.389182018801998,0.270535580764901,0.530100521250028,0.0510192488722275,0.0363783273807724,0.0686222268417492,1.57558409143288,0.939396192516679,2.5752395552908
"Macao S.A.R","East Asia & Pacific",150463.71270752,"[80,90)",4.81436194631251,2.52391875893006,1.95644416114502,3.0826704855884,0.10018963683207,0.0696457191686918,0.136467195663405,0.0284834160933372,0.0205209460289469,0.0375941573673948,0.433155330117961,0.23835445468692,0.722077960168168
"Madagascar","Sub-Saharan Africa",4311712.62843142,"[0,10)",22213.6421889503,11645.4535097417,9027.10495035046,14223.5544225643,462.278650514244,321.347896742663,629.664634442001,11.5919476042887,6.58214184988153,18.9050900288251,1687.652479209,1007.13533998511,2640.87068818259
"Madagascar","Sub-Saharan Africa",4311712.62843142,"[10,20)",15544.8062730888,8149.33081353246,6317.04591558788,9953.45095292297,323.496345412613,224.874910590486,440.630792382396,5.80144119383585,3.86051123267602,8.59457591962032,962.431929124978,570.861049687888,1554.27299218904
"Madagascar","Sub-Saharan Africa",4311712.62843142,"[20,30)",10587.9528026919,5550.71118361768,4302.69652973885,6779.5421224324,220.341378136163,153.167874723762,300.124552934072,4.12783666593685,2.75408358638364,5.8420526274333,621.696577573291,370.346701615087,989.718650666497
"Madagascar","Sub-Saharan Africa",4311712.62843142,"[30,40)",6068.61609592837,3181.4587636042,2466.14372984641,3885.7784138174,126.291385962373,87.7900617097049,172.020099320423,2.73489789242427,1.70796569235201,4.05029659849464,350.298975696541,195.52588386212,582.976833925948
"Madagascar","Sub-Saharan Africa",4311712.62843142,"[40,50)",3365.29452043548,1764.24831871174,1367.57703065559,2154.82221925684,70.0337115479307,48.6831608640695,95.3921435294265,1.70787257559593,1.17166634535294,2.34583407233175,240.344158427169,130.365525408835,407.644016590102
"Madagascar","Sub-Saharan Africa",4311712.62843142,"[50,60)",1673.91637861964,877.547013704347,680.240489127287,1071.82066351827,34.8351611140516,24.2152773965221,47.4485874790181,1.10221313464654,0.719636092142734,1.60677959143488,118.434377291041,63.2295380639472,203.766045866092
"Madagascar","Sub-Saharan Africa",4311712.62843142,"[60,70)",773.431564898719,405.469812441434,314.304509313088,495.233778499329,16.0955550217852,11.1886472529129,21.9235773870575,0.876392252893381,0.613032547035254,1.1813003525942,57.4536956842714,31.7599013356568,95.506513056886
"Madagascar","Sub-Saharan Africa",4311712.62843142,"[70,80)",258.190651394335,135.355886346197,104.922645620689,165.321325979194,5.37309572589306,3.73504813296483,7.31863423132946,0.704378143927323,0.502243746939942,0.947407063871199,21.7527114267069,12.969421563897,35.554080042746
"Madagascar","Sub-Saharan Africa",4311712.62843142,"[80,90)",46.3283206951735,24.2875211660885,18.8267466240567,29.6643560344009,0.964118958493403,0.670196642602763,1.31321576474068,0.274094230965935,0.197471851763363,0.361766356207492,4.16822816155294,2.29367084132856,6.94851356807731
"Malawi","Sub-Saharan Africa",3520084.46762033,"[0,10)",20143.9245740486,10560.4085604438,8186.02009049795,12898.2993885411,419.206638377564,291.406863356848,570.996723331344,10.5118879750061,5.96886218981488,17.1436410277501,1530.40838414615,913.297250039007,2394.81213841771
"Malawi","Sub-Saharan Africa",3520084.46762033,"[10,20)",13316.6210708863,6981.20957692354,5411.56353237447,8526.72798613071,277.126531781492,192.641446929264,377.470982348548,4.96986534834383,3.30714737271739,7.36263345942654,824.477390166452,489.034095972135,1331.48423428896
"Malawi","Sub-Saharan Africa",3520084.46762033,"[20,30)",8847.77054993688,4638.42442980399,3595.52713830196,5665.29094440839,184.127186127047,127.993979235795,250.79760273279,3.44940635535702,2.30143636846156,4.88188247071183,519.517679437617,309.478395009765,827.053510085911
"Malawi","Sub-Saharan Africa",3520084.46762033,"[30,40)",4779.64267981222,2505.71725912727,1942.33506278864,3060.43949022177,99.4671089580688,69.1434618994239,135.483048441484,2.1540058696957,1.34519396016792,3.19001402989584,275.89551035483,153.996206835758,459.152616136612
"Malawi","Sub-Saharan Africa",3520084.46762033,"[40,50)",2071.51869567803,1085.98916196998,841.816776980429,1326.40827896256,43.1094936619358,29.9670882540084,58.7189642814495,1.05128687807239,0.721223276226443,1.44398628657468,147.944679003743,80.2469506060783,250.92668603591
"Malawi","Sub-Saharan Africa",3520084.46762033,"[50,60)",812.509671921642,425.956424889461,330.184938571664,520.255770716698,16.9087928702005,11.7539605587493,23.0312796613614,0.535008106652188,0.349307344499511,0.779921849957474,57.4873860284115,30.6912650382569,98.9069019158266
"Malawi","Sub-Saharan Africa",3520084.46762033,"[60,70)",364.296370516664,190.981578371229,148.041529692123,233.261578984281,7.58121667384425,5.26999901505335,10.3262913401939,0.412792199552638,0.288746337787201,0.556407897570715,27.0614411933004,14.9593284133189,44.9848152653067
"Malawi","Sub-Saharan Africa",3520084.46762033,"[70,80)",175.913717537811,92.2223830692402,71.4872228926978,112.638815093514,3.66086548340886,2.5448101962801,4.98642436501825,0.479915818723394,0.342195056858915,0.645499353780327,14.8208322529651,8.83649020326311,24.2241551356711
"Malawi","Sub-Saharan Africa",3520084.46762033,"[80,90)",29.5971348850365,15.5162334656086,12.0275837957723,18.9512577545116,0.615933373616172,0.428159279960239,0.838956032486526,0.17510679867907,0.126156116710854,0.231116679406356,2.66289840162375,1.46532583642189,4.43910096975122
"Malaysia","East Asia & Pacific",23094921.1553088,"[0,10)",28127.8170852581,14745.946811002,11430.487386674,18010.4430285237,585.356026422023,406.903774870659,797.30696623224,14.6781954576327,8.33457568137044,23.9383937936859,2136.97419967834,1275.2757239104,3343.97785969423
"Malaysia","East Asia & Pacific",23094921.1553088,"[10,20)",24785.8375886861,12993.9213427427,10072.3850367369,15870.5495862754,515.807513909741,358.557894755839,702.575706940218,9.25026511650156,6.15549674543436,13.7038544672074,1534.57566896506,910.224869625172,2478.25268942536
"Malaysia","East Asia & Pacific",23094921.1553088,"[20,30)",28420.478195791,14899.3737604338,11549.418021155,18197.8360367313,591.44647219784,411.137480965688,805.60269502861,11.0800542981471,7.3925879700089,15.6814005890184,1668.77529174738,994.094944913118,2656.63040395151
"Malaysia","East Asia & Pacific",23094921.1553088,"[30,40)",24371.6385835607,12776.7784169254,9904.06424279446,15605.3349924209,507.187794752253,352.565992212448,690.834882858779,10.9833843405956,6.85921170644695,16.2660420916996,1406.80509310774,785.234409277603,2341.24229881082
"Malaysia","East Asia & Pacific",23094921.1553088,"[40,50)",15640.6521982702,8199.577830942,6355.99545922039,10014.8217862785,325.490954156791,226.261440822962,443.347626881157,7.93756409480713,5.44547459035245,10.9025746832538,1117.0313228213,605.891053274143,1894.57958151212
"Malaysia","East Asia & Pacific",23094921.1553088,"[50,60)",11107.8581232844,5823.27041496422,4513.97389944317,7112.44122826687,231.160906422174,160.688950279793,314.861712687108,7.31412111002249,4.77539721458971,10.6623484691424,785.912771194262,419.581734778359,1352.16093033852
"Malaysia","East Asia & Pacific",23094921.1553088,"[60,70)",7105.6617232294,3725.12767379411,2887.57483224371,4549.80616726414,147.872901007614,102.792213465131,201.4160421496,8.05158099118278,5.63204568090345,10.852829235338,527.837943018601,291.784206252134,877.436356293904
"Malaysia","East Asia & Pacific",23094921.1553088,"[70,80)",3071.89066640505,1610.43198761994,1248.3445625785,1966.95362706048,63.9278088533996,44.4387100627611,87.075361035116,8.38052282011298,5.97557607199624,11.2720228291581,258.808561967049,154.307078260393,423.013947430345
"Malaysia","East Asia & Pacific",23094921.1553088,"[80,90)",835.40972962277,437.961730235629,339.490986741468,534.918841915075,17.3853562217089,12.0852383075735,23.6804013289578,4.94257041797477,3.56088681424892,6.52350720446902,75.1630602879101,41.3603365855985,125.298214009997
"Mauritius","Sub-Saharan Africa",1152626.70471835,"[0,10)",1033.86854908875,542.003333860582,420.140012074792,661.993447479594,21.5153982231515,14.9561913769962,29.3058858374369,0.539513059084036,0.306346405796452,0.879881733586939,78.5468139445299,46.8741480496319,122.911547935191
"Mauritius","Sub-Saharan Africa",1152626.70471835,"[10,20)",1235.52290162967,647.72018873639,502.087627355432,791.114175792195,25.711941102973,17.8733717973355,35.0219504564789,0.461106644336308,0.306838821673012,0.683108891287314,76.4954331886475,45.3728330959503,123.535787033803
"Mauritius","Sub-Saharan Africa",1152626.70471835,"[20,30)",1281.60092263147,671.876490833679,520.812658034759,820.618263137636,26.6708511811085,18.5399475443041,36.3280712629238,0.499647040190025,0.333363411330667,0.707141425439353,75.2522156324863,44.8279930340023,119.798827920471
"Mauritius","Sub-Saharan Africa",1152626.70471835,"[30,40)",1036.13440220002,543.191202416436,421.06080181578,663.444289478741,21.5625519276019,14.9889697537002,29.3701133764813,0.466946952658014,0.29161212105848,0.691533552044873,59.8088285759477,33.3834092629511,99.5354367071591
"Mauritius","Sub-Saharan Africa",1152626.70471835,"[40,50)",990.580014947948,519.309414171341,402.548563652605,634.275488579049,20.6145389685038,14.3299690186412,28.0788354152933,0.502715120828141,0.344881929009749,0.690500143843306,70.7457010379671,38.3733082866907,119.990691333314
"Mauritius","Sub-Saharan Africa",1152626.70471835,"[50,60)",873.896543140707,458.13835835221,355.131128140873,559.562224660105,18.186288912725,12.6419978191888,24.7713428845332,0.575429131630929,0.375698273387719,0.838846640416942,61.8306829574198,33.0100568010648,106.379533270754
"Mauritius","Sub-Saharan Africa",1152626.70471835,"[60,70)",626.895408543934,328.648551803017,254.755640596115,401.405626544021,13.0460534571598,9.0688199305485,17.7698850506621,0.710348923365029,0.496885964402964,0.957488420128822,46.5683838919436,25.742596018484,77.4116253313807
"Mauritius","Sub-Saharan Africa",1152626.70471835,"[70,80)",285.335824139548,149.586684003302,115.953809316497,182.702574788698,5.9380023592985,4.12773673820083,8.08808730562007,0.778433754738951,0.555047724145396,1.04701380125667,24.0397079006919,14.3329766998255,39.2920993681763
"Mauritius","Sub-Saharan Africa",1152626.70471835,"[80,90)",95.2560138760962,49.9377576932965,38.7098174670019,60.9931089156169,1.98233235114915,1.37799643348896,2.70011295966267,0.56356724086848,0.406023382014556,0.743830566912728,8.57032574541358,4.71603412794439,14.2868917959284
"Mexico","Latin America & Caribbean",55537951.8129646,"[0,10)",180349.522314357,94547.8440568696,73289.8302686763,115479.092708072,3753.1771281452,2608.97961627792,5112.16103482332,94.1134369296024,53.4395093039701,153.487839905178,13701.8196236809,8176.79405867864,21440.8678710344
"Mexico","Latin America & Caribbean",55537951.8129646,"[10,20)",143247.492230241,75097.1856377591,58212.4324880018,91722.3967281777,2981.06257562235,2072.25271525922,4060.47234679755,53.4610652418938,35.5751331404422,79.2001795094351,8868.94039510417,5260.56178141512,14322.8358373122
"Mexico","Latin America & Caribbean",55537951.8129646,"[20,30)",117286.80987991,61487.3544889373,47662.6180016711,75099.5856143603,2440.80586754816,1696.69923328978,3324.59466303267,45.7256282942596,30.5080390901849,64.714655287091,6886.77118756049,4102.47230899413,10963.492695756
"Mexico","Latin America & Caribbean",55537951.8129646,"[30,40)",83549.0530709257,43800.4090029139,33952.3822414322,53497.0579430304,1738.70377387201,1208.64071955468,2368.26917046716,37.6524277604287,23.5142434482517,55.7620452688811,4822.70541562144,2691.88266143517,8026.07409446751
"Mexico","Latin America & Caribbean",55537951.8129646,"[40,50)",59485.7881104057,31185.294785862,24173.6338309281,38089.176793275,1237.93341130404,860.535734426623,1686.1754009734,30.1887830424797,20.7106675307395,41.4655501090702,4248.38349064388,2304.37365118587,7205.61765043247
"Mexico","Latin America & Caribbean",55537951.8129646,"[50,60)",32897.5588444613,17246.473534076,13368.7989467573,21064.5428882645,684.617091536446,475.904007668504,932.509364634308,21.6618475805068,14.143042621631,31.5781163470648,2327.59649520371,1242.65314309315,4004.623868912
"Mexico","Latin America & Caribbean",55537951.8129646,"[60,70)",17489.0352194968,9168.58860183655,7107.13511381329,11198.3546924328,363.956866293933,253.000594681372,495.741620152031,19.8172090105394,13.8620510105524,26.7118700722144,1299.15787370801,718.163129403416,2159.61805329466
"Mexico","Latin America & Caribbean",55537951.8129646,"[70,80)",7084.24501407318,3713.9000106901,2878.87158224986,4536.0928947785,147.427206991163,102.482394193534,200.808967261696,19.326754579189,13.7805832275257,25.9949914231268,596.851731985685,355.855487227242,975.534214397619
"Mexico","Latin America & Caribbean",55537951.8129646,"[80,90)",2719.48361878222,1425.68336086668,1105.13457580213,1741.30486680216,56.594015816622,39.3407048555277,77.0860826930621,16.089397585098,11.5916454121982,21.2357725203561,244.676000221845,134.639032589008,407.879425364988
"Montserrat","Latin America & Caribbean",2185.31541252136,"[0,10)",3.21480895388144,1.6853565883829,1.30642321394957,2.05846523162352,0.0669020204890428,0.0465062004227817,0.0911265017923782,0.00167761309173014,0.000952582578522068,0.00273598774040006,0.244240915337157,0.145754923087989,0.382192828271788
"Montserrat","Latin America & Caribbean",2185.31541252136,"[10,20)",3.10138127457513,1.62589237468738,1.26032885640733,1.98583667499533,0.0645415253449025,0.044865328301612,0.0879112974770074,0.00115745933194805,0.000770219778681696,0.00171472428486741,0.192017083429906,0.113893845879014,0.310096701680869
"Montserrat","Latin America & Caribbean",2185.31541252136,"[20,30)",4.57434874013355,2.39809235862586,1.85890840436916,2.92898830815967,0.095194824179816,0.0661736303351714,0.129663816620723,0.00178336311128103,0.00118985596350538,0.00252396157917319,0.268593656334083,0.160002126899818,0.427591466181445
"Montserrat","Latin America & Caribbean",2185.31541252136,"[30,40)",3.19424941782982,1.67457829641103,1.29806829906934,2.04530081322488,0.0664741647371449,0.0462087812237149,0.0905437242072291,0.00143952852884555,0.000898997124258543,0.00213189586345063,0.184381790098041,0.10291612302124,0.306853058908376
"Montserrat","Latin America & Caribbean",2185.31541252136,"[40,50)",2.85798141119481,1.49829052672554,1.16141684130662,1.82998599666952,0.059476234411443,0.0413442472695414,0.0810119207473851,0.00145041334245864,0.00099503939842625,0.00199220309894422,0.204112636472966,0.11071311768305,0.346192291558642
"Montserrat","Latin America & Caribbean",2185.31541252136,"[50,60)",1.77447614079079,0.930265249883431,0.721105625928344,1.13620980050873,0.0369278675129884,0.0256699991299402,0.0502990397078094,0.00116842808546347,0.000762867901807755,0.00170330614176912,0.125549268432196,0.0670280236938835,0.216007198036277
"Montserrat","Latin America & Caribbean",2185.31541252136,"[60,70)",0.785151271475446,0.411613843074779,0.31906712412229,0.502737990680863,0.0163394488458879,0.0113581873502476,0.0222557824660189,0.000889672109206682,0.000622321748432377,0.00119920044116015,0.0583242839634767,0.0322411549351377,0.0969537106629723
"Montserrat","Latin America & Caribbean",2185.31541252136,"[70,80)",0.302131511907593,0.158391786714654,0.122779184232767,0.193456974134882,0.00628753026696115,0.00437070720169792,0.00856417540088654,0.000824254605773445,0.000587719430543366,0.00110864404676745,0.0254547542908625,0.01517665695681,0.0416049454145114
"Montserrat","Latin America & Caribbean",2185.31541252136,"[80,90)",0.116149738908867,0.0608912475102655,0.0472005389376308,0.0743715109158768,0.0024171427676584,0.00168025009082662,0.00329236341652092,0.000687181682508876,0.000495081705531248,0.000906984479234318,0.0104501653721155,0.00575046246800283,0.0174206192805297
"Mozambique","Sub-Saharan Africa",211728.020344868,"[0,10)",538.833390724645,282.482230865395,218.969294969742,345.018884903043,11.2134322952275,7.79489357626429,15.2736920451769,0.281184345169129,0.159662147298225,0.458578277057764,40.9371637483826,24.4299491972882,64.0592522052321
"Mozambique","Sub-Saharan Africa",211728.020344868,"[10,20)",465.910596363724,244.252614834531,189.335175883395,298.325896629649,9.69586706742062,6.73997487391226,13.2066332412587,0.1738814160115,0.115707655604481,0.257597548779739,28.8461127260486,17.1099084432691,46.5848363743507
"Mozambique","Sub-Saharan Africa",211728.020344868,"[20,30)",301.291705692069,157.951520136265,122.437906616922,192.919240191509,6.27005341734307,4.35855836276666,8.54037037741482,0.117462079126588,0.0783704420319186,0.166241957596817,17.6910518747643,10.5386179468681,28.1635199902618
"Mozambique","Sub-Saharan Africa",211728.020344868,"[30,40)",148.333678357777,77.763607631338,60.2793396426115,94.9791181866821,3.08690902976533,2.1458307084862,4.20464463072367,0.0668484309937491,0.0417473818825746,0.099000395378082,8.56227099698921,4.77919069339101,14.2495581870182
"Mozambique","Sub-Saharan Africa",211728.020344868,"[40,50)",94.1252321728431,49.3449478495577,38.250294214382,60.2690612804092,1.95880013453381,1.36163827308804,2.66805998781068,0.0477681527496132,0.0327707920111496,0.0656115461384995,6.72227930600751,3.64624411680124,11.4015541499912
"Mozambique","Sub-Saharan Africa",211728.020344868,"[50,60)",56.8754950469813,29.8168543356943,23.1128717445367,36.4177874222457,1.18361171364895,0.822774606436965,1.61218441770343,0.0374504476334725,0.0244514358764114,0.0545943548085747,4.02410414584965,2.14838167838735,6.92346098074309
"Mozambique","Sub-Saharan Africa",211728.020344868,"[60,70)",30.3336826139496,15.9023670074116,12.3268995762862,19.4228745482773,0.631261354829926,0.438814356760502,0.859834106083384,0.0343717604130538,0.0240428960463019,0.0463301364898802,2.2533114097992,1.24561087326753,3.74572798177946
"Mozambique","Sub-Saharan Africa",211728.020344868,"[70,80)",12.7041105418545,6.66010226685736,5.16265357057115,8.13453310111495,0.264379835927743,0.183780722129483,0.360108848976899,0.0346584888158943,0.0247125914343629,0.0466165757844229,1.07032864690317,0.638152327831625,1.74941641239803
"Mozambique","Sub-Saharan Africa",211728.020344868,"[80,90)",3.27703399625783,1.71797793124834,1.33171001668519,2.09830837257081,0.0681969593546854,0.0474063628690069,0.0928903236919026,0.019388056799285,0.0139681724228771,0.0255895450170673,0.294839639870463,0.162242818441767,0.491503142016983
"Myanmar","East Asia & Pacific",14662178.1235252,"[0,10)",57326.7236971148,30053.4099722125,23296.2405206569,36706.7123633969,1193.00204098396,829.302188741437,1624.97487865618,29.9153273366871,16.9865267457612,48.7883465184576,4355.32302849868,2599.11314271756,6815.29228631223
"Myanmar","East Asia & Pacific",14662178.1235252,"[10,20)",50127.6180917463,26279.2945468391,20370.6922789262,32097.0734081659,1043.18451912729,725.158193576868,1420.91008996662,18.7080124021733,12.4490604328404,27.7150844977136,3103.5716582715,1840.86595738074,5012.09224444624
"Myanmar","East Asia & Pacific",14662178.1235252,"[20,30)",36773.1123935497,19278.2240366061,14943.7333195512,23546.0876234381,765.269586495578,531.968698506669,1042.36523554417,14.3364259821897,9.56523202838297,20.2900845782971,2159.21987449504,1286.25440034163,3437.40058698583
"Myanmar","East Asia & Pacific",14662178.1235252,"[30,40)",23091.7050517833,12105.7760521134,9383.92917342818,14785.7843716066,480.551642932345,334.050165545731,654.554075211775,10.4065662550275,6.49898418072927,15.4117928941708,1332.92343738031,743.99598998569,2218.28649040306
"Myanmar","East Asia & Pacific",14662178.1235252,"[40,50)",15364.888162784,8055.00913628144,6243.93140107578,9838.24809641892,319.752146216131,222.272171884218,435.530860088945,7.79761502625381,5.34946414084324,10.7103488122524,1097.33667956469,595.208444914989,1861.17580113745
"Myanmar","East Asia & Pacific",14662178.1235252,"[50,60)",8705.5486901336,4563.86492973101,3537.73149885852,5574.22526747962,181.167467551217,125.936563566187,246.766202811923,5.73228760595724,3.74261648869951,8.35638992856032,615.942499435387,328.838303574198,1059.72750869793
"Myanmar","East Asia & Pacific",14662178.1235252,"[60,70)",4463.36171977471,2339.90765506489,1813.80587357372,2857.92252296135,92.8851205499626,64.5680653740238,126.517794864921,5.05753296167019,3.53772218201547,6.81711351412944,331.556969762855,183.281798001036,551.154276232687
"Myanmar","East Asia & Pacific",14662178.1235252,"[70,80)",1294.91432318418,678.856012060965,526.222912823825,829.142929002877,26.9479106920572,18.732542402442,36.7054509569377,3.53269703059974,2.51892397393166,4.75157009081237,109.097279248558,65.0460799250783,178.31585786068
"Myanmar","East Asia & Pacific",14662178.1235252,"[80,90)",239.322045621834,125.464060888299,97.2548852810588,153.239622366602,4.98042920414922,3.462090338476,6.78378750718071,1.41591128414773,1.02009670990865,1.86880644723549,21.5321616512923,11.8486055504078,35.8945123887595
"Nepal","South Asia",17020912.3741323,"[0,10)",45049.0837508761,23616.8839857449,18306.8946315598,28845.2514435463,937.497303058981,651.690892938262,1276.95470245993,23.5083744493341,13.3485295627457,38.3393671682544,3422.54535440739,2042.46219028524,5355.66404622965
"Nepal","South Asia",17020912.3741323,"[10,20)",44335.1468441881,23242.6041182201,18016.7673606791,28388.1125214292,922.639866040382,641.362909736784,1256.71755190441,16.5462176059352,11.0105156273729,24.5124820963224,2744.94002406197,1628.14563404082,4432.92249089985
"Nepal","South Asia",17020912.3741323,"[20,30)",32778.9858867797,17184.3119194048,13320.6136683522,20988.6197729877,682.149520194554,474.188702711423,929.148313014848,12.7792692635799,8.52630047483107,18.086268818253,1924.69533269482,1146.54735732955,3064.04592905171
"Nepal","South Asia",17020912.3741323,"[30,40)",20477.8322051375,10735.458908393,8321.7123468116,13112.1028397044,426.155447932666,296.237251550015,580.461619933108,9.22859170096849,5.7633296137454,13.6672501298377,1182.04274789406,659.779128914759,1967.18685049587
"Nepal","South Asia",17020912.3741323,"[40,50)",14148.9426774386,7417.55236536913,5749.79957808381,9059.66948069403,294.447622388699,204.68201170491,401.063848195135,7.18052789309784,4.9261186076925,9.86275394877158,1010.49572326977,548.104879059767,1713.88619584709
"Nepal","South Asia",17020912.3741323,"[50,60)",9273.70517400947,4861.71972828026,3768.61701346903,5938.01993924943,192.991130254207,134.155652068704,262.871082942904,6.1063980137776,3.98687355972425,8.90175901311755,656.141197668566,350.299514231048,1128.88926709356
"Nepal","South Asia",17020912.3741323,"[60,70)",5195.25152434533,2723.59929018183,2111.22878251194,3326.55681436127,108.116167683257,75.1557595191631,147.263835623425,5.88685333571174,4.11782815571441,7.93496507778084,385.924771666218,213.335844198103,641.531041739509
"Nepal","South Asia",17020912.3741323,"[70,80)",2253.17964852967,1181.22452062816,915.639541965279,1442.72709004999,46.8899624126732,32.5950393402189,63.8682989334055,6.1469712020757,4.38298359408063,8.26783736614667,189.831686090514,113.181622042321,310.273548410389
"Nepal","South Asia",17020912.3741323,"[80,90)",491.650932363029,257.746929889005,199.795446763178,314.807618394453,10.2315382413923,7.1123407725104,13.9362650197646,2.90877550033383,2.09563434586192,3.83918008807772,44.2345682118117,24.3411673626789,73.7398447217681
"New Caledonia","East Asia & Pacific",18114.7779720426,"[0,10)",26.1771739684366,13.7233264078363,10.6377916195212,16.761432249692,0.544762022970952,0.378685301846099,0.742014323331421,0.0136602735602453,0.00775657907981356,0.0222782840546373,1.98877663422942,1.18683630447891,3.1120754914783
"New Caledonia","East Asia & Pacific",18114.7779720426,"[10,20)",22.4063319493369,11.7464706967162,9.10540956492342,14.3469350582212,0.466288635083263,0.324135393214307,0.635126590050292,0.00836221532066824,0.00556455285796846,0.0123882483728454,1.38725236608111,0.822840886630882,2.24033390902829
"New Caledonia","East Asia & Pacific",18114.7779720426,"[20,30)",22.4635075539071,11.7764448828154,9.12864439416325,14.3835450079237,0.467478492248433,0.324962509277371,0.636747281328403,0.00875765994187206,0.00584309153995202,0.0123945578311707,1.3189977351434,0.785731300878104,2.09979708068184
"New Caledonia","East Asia & Pacific",18114.7779720426,"[30,40)",17.2085845159125,9.02156293163873,6.99316650330267,11.0187800953746,0.358120526098753,0.248943527273416,0.487792005755197,0.00775526426127871,0.00484322479829272,0.0114852991568328,0.993331829501622,0.554446622475806,1.65312914161183
"New Caledonia","East Asia & Pacific",18114.7779720426,"[40,50)",15.8336295211292,8.30074577191598,6.43441693246049,10.1383865502492,0.329506923065999,0.229053097242575,0.448817733693,0.00803549926078486,0.00551266188502672,0.01103709271025,1.13081346639786,0.613366651601046,1.91795526245872
"New Caledonia","East Asia & Pacific",18114.7779720426,"[50,60)",13.074382938228,6.8542167637611,5.3131236174842,8.37162117231882,0.272085417131502,0.189137171773552,0.370604535867113,0.00860900627174516,0.00562082907188158,0.0125500006715226,0.925050033282156,0.4938640927434,1.59154623701019
"New Caledonia","East Asia & Pacific",18114.7779720426,"[60,70)",7.77686608972882,4.07700510024751,3.16033659764829,4.97958313739631,0.161841049325001,0.112502017450646,0.220441902405779,0.00881213736566348,0.00616405153772442,0.0118779929224605,0.577697779576813,0.319346288566263,0.960319434128088
"New Caledonia","East Asia & Pacific",18114.7779720426,"[70,80)",4.03361959839126,2.11461628442067,1.63916872049828,2.58275556028261,0.0839419402172439,0.0583513123682067,0.114336387896016,0.0110042461672415,0.00784637325126195,0.0148009994933884,0.339834779667935,0.20261660411567,0.555448593079224
"New Caledonia","East Asia & Pacific",18114.7779720426,"[80,90)",1.48415500719899,0.778065028263738,0.60312590338012,0.950315096320257,0.0308861180010898,0.0214701437047872,0.0420696395536646,0.00878076993140027,0.00632612693872119,0.0115893980387124,0.133531641214034,0.0734790947080183,0.222599719780614
"Nicaragua","Latin America & Caribbean",4217172.11408435,"[0,10)",8402.69160463537,4405.09276264263,3414.65745847851,5380.30370337042,174.864837681162,121.555360042216,238.181460408749,4.38485323511608,2.48980818148004,7.15117493650377,638.383530173429,380.96623660545,998.954686123359
"Nicaragua","Latin America & Caribbean",4217172.11408435,"[10,20)",7621.92232853915,3995.7761710962,3097.3710748509,4880.37153576106,158.616580675551,110.260563692267,216.049889339273,2.84456000262639,1.89288410849154,4.21408854862894,471.899184938446,279.904329759449,762.090425296564
"Nicaragua","Latin America & Caribbean",4217172.11408435,"[20,30)",6380.74796395727,3345.09321522274,2592.98682505244,4085.63868770504,132.787029383094,92.3054364710458,180.867743345133,2.48760887893534,1.65972719786942,3.5206678857077,374.660639830339,223.18657877734,596.446299186865
"Nicaragua","Latin America & Caribbean",4217172.11408435,"[30,40)",5113.8413729736,2680.92019573364,2078.14559992507,3274.42931051767,106.421975682046,73.9780606666165,144.956195445946,2.30461669877603,1.43925163218502,3.41306386675091,295.186475221119,164.763817413364,491.257150838045
"Nicaragua","Latin America & Caribbean",4217172.11408435,"[40,50)",3241.97632788799,1699.59902500288,1317.46339971904,2075.86069605989,67.4673891434461,46.89921019681,91.8965841803574,1.64528912031586,1.12873168536992,2.25987309148457,231.536962793442,125.58839791931,392.706268044342
"Nicaragua","Latin America & Caribbean",4217172.11408435,"[50,60)",1905.85628601186,999.141004712876,774.495445986438,1220.33344982752,39.661963782324,27.5705759458186,54.0231219816617,1.25493713904825,0.819349752095883,1.82941694321493,134.844789932796,71.9907004435747,232.000119211401
"Nicaragua","Latin America & Caribbean",4217172.11408435,"[60,70)",1231.8595893336,645.799705248237,500.598942866806,788.768530653641,25.6357054703723,17.8203774395692,34.9181107449118,1.39584709202521,0.976388934601947,1.88148018941649,91.5076254750374,50.584616392972,152.11509239133
"Nicaragua","Latin America & Caribbean",4217172.11408435,"[70,80)",475.714477680252,249.392278250171,193.319244088522,304.60339215568,9.89989146766332,6.8818001817201,13.4845326191624,1.29781182633139,0.925380607134366,1.74559091936958,40.0792193621313,23.8960689388446,65.5081449525631
"Nicaragua","Latin America & Caribbean",4217172.11408435,"[80,90)",223.171960762105,116.997414094739,90.691868296012,142.898607193248,4.64433666375711,3.22845932210577,6.32599957700209,1.32036184433989,0.951257884854538,1.74269444350913,20.0791144112095,11.049030297692,33.4722557196307
"Nigeria","Sub-Saharan Africa",7260741.9304363,"[0,10)",20158.4770672824,10568.0376733089,8191.9338835893,12907.6174543376,419.509484118776,291.617383228072,571.409226164258,10.5194820353427,5.97317425057103,17.1560260383841,1531.51399083036,913.957039644691,2396.54221277896
"Nigeria","Sub-Saharan Africa",7260741.9304363,"[10,20)",15384.54121464,8065.31220588917,6251.91794196763,9850.83208648529,320.161137511355,222.556477664638,436.087942606406,5.74162904206738,3.82070983229329,8.50596688918902,952.509373213731,564.975541828407,1538.24862703694
"Nigeria","Sub-Saharan Africa",7260741.9304363,"[20,30)",10355.7288948096,5428.96830597111,4208.32616171893,6630.84748857232,215.508665254599,149.808467754991,293.541968195305,4.03730147187931,2.69367870311839,5.71391980360245,608.061004063327,362.223945505094,968.011306759245
"Nigeria","Sub-Saharan Africa",7260741.9304363,"[30,40)",6804.36314122161,3567.17254876431,2765.13413125281,4356.88252411836,141.602704490192,98.433555627925,192.875476857151,3.06647151839146,1.91503608397776,4.5413465689983,392.768532554965,219.231056352175,653.655795365477
"Nigeria","Sub-Saharan Africa",7260741.9304363,"[40,50)",4396.95797334085,2305.09563570352,1786.82094318472,2815.403727834,91.5032204531922,63.6074527887105,124.635524034761,2.23143736547164,1.53085195010751,3.06497210447393,314.023975412853,170.330333025644,532.611216684417
"Nigeria","Sub-Saharan Africa",7260741.9304363,"[50,60)",2665.64496157753,1397.45856215194,1083.2558039718,1706.83158843227,55.4736024424269,38.5618618765594,75.5599800341966,1.75523038455359,1.14599172795686,2.55873231003687,188.602014494759,100.690513406664,324.48928778117
"Nigeria","Sub-Saharan Africa",7260741.9304363,"[60,70)",1505.92814834143,789.479550059783,611.973999001709,964.256594763215,31.3392295718609,21.7851192073225,42.6868178102284,1.70640018137006,1.19361946205379,2.30007867968283,111.866571631993,61.8388640708957,185.958206116318
"Nigeria","Sub-Saharan Africa",7260741.9304363,"[70,80)",615.973511250238,322.92277094772,250.317236831054,394.412257368757,12.8187625023925,8.91082113440716,17.4602945563005,1.68045696550095,1.1982186133981,2.26025865988742,51.8961239082873,30.9415546087949,84.8224806162861
"Nigeria","Sub-Saharan Africa",7260741.9304363,"[80,90)",122.341549389902,64.1372906617973,49.7167459859636,78.3361715780985,2.54599789952131,1.76982231217533,3.46787556576289,0.723814556453361,0.521473948183485,0.955334790284651,11.007251802851,6.05701308201766,18.3492926814396
"Niue","East Asia & Pacific",903.777652233839,"[0,10)",1.40251740989415,0.735266695780761,0.569950292082489,0.898041957214306,0.0291871927193959,0.0202891545646053,0.0397555522272176,0.000731888458061272,0.000415581040710367,0.00119362316523819,0.106554430102373,0.0635881696677099,0.166738398230688
"Niue","East Asia & Pacific",903.777652233839,"[10,20)",1.07456889962925,0.563340403937515,0.4366796831796,0.688054173856926,0.0223623958907685,0.0155449724481788,0.0304595719879003,0.000401037373538476,0.000266866323994317,0.000594118950502127,0.0665302224343757,0.0394620247578305,0.107442536728903
"Niue","East Asia & Pacific",903.777652233839,"[20,30)",0.799319664285275,0.419041592129668,0.324824827779538,0.511810114220834,0.0166343012367012,0.0115631507322511,0.0226573976448062,0.000311624076866137,0.000207914901842221,0.000441035923744359,0.0469339360435046,0.0279587004891888,0.0747171426176445
"Niue","East Asia & Pacific",903.777652233839,"[30,40)",0.667696343386858,0.350038352981304,0.27133618681031,0.427530757771646,0.0138951443418724,0.0096590560784698,0.0189264223489688,0.000300905724376482,0.000187918040849342,0.000445631785846784,0.03854146340245,0.021512634120951,0.0641417242644109
"Niue","East Asia & Pacific",903.777652233839,"[40,50)",0.610085959154361,0.319836234591569,0.247924673278528,0.390642415532867,0.0126962391622503,0.00882565038812071,0.0172934068704958,0.00030961601490411,0.000212408507419742,0.000425270484156703,0.0435714008182003,0.0236336451762979,0.0739007802570357
"Niue","East Asia & Pacific",903.777652233839,"[50,60)",0.629971587792101,0.33026123207028,0.256005727938077,0.403375326180744,0.0131100705138624,0.00911332068026767,0.0178570819752051,0.000414813408475744,0.00027083210212299,0.000604704932323373,0.0445722938518182,0.0237961782310494,0.0766865185692458
"Niue","East Asia & Pacific",903.777652233839,"[60,70)",0.33991452517689,0.178199449084601,0.138133317662182,0.217649708532649,0.00707381647063379,0.00491728536944783,0.00963516713812462,0.000385164596366025,0.000269420950217819,0.000519168297063146,0.0252502568740313,0.0139581215354048,0.041974044647742
"Niue","East Asia & Pacific",903.777652233839,"[70,80)",0.234545050703217,0.122959731712208,0.0953136262065297,0.150180878256864,0.00488101719662215,0.00339298517972759,0.00664837951178866,0.000639869827158647,0.000456247290346264,0.000860641687188259,0.0197605559184912,0.0117816567790818,0.0322979684248748
"Niue","East Asia & Pacific",903.777652233839,"[80,90)",0.0813976522966777,0.0426725418353321,0.0330781032549335,0.0521195005961995,0.00169393188828139,0.00117751803791722,0.00230728588053514,0.000481576421806603,0.000346952898076659,0.000635614061406747,0.00732346826943489,0.00402991990264264,0.0122083572835401
"Pakistan","South Asia",71174901.5054787,"[0,10)",189416.812718405,99301.3512918149,76974.5651444977,121284.94378959,3941.8726484993,2740.14922258161,5369.1811150551,98.84510382072,56.1262452802613,161.204626731397,14390.6951804192,8587.8922714862,22518.8334403726
"Pakistan","South Asia",71174901.5054787,"[10,20)",151391.989784969,79366.9207323925,61522.1659197834,96937.3769294766,3150.55424685261,2190.07297800476,4291.33507664122,56.5006543359626,37.597797414423,83.7031949431142,9373.19399309982,5559.65694809605,15137.1768050847
"Pakistan","South Asia",71174901.5054787,"[20,30)",118478.186591144,62111.9311335622,48146.7656491501,75862.4326678008,2465.59910107731,1713.93397566687,3358.36525206897,46.190100375239,30.8179338457392,65.3720142285062,6956.72567619279,4144.14442858221,11074.8577323265
"Pakistan","South Asia",71174901.5054787,"[30,40)",85276.6895291932,44706.1186513072,34654.4533152424,54603.2759588584,1774.6568806932,1233.63312455868,2417.24049942306,38.4310087802037,24.000473546339,56.9150989403847,4922.42984572885,2747.54570555519,8192.03813251097
"Pakistan","South Asia",71174901.5054787,"[40,50)",50854.362125761,26660.2885229558,20666.0240669909,32562.4128257705,1058.30847982027,735.671447766093,1441.51026946975,25.8083712722928,17.7055363966882,35.4488722092206,3631.94032297801,1970.00755731719,6160.07791062228
"Pakistan","South Asia",71174901.5054787,"[50,60)",31435.6503321063,16480.0711822548,12774.7134988786,20128.4723821574,654.193935868489,454.755687114878,891.070320951614,20.6992339251592,13.5145511734686,30.1748414928371,2224.16228156634,1187.4318661473,3826.66556658258
"Pakistan","South Asia",71174901.5054787,"[60,70)",15794.2985707977,8280.12660691443,6418.43375359142,10113.2026606478,328.688423403133,228.484126244555,447.702864359458,17.8968657804194,12.5187793218128,24.1234148144765,1173.26582572559,648.57110446498,1950.34499642354
"Pakistan","South Asia",71174901.5054787,"[70,80)",6923.460659519,3629.60916319522,2813.53257883073,4433.14151931986,144.081192239738,100.156449005184,196.251397594678,18.8881136577543,13.4678184692182,25.4050078879291,583.305557297877,347.778974526914,953.393444464358
"Pakistan","South Asia",71174901.5054787,"[80,90)",1789.53236101612,938.158440526148,727.224121894631,1145.85040631085,37.2411961021683,25.8878060371168,50.7258211119403,10.5874870688431,7.62778067103845,13.9740139907043,161.006897536323,88.5980353806379,268.401481090795
"Panama","Latin America & Caribbean",2596300.15589449,"[0,10)",5588.45648499478,2929.73613393277,2271.01808750699,3578.32877095656,116.298988719015,80.8439571599955,158.409565607825,2.91627524256832,1.65591995194842,4.75609862049327,424.575689192675,253.372768595637,664.384111253393
"Panama","Latin America & Caribbean",2596300.15589449,"[10,20)",4675.2109132289,2450.96913307295,1899.89643390107,2993.57108103396,97.2938239237502,67.6327268178369,132.522840945096,1.74482465110114,1.16107617737865,2.58487976164395,289.45823957129,171.69051595442,467.458643585606
"Panama","Latin America & Caribbean",2596300.15589449,"[20,30)",4132.8276480957,2166.62588828473,1679.48455294863,2646.27918608539,86.0065167035049,59.7864799036019,117.148524682028,1.61123097332562,1.07500977791278,2.28034607541394,242.668705877507,144.558548412375,386.319875006483
"Panama","Latin America & Caribbean",2596300.15589449,"[30,40)",3280.80465582952,1719.9546913118,1333.24232459742,2100.72275293989,68.2754289457376,47.4609101383104,92.997206253556,1.47853573151611,0.923357435515673,2.18966428717532,189.378021649549,105.704862520537,315.167919794473
"Panama","Latin America & Caribbean",2596300.15589449,"[40,50)",2556.21201220721,1340.08857692009,1038.7848113003,1636.7608860346,53.1962399222966,36.9787784805376,72.4580097460715,1.29726666315454,0.889974879792262,1.78184976022943,182.560730154418,99.0231077857185,309.638435977715
"Panama","Latin America & Caribbean",2596300.15589449,"[50,60)",1705.50052821727,894.104935302941,693.075549256559,1092.04422104526,35.4924454049138,24.6721813097692,48.3438671383097,1.12301014994419,0.73321448487513,1.63709697624244,120.669046320893,64.4225792544798,207.610788266461
"Panama","Latin America & Caribbean",2596300.15589449,"[60,70)",923.296813362382,484.036342363195,375.206243246876,591.193572010109,19.2143369049842,13.3566340233386,26.1716356787486,1.04620784963424,0.731817814080542,1.41019697239395,68.586306208134,37.913911232412,114.012490778448
"Panama","Latin America & Caribbean",2596300.15589449,"[70,80)",451.42215178146,236.657079335398,183.447410666915,289.048841644193,9.39435421542775,6.53038154590326,12.7959459220013,1.23153915791422,0.878126112382496,1.65645244347943,38.0325768818314,22.6758178815443,62.1629761992955
"Panama","Latin America & Caribbean",2596300.15589449,"[80,90)",208.14893685422,109.121626549101,84.5868625371833,133.279257231287,4.33169890900679,3.01113264085063,5.90015915080321,1.23148048358632,0.887223093485888,1.62538337898484,18.7274705271899,10.3052547545891,31.2190403237106
"Papua New Guinea","East Asia & Pacific",2055654.36609143,"[0,10)",7516.36145116429,3940.43611116996,3054.47360173018,4812.7801488348,156.419798197249,108.733494622091,213.05767623445,3.922331483314,2.22717899413876,6.39685688257527,571.045753316322,340.781272210049,893.583252549154
"Papua New Guinea","East Asia & Pacific",2055654.36609143,"[10,20)",5558.85659314826,2914.21845513612,2258.98938334651,3559.37574789984,115.682997971447,80.4157579971666,157.570531426913,2.07460801141964,1.38052722830233,3.07343907519803,344.167754855507,204.141155192312,555.811408543562
"Papua New Guinea","East Asia & Pacific",2055654.36609143,"[20,30)",3762.63114918747,1972.55118046174,1529.04534899137,2409.23971257288,78.3025149695829,54.4311282105403,106.654989170201,1.4669055583685,0.978716177027008,2.07608492413986,220.931746836441,131.609770223143,351.715415937892
"Papua New Guinea","East Asia & Pacific",2055654.36609143,"[30,40)",2434.93482177526,1276.50927412255,989.500595915864,1559.10623113146,50.6723919439163,35.2243534413356,69.0203043427911,1.09733389079127,0.685293825308155,1.62511651261139,140.551842540837,78.4516231787486,233.910099234482
"Papua New Guinea","East Asia & Pacific",2055654.36609143,"[40,50)",1550.85744322323,813.03363499196,630.232214236897,993.0251445347,32.2742339997637,22.4350772056367,43.9603769950234,0.787053519344581,0.539949018319395,1.08105076971735,110.759853192215,60.0774595484254,187.858077049484
"Papua New Guinea","East Asia & Pacific",2055654.36609143,"[50,60)",866.500413641442,454.260953579815,352.12551399402,554.826429892445,18.0323712104921,12.5350036289336,24.5616932855243,0.570559049000901,0.372518591416854,0.831747152003532,61.3073856154512,32.7306797320112,105.479201520597
"Papua New Guinea","East Asia & Pacific",2055654.36609143,"[60,70)",435.982458041569,228.562853538334,177.173080027854,279.162695000204,9.07304532219366,6.30702721852814,12.3582946340256,0.494021276045386,0.345565721449335,0.665897611092245,32.3865802804171,17.9030188059245,53.8369084108599
"Papua New Guinea","East Asia & Pacific",2055654.36609143,"[70,80)",156.655924691747,82.1265271361401,63.6613060234685,100.307912206246,3.26009975516688,2.2662223278725,4.44054580132154,0.42737802036473,0.304733955984165,0.574834638081291,13.1983520886623,7.86913359115502,21.5722655161284
"Papua New Guinea","East Asia & Pacific",2055654.36609143,"[80,90)",40.2677332994233,21.1102714310566,16.363865570295,25.783718454894,0.837994654392355,0.582522726003071,1.14142324577469,0.238237717789686,0.171638940104703,0.314440733656575,3.62294806766103,1.99361695674207,6.03952154941612
"Paraguay","Latin America & Caribbean",6786975.97768397,"[0,10)",17924.6044160249,9396.93480392704,7284.14025402191,11477.2527731218,373.021311406709,259.301643559338,508.088200535976,9.35375988551393,5.31125368211687,15.254871638501,1361.7984310827,812.676390889723,2130.96807794514
"Paraguay","Latin America & Caribbean",6786975.97768397,"[10,20)",14875.1386307303,7798.25901136108,6044.90863895382,9524.65795828046,309.560177207087,215.187337226421,421.648491882702,5.55151608198138,3.69420105742729,8.22432303309013,920.970523329044,546.268451585162,1487.31517283926
"Paraguay","Latin America & Caribbean",6786975.97768397,"[20,30)",12909.3684844669,6767.70829597519,5246.0656006243,8265.9612339973,268.651371586374,186.750032951506,365.927060430112,5.03286759558693,3.35791824124955,7.12292654478117,758.003964976598,451.545461832861,1206.71512194074
"Paraguay","Latin America & Caribbean",6786975.97768397,"[30,40)",9443.97671914371,4950.98421476231,3837.8113893805,6047.04603088404,196.534578889784,136.618841240411,267.697575118787,4.25604645556983,2.6579351833593,6.30306913094636,545.135055327954,304.277262887459,907.228198384581
"Paraguay","Latin America & Caribbean",6786975.97768397,"[40,50)",5430.549113528,2846.95353855197,2206.84822276623,3477.21954840417,113.012845637795,78.5596311017386,153.933546480273,2.75598044839804,1.89070870156222,3.78545386284243,387.841464859189,210.369815819851,657.811920913808
"Paraguay","Latin America & Caribbean",6786975.97768397,"[50,60)",3444.47531304175,1805.75867668535,1399.75425395057,2205.52224869268,71.6815093129854,49.8286092759063,97.6365906312196,2.26806188199861,1.4808199414379,3.3063256366251,243.706492155162,130.109595495981,419.296401891154
"Paraguay","Latin America & Caribbean",6786975.97768397,"[60,70)",2120.35516438561,1111.59157426584,861.662776329746,1357.67862015918,44.1258086209142,30.6735683696973,60.1032756408671,2.4026208959979,1.68062280625032,3.23852350613809,157.508751757677,87.0694627342444,261.830183022267
"Paraguay","Latin America & Caribbean",6786975.97768397,"[70,80)",972.987998416324,510.086837841038,395.399579340691,623.011194213821,20.2484390019657,14.0754786715016,27.5801747020136,2.65443956505347,1.8926988076956,3.57029078234763,81.9748005471891,48.8750907901791,133.98507261787
"Paraguay","Latin America & Caribbean",6786975.97768397,"[80,90)",331.896081687633,173.995797559095,134.874809656143,212.515441653603,6.90694805689468,4.80128863516603,9.40787751828153,1.96361102465465,1.41468831290251,2.59169411517624,29.8611858500538,16.4318575224643,49.7791500359406
"Peru","Latin America & Caribbean",1844952.25619581,"[0,10)",4128.88430254332,2164.5585979722,1677.8820694903,2643.75423364426,85.9244534180264,59.7294345173203,117.036747188963,2.15461337191522,1.22343296654917,3.51391855483347,313.686597194786,187.19781566796,490.862751670131
"Peru","Latin America & Caribbean",1844952.25619581,"[10,20)",3325.89636814666,1743.59392323051,1351.56654248188,2129.59529976017,69.2138133737407,48.1132177063528,94.2753692990858,1.24125009071348,0.825977504150344,1.83885655019784,205.917577963427,122.138845510107,332.545212144531
"Peru","Latin America & Caribbean",1844952.25619581,"[20,30)",2710.64948428624,1421.05208510844,1101.54459003742,1735.6483071209,56.4101724046086,39.2129081387319,76.8356716159093,1.05677825905068,0.70508014081948,1.4956391699913,159.162166547731,94.8134275291459,253.380459850137
"Peru","Latin America & Caribbean",1844952.25619581,"[30,40)",2172.65795816323,1139.01119992587,882.917409163526,1391.16847416062,45.2142597951962,31.430193178508,61.585842940914,0.979135535484953,0.611478003403128,1.45006851620503,125.412424390159,70.0012755601651,208.714678541591
"Peru","Latin America & Caribbean",1844952.25619581,"[40,50)",1617.22697600734,847.827717922,657.203240998364,1035.52203241671,33.655422090835,23.3951948480544,45.8416780100986,0.820735773366858,0.563056341451954,1.12731474763199,115.499863139438,62.6484972272967,195.897534743018
"Peru","Latin America & Caribbean",1844952.25619581,"[50,60)",1019.52614001809,534.484357160169,414.311592276706,652.809900079671,21.2169244540186,14.7487106338621,28.8993380193134,0.671320931556981,0.438306128436957,0.978635382053147,72.1343939680865,38.5109840018544,124.107041941915
"Peru","Latin America & Caribbean",1844952.25619581,"[60,70)",563.732479560616,295.535523927731,229.087702666172,360.961950075257,11.7315966326297,8.15508979083319,15.9794779553164,0.638777624567206,0.446822153989536,0.861016548970258,41.8763802745194,23.1488973855041,69.6120068836305
"Peru","Latin America & Caribbean",1844952.25619581,"[70,80)",279.513371875269,146.534276092002,113.587700813849,178.974416841915,5.81683378403653,4.04350774175372,7.92304493006733,0.7625493371705,0.543721635358688,1.02564884332949,23.5491629362764,14.0405035310903,38.4903200135356
"Peru","Latin America & Caribbean",1844952.25619581,"[80,90)",102.719699216399,53.8505784681389,41.7428847285617,65.772160172844,2.13765592922922,1.48596790280742,2.91167748660593,0.607724962599482,0.43783691945802,0.802112633020987,9.24184465560931,5.08555404960406,15.4063262601342
"Philippines","East Asia & Pacific",79466570.2686589,"[0,10)",172275.982531603,90315.3084195626,70008.9324168145,110309.547277117,3585.16212889842,2492.18584574772,4883.30966354798,89.9003479932287,51.0472323586259,146.616792143358,13088.4429736718,7810.75110341611,20481.0444264685
"Philippines","East Asia & Pacific",79466570.2686589,"[10,20)",138037.550156802,72365.8848592282,56095.2338097239,88386.4334498624,2872.64068917614,1996.88443871951,3912.7920950301,51.5166748113307,34.2812579037386,76.3196519621399,8546.37512717604,5069.23401903537,13801.9112202178
"Philippines","East Asia & Pacific",79466570.2686589,"[20,30)",119466.741941113,62630.1791215304,48548.491436281,76495.4117488717,2486.1715056049,1728.23465539441,3386.38669662854,46.5755001872662,31.0750717565627,65.917463616813,7014.77103106641,4178.72223791395,11167.2638551449
"Philippines","East Asia & Pacific",79466570.2686589,"[30,40)",83306.871667489,43673.4459299223,33853.9653799716,53341.987453346,1733.6638397897,1205.13726505755,2361.4043320239,37.5432856760764,23.4460833402704,55.6004093210714,4808.72596854231,2684.07977322912,8002.80912835671
"Philippines","East Asia & Pacific",79466570.2686589,"[40,50)",57930.1494983868,30369.7546335479,23541.4586614506,37093.0902320672,1205.55967843597,838.031491681927,1642.07949767088,29.3993031004205,20.169053893013,40.3811665467552,4137.28217373027,2244.11097766038,7017.18042203678
"Philippines","East Asia & Pacific",79466570.2686589,"[50,60)",37995.1380584617,19918.8683284064,15440.3359853973,24328.5594217501,790.70064235144,549.646816027639,1077.00459531374,25.0184183365715,16.3345511293477,36.4712438362246,2688.26482225584,1435.20611829698,4625.15281121353
"Philippines","East Asia & Pacific",79466570.2686589,"[60,70)",20312.6344701962,10648.8543558478,8254.57984876422,13006.3255451286,422.717588200926,293.847461338285,575.778949234731,23.016691189564,16.1000747983322,31.0244931171153,1508.9065049334,834.110341391579,2508.2877106284
"Philippines","East Asia & Pacific",79466570.2686589,"[70,80)",7800.02504242779,4089.14613073212,3169.74785469364,4994.41198091875,162.323000430089,112.837040436848,221.098362672908,21.2794968845742,15.1729498429867,28.621481001192,657.156612575717,391.810518459456,1074.10052686356
"Philippines","East Asia & Pacific",79466570.2686589,"[80,90)",2002.36655415632,1049.7363024731,813.714963070396,1282.1296667474,41.6703978850746,28.9667167235664,56.7587878483473,11.8466871351666,8.53497440496405,15.635983373003,180.155907564671,99.1352526921696,300.323235572597
"Puerto Rico","Latin America & Caribbean",2498202.71753645,"[0,10)",2337.19140532003,1225.26750104767,949.77995618277,1496.52042050335,48.6382953166621,33.8103736431936,66.2496838354522,1.21963791805111,0.692535030018295,1.98908461549588,177.565067269173,105.9649759632,277.857193452597
"Puerto Rico","Latin America & Caribbean",2498202.71753645,"[10,20)",2556.25586922537,1340.11156886628,1038.80263376734,1636.78896799789,53.1971526120301,36.9794129267227,72.459252910658,0.954014340299781,0.634839336262608,1.4133296196857,158.26651193555,93.8748854852636,255.591442496133
"Puerto Rico","Latin America & Caribbean",2498202.71753645,"[20,30)",2609.60192333453,1368.07812148165,1060.48122321405,1670.94682907247,54.3073146329213,37.7511297906966,73.9713923146262,1.01738369100974,0.678796171269628,1.43988474985414,153.228921095424,91.2789736453693,243.934945921056
"Puerto Rico","Latin America & Caribbean",2498202.71753645,"[30,40)",2259.59807372968,1184.58936605229,918.247839938376,1446.83685374218,47.0235335269755,32.6878898246591,64.0502346701427,1.01831618805405,0.635946635514533,1.50809381370042,130.430872245231,72.8024155022042,217.066512388536
"Puerto Rico","Latin America & Caribbean",2498202.71753645,"[40,50)",1963.14709387038,1029.17558588497,797.777091149808,1257.01716502186,40.8542183940815,28.3993585673907,55.6470787952393,0.99628875366552,0.683492445281644,1.36844407341925,140.204945891025,76.0488274631378,237.799444192169
"Puerto Rico","Latin America & Caribbean",2498202.71753645,"[50,60)",1644.42218056114,862.08474464573,668.25473645171,1052.93531695211,34.2213699149088,23.7886072254807,46.6125492786772,1.08279227652532,0.706956193849842,1.57846833520283,116.347578317464,62.1154414802556,200.175713522652
"Puerto Rico","Latin America & Caribbean",2498202.71753645,"[60,70)",1229.35278864602,644.485520450576,499.580237662863,787.163408193172,25.5835375084907,17.7841134572085,34.8470533413065,1.39300658123945,0.974402009733399,1.8776514285144,91.3214099514129,50.4816780773938,151.805542324504
"Puerto Rico","Latin America & Caribbean",2498202.71753645,"[70,80)",776.86220748403,407.268319340751,315.698642269823,497.430443553239,16.1669486640905,11.2382757546187,22.0208218772229,2.11938254479686,1.51118634170414,2.85062506736869,65.4510894428356,39.0233085958318,106.977618894832
"Puerto Rico","Latin America & Caribbean",2498202.71753645,"[80,90)",402.759571906164,211.145827880931,163.672075674456,257.889842714114,8.38165798290793,5.82641694793306,11.4165635898493,2.38286373149912,1.71673993976681,3.14504951981481,36.2368798342647,19.9402411372831,60.4075500270518
"Republic of the Congo","Sub-Saharan Africa",2777706.53139576,"[0,10)",12828.2042610784,6725.1581287363,5213.08235742136,8213.99119960531,266.962297487723,185.575891752383,363.626391291078,6.69425888769846,3.80113532969726,10.9175413199228,974.606079491886,581.612765254058,1525.08212417109
"Republic of the Congo","Sub-Saharan Africa",2777706.53139576,"[10,20)",8462.73189021486,4436.56875151831,3439.05642711972,5418.74792887033,176.114310503227,122.423917270548,239.88335351343,3.15835659433568,2.10169692354797,4.67896417877911,523.95657016757,310.781873070925,846.160150600846
"Republic of the Congo","Sub-Saharan Africa",2777706.53139576,"[20,30)",5345.85805395453,2802.55443512874,2172.43175577612,3422.99125550643,111.250376052788,77.3344698411336,151.532906161444,2.08414499924829,1.39053698065123,2.94965274892898,313.894642172108,186.988073566134,499.709010647396
"Republic of the Congo","Sub-Saharan Africa",2777706.53139576,"[30,40)",3317.66121271383,1739.27666094084,1348.21996780753,2124.32227066927,69.0424350600053,47.994085964913,94.0419367943628,1.49514560074355,0.93373043220908,2.2142629740293,191.505494193567,106.892350861702,318.708515953825
"Republic of the Congo","Sub-Saharan Africa",2777706.53139576,"[40,50)",2220.01230338933,1163.83661221639,902.161108174028,1421.48980106141,46.1997309133902,32.1152325390322,62.9281422461069,1.12664674887164,0.772923049188027,1.54749620595242,158.549864065694,85.9993289110335,268.913976692883
"Republic of the Congo","Sub-Saharan Africa",2777706.53139576,"[50,60)",1191.9195728849,624.861238662015,484.368253764392,763.19465164884,24.8045307918405,17.2425955444399,33.7859769127892,0.784835745355082,0.512420067414986,1.14411452615245,84.3317230171529,45.0228726867689,145.092515647309
"Republic of the Congo","Sub-Saharan Africa",2777706.53139576,"[60,70)",561.148134702842,294.180686767829,228.037485324027,359.307175526422,11.6778149320354,8.11770403583456,15.9062224960675,0.635849246783122,0.444773766540045,0.857069351014724,41.6844044491971,23.0427748254416,69.2928813434997
"Republic of the Congo","Sub-Saharan Africa",2777706.53139576,"[70,80)",238.331312735049,124.9446713314,96.8522745938654,152.605248993089,4.95981148383002,3.44775815797657,6.75570433848284,0.650199249265924,0.463612492840989,0.874535030635257,20.0795506803834,11.9718481286795,32.8193547051898
"Republic of the Congo","Sub-Saharan Africa",2777706.53139576,"[80,90)",52.3998087607208,27.4704855535069,21.2940574552251,33.5519733909647,1.09047011179282,0.758028250916519,1.48531727248953,0.310015236242486,0.223351226911698,0.409177099382976,4.7144890049766,2.59426440764945,7.8591405143778
"Saint Barthelemy","Latin America & Caribbean",5521.11836242676,"[0,10)",7.19818612932389,3.7736333920606,2.92517458815853,4.60905020812454,0.149798387032155,0.104130693802705,0.204038725356834,0.00375629515174897,0.00213290021339352,0.00612607134217725,0.546872798419526,0.326355649963554,0.855756953106493
"Saint Barthelemy","Latin America & Caribbean",5521.11836242676,"[10,20)",5.271871244749,2.76376701163429,2.14236524592786,3.37561697089631,0.109710668065036,0.0762641588438347,0.149435686949229,0.00196750287334447,0.00130925518144339,0.00291476759860934,0.326399513962812,0.193602023706584,0.52711670702495
"Saint Barthelemy","Latin America & Caribbean",5521.11836242676,"[20,30)",6.38409008151017,3.34684531306673,2.59434498350524,4.08777866954575,0.132856580768637,0.0923537843483167,0.18096247851775,0.00248891184237254,0.00166059653222213,0.00352251194631082,0.374856880131293,0.223303479771819,0.596758706706663
"Saint Barthelemy","Latin America & Caribbean",5521.11836242676,"[30,40)",6.16388186239096,3.23140163406972,2.5048575105366,3.9467777673841,0.128273921270448,0.0891681992264584,0.174720488725468,0.00277783060390251,0.00173477751537751,0.0041138785756303,0.355798005439612,0.198595269516932,0.592128464880352
"Saint Barthelemy","Latin America & Caribbean",5521.11836242676,"[40,50)",5.79324189679213,3.03709443980058,2.35423809208215,3.7094543389688,0.120560690740026,0.0838064322374681,0.164214382772052,0.00294004548465027,0.00201698440351712,0.00403827485179401,0.413744425575372,0.224419889287448,0.701745532685446
"Saint Barthelemy","Latin America & Caribbean",5521.11836242676,"[50,60)",5.89080863245996,3.08824358835768,2.39388693287309,3.77192701962149,0.122591110538633,0.0852178561287964,0.166979995111777,0.00387888351611734,0.00253252704733074,0.00565454237056356,0.416791579936274,0.222515959226534,0.717088856601095
"Saint Barthelemy","Latin America & Caribbean",5521.11836242676,"[60,70)",4.59649037942208,2.40970006477196,1.86790624902381,2.94316575860864,0.0956556044086235,0.0664939366206189,0.13029144027154,0.00520838396290689,0.00364324179746807,0.00702044751253229,0.341446317244085,0.188748542942978,0.567593551079871
"Saint Barthelemy","Latin America & Caribbean",5521.11836242676,"[70,80)",2.44768252019257,1.28319222723813,0.994680962580174,1.56726867386187,0.0509376788685635,0.0354087647161671,0.0693816487272752,0.00667760068455533,0.00476133908653166,0.00898154792677897,0.206218665309553,0.122951881826561,0.337057518435257
"Saint Barthelemy","Latin America & Caribbean",5521.11836242676,"[80,90)",0.76369189873565,0.400363813680058,0.310346536645322,0.488997400396645,0.0158928669757627,0.0110477508969774,0.0216474982424493,0.00451826313878608,0.00325519360851166,0.00596348046562283,0.0687104999985766,0.0378096553815147,0.114541676464181
"Saint Kitts and Nevis","Latin America & Caribbean",34847.6285238266,"[0,10)",59.9613484725303,31.4346062693679,24.3668904460572,38.393681504135,1.24783009553848,0.867415305135605,1.69965556505569,0.0312901776243526,0.0177671944924319,0.0510305640777274,4.55548520794655,2.71856332996516,7.12850987055941
"Saint Kitts and Nevis","Latin America & Caribbean",34847.6285238266,"[10,20)",50.3036107660225,26.3715583228064,20.4422115879918,32.2097627798253,1.04684702774577,0.727704145980338,1.42589875242773,0.0187736942210666,0.0124927677447217,0.0278123891777329,3.11446796447434,1.84732903971253,5.02968916110413
"Saint Kitts and Nevis","Latin America & Caribbean",34847.6285238266,"[20,30)",28.5981168723538,14.9925004495129,11.6216062270752,18.3115793554608,0.595143235069144,0.413707244834576,0.810638014828452,0.011149308804289,0.00743879442488693,0.015779415239866,1.67920576488243,1.00030841215936,2.67323534303181
"Saint Kitts and Nevis","Latin America & Caribbean",34847.6285238266,"[30,40)",44.6880960523389,23.4276369714487,18.1601976688213,28.6141084309622,0.929984941749091,0.646468757968762,1.26672219824905,0.0201392504943581,0.0125771236320478,0.0298255880043934,2.57953280047915,1.43981417519742,4.29292681213603
"Saint Kitts and Nevis","Latin America & Caribbean",34847.6285238266,"[40,50)",38.7842040249636,20.3325344418179,15.7609939500739,24.8338040197348,0.807121558248908,0.561061634298762,1.09937134314923,0.0196828176607797,0.0135031707660082,0.027035169349235,2.76990819675458,1.50243109617151,4.69799852969193
"Saint Kitts and Nevis","Latin America & Caribbean",34847.6285238266,"[50,60)",32.8464369075814,17.2196729700713,13.3480241865647,21.0318091454044,0.683553214672333,0.475164465419915,0.931060269730211,0.0216281856419432,0.0141210647072328,0.0315290447889497,2.32397947177433,1.2407220929552,3.99840078927189
"Saint Kitts and Nevis","Latin America & Caribbean",34847.6285238266,"[60,70)",20.4884236011613,10.7410114246777,8.3260164425859,13.118884586546,0.42637586096621,0.296390469235204,0.580761842087081,0.0232158817055869,0.0162394076929118,0.0312929845671874,1.52196484867502,0.841328879797186,2.52999487606322
"Saint Kitts and Nevis","Latin America & Caribbean",34847.6285238266,"[70,80)",6.93310069321496,3.63466292985284,2.81745006319274,4.43931410203924,0.144281806876904,0.100295904053859,0.196524652572027,0.0189144129408829,0.013486570684366,0.0254403811129866,0.584117735701702,0.348263212279977,0.954720922929554
"Saint Kitts and Nevis","Latin America & Caribbean",34847.6285238266,"[80,90)",2.9859742948663,1.56539051706911,1.21343015744689,1.91194075812273,0.062139839822739,0.0431958231442226,0.0846399882035303,0.0176660478030384,0.0127275468758029,0.0233167320587891,0.268652564107111,0.147832731044899,0.447848801564053
"Saint Lucia","Latin America & Caribbean",132340.623246431,"[0,10)",211.632027868728,110.947629423129,86.0023093095828,135.509505390603,4.40418403324302,3.06151987416225,5.99889033642884,0.110437872257795,0.0627088532155687,0.180111055441025,16.0784671633159,9.59509892733089,25.1598911301981
"Saint Lucia","Latin America & Caribbean",132340.623246431,"[10,20)",209.080503844708,109.609998513799,84.9654295871016,133.875746257029,4.35108535304704,3.02460891324764,5.92656521170643,0.0780304512338974,0.0519245862216633,0.115598627093649,12.9448864863659,7.67818612835923,20.9052576539143
"Saint Lucia","Latin America & Caribbean",132340.623246431,"[20,30)",230.186494083635,120.674767902529,93.5424106758959,147.390063191279,4.79031313039331,3.32993325016904,6.52483250687972,0.089740884568385,0.0598749217130771,0.127008651967079,13.5159419617933,8.05149120220304,21.516894773859
"Saint Lucia","Latin America & Caribbean",132340.623246431,"[30,40)",172.950519138361,90.66893276571,70.2830483267703,110.741457904588,3.59919962304918,2.50194385472319,4.90242997899645,0.0779423187771819,0.048675603876307,0.115430089546111,9.98322990656813,5.57232531839162,16.6143556421007
"Saint Lucia","Latin America & Caribbean",132340.623246431,"[40,50)",137.942621652475,72.3161187977026,56.0566570844824,88.3256500476604,2.8706651724868,1.99551118011803,3.91010126560796,0.070005290501463,0.0480263247090317,0.0961551804557273,9.851649866298,5.3436518672577,16.7092312449691
"Saint Lucia","Latin America & Caribbean",132340.623246431,"[50,60)",107.493874738239,56.3534295816132,43.6829980661431,68.8290990026026,2.23700926349028,1.55503227548317,3.04700556379161,0.0707808120787012,0.046212865190851,0.103182552210935,7.60549946211942,4.06041074166888,13.0852425425805
"Saint Lucia","Latin America & Caribbean",132340.623246431,"[60,70)",57.5230206197729,30.156318206147,23.376011001661,36.8324026909289,1.19708709267132,0.832141867291072,1.6305390823557,0.0651805950547114,0.0455935411018796,0.0878577596575331,4.27304789656636,2.36210356846785,7.10317934931099
"Saint Lucia","Latin America & Caribbean",132340.623246431,"[70,80)",27.6003136256191,14.4694042718182,11.2161223108647,17.6726787797596,0.574378376499095,0.399272782805622,0.782354430747282,0.0752972951516096,0.053689337151394,0.101276835364713,2.32534235590016,1.38641775282448,3.80069438823874
"Saint Lucia","Latin America & Caribbean",132340.623246431,"[80,90)",12.9220545641986,6.77435894562911,5.25122092689509,8.27408422184134,0.268915376190788,0.186933552835594,0.366286658180396,0.0764513057051698,0.0550795281393686,0.100905116444066,1.16261653630859,0.639758560621574,1.93810330526665
"Saint Martin","Latin America & Caribbean",22533.0019989014,"[0,10)",44.3367745938591,23.2434574624379,18.0174288400974,28.3891547812186,0.922673740445798,0.641386457155471,1.25676369185718,0.0231366636620638,0.0131374646742158,0.0377331510139103,3.36842859567968,2.0101670934738,5.27098111320636
"Saint Martin","Latin America & Caribbean",22533.0019989014,"[10,20)",32.26767603321,16.9162588429138,13.1128292955303,20.6612244063396,0.67150886851338,0.466791971251052,0.914654799105872,0.0120425447367905,0.00801359139445905,0.0178404919652968,1.99780178327376,1.18498481664556,3.22633659744916
"Saint Martin","Latin America & Caribbean",22533.0019989014,"[20,30)",29.9954793998742,15.7250647094427,12.1894616954544,19.2063206045175,0.624223151726065,0.433921827629516,0.850247447518054,0.011694086853851,0.00780226914686465,0.0165504297671788,1.76125519570042,1.04918552869658,2.80385509370523
"Saint Martin","Latin America & Caribbean",22533.0019989014,"[30,40)",29.4848038850808,15.4573441836728,11.9819351030837,18.8793314095377,0.613595700999106,0.426534272666627,0.835771914482737,0.0132876963592989,0.00829827306348029,0.0196786547369751,1.70195254342863,0.949976444217597,2.83243450337624
"Saint Martin","Latin America & Caribbean",22533.0019989014,"[40,50)",22.4194926473359,11.7533701639624,9.11075776496402,14.3553619475461,0.466562516766377,0.324325779040534,0.635499641260178,0.0113777966292842,0.00780560656883371,0.0156278772681406,1.60116568103251,0.868491277842529,2.71571239223651
"Saint Martin","Latin America & Caribbean",22533.0019989014,"[50,60)",20.2628484363295,10.6227541360865,8.23434796832992,12.9744471905497,0.421681512245681,0.293127244584357,0.574367721640967,0.0133423496998647,0.0087112338768232,0.019450153990775,1.43365455249227,0.765396983298179,2.46659902286133
"Saint Martin","Latin America & Caribbean",22533.0019989014,"[60,70)",12.886861348905,6.75590897920425,5.23691922682748,8.25154975366293,0.268182985170225,0.18642443930896,0.365289076475685,0.0146023849592567,0.0102143043994382,0.0196827418820016,0.957289363231949,0.529181201728049,1.59132268133205
"Saint Martin","Latin America & Caribbean",22533.0019989014,"[70,80)",4.94153510468857,2.59058901007384,2.00812436008598,3.1641003710554,0.102836183289227,0.0714854366998672,0.140072027306886,0.0134811593928556,0.00961249020137258,0.0181325126965932,0.416327185189444,0.248222976313804,0.68047287420102
"Saint Martin","Latin America & Caribbean",22533.0019989014,"[80,90)",1.25708412446576,0.65902361282214,0.510849604330827,0.804919981423594,0.0261606425320913,0.0181852816386232,0.0356331217078985,0.00743734072775974,0.00535825011905603,0.00981625788136199,0.11310173497364,0.0622370325131285,0.18854268758278
"Saint Vincent and the Grenadines","Latin America & Caribbean",40386.6857867241,"[0,10)",66.0189121414369,34.6102708221913,26.8285427279082,42.272382969656,1.37389147414749,0.955045479774693,1.87136237390528,0.0344512513493331,0.0195621159643041,0.0561858999538488,5.01570070330921,2.99320475946475,7.84866382815637
"Saint Vincent and the Grenadines","Latin America & Caribbean",40386.6857867241,"[10,20)",58.5007154490321,30.6688725898004,23.7733233270359,37.4584277026915,1.21743348352611,0.846285436110908,1.65825267619254,0.0218329166998005,0.0145284968588866,0.0323444905935714,3.62197864905367,2.14835612885969,5.84929013902076
"Saint Vincent and the Grenadines","Latin America & Caribbean",40386.6857867241,"[20,30)",70.6710886342475,37.0491642105564,28.7190785117719,45.2512049460801,1.47070593855443,1.02234498512029,2.00323228455695,0.0275519466626214,0.0183825984934463,0.0389937721420811,4.14961936042253,2.47194193844411,6.60604517111533
"Saint Vincent and the Grenadines","Latin America & Caribbean",40386.6857867241,"[30,40)",56.6169174538573,29.6812955959896,23.0077918548417,36.2522183347017,1.17823056544345,0.819033960711768,1.60485481527874,0.0255151233448432,0.0159343993901333,0.0377870843295665,3.26810064727745,1.82415111645329,5.43885966127294
"Saint Vincent and the Grenadines","Latin America & Caribbean",40386.6857867241,"[40,50)",39.6212950866513,20.7713776067246,16.101168190866,25.3697994306306,0.824541903956422,0.573171195160835,1.12309940326962,0.0201076377943078,0.0137946137345269,0.0276186774856632,2.82969195283493,1.53485851534962,4.79939683541701
"Saint Vincent and the Grenadines","Latin America & Caribbean",40386.6857867241,"[50,60)",34.8159688875335,18.2521958185707,14.1483959461738,22.2929145987805,0.724540306212405,0.503656189286785,0.986888333567272,0.0229250509125965,0.0149677893796872,0.0334195835461336,2.46332949939804,1.31511804181212,4.2381521585085
"Saint Vincent and the Grenadines","Latin America & Caribbean",40386.6857867241,"[60,70)",17.5461710625734,9.19854194305944,7.13035378491154,11.2349391825658,0.365145895999588,0.253827135545096,0.497361184356692,0.0198819508862365,0.0139073376693828,0.0267991364764256,1.30340216045524,0.720509334059649,2.16667342236733
"Saint Vincent and the Grenadines","Latin America & Caribbean",40386.6857867241,"[70,80)",6.08082231543042,3.18785784757844,2.47110405213641,3.89359414371456,0.12654540439984,0.087966639820165,0.172366095023213,0.0165892851385738,0.0118286815099022,0.0223130232821079,0.512312790375259,0.305451601899864,0.83735813888292
"Saint Vincent and the Grenadines","Latin America & Caribbean",40386.6857867241,"[80,90)",2.71473781419091,1.42319538315171,1.10320599174756,1.73826609408271,0.0564952528977178,0.0392720509035644,0.0769515588141006,0.0160613197778248,0.011571416688025,0.0211987137103559,0.244249013099284,0.134404072343387,0.407167629921093
"Samoa","East Asia & Pacific",120343.789910436,"[0,10)",352.404429804696,184.747254367814,143.208922956264,225.64708405059,7.33373855847879,5.09796733724591,9.98920413776598,0.183898419316725,0.104421234742628,0.299916484444344,26.7734667095686,15.9775219302018,41.8956297729444
"Samoa","East Asia & Pacific",120343.789910436,"[10,20)",300.650416435747,157.615325641131,122.177301653039,192.508618080992,6.25670781964773,4.34928131796825,8.52219248647199,0.112205046509573,0.0746657301074419,0.166226763069788,18.6142918219197,11.0409618042482,30.0610257951844
"Samoa","East Asia & Pacific",120343.789910436,"[20,30)",182.32834521224,95.5852376488475,74.093977640161,116.746147202839,3.79435756902288,2.63760574480075,5.1682524576536,0.0710828280624115,0.0474263072606306,0.100602241816938,10.7058380713817,6.37750304696508,17.0433101813445
"Samoa","East Asia & Pacific",120343.789910436,"[30,40)",95.9413200281364,50.2970279500891,38.9883098684265,61.4319153601769,1.99659396572183,1.38791023729969,2.71953854705779,0.0432371581582493,0.0270019524215683,0.0640328529639178,5.53802474923055,3.09115144225154,9.2165274765371
"Samoa","East Asia & Pacific",120343.789910436,"[40,50)",77.8806873580486,40.8287806304015,31.648890911561,49.8675627203061,1.62074182823153,1.12664077626274,2.20759450963835,0.0395241157347975,0.0271150651974948,0.0542880181427585,5.56211890137256,3.01695933743102,9.43382399865695
"Samoa","East Asia & Pacific",120343.789910436,"[50,60)",59.8490585513157,31.3757385228726,24.3212584468088,38.3217814621736,1.24549327779361,0.865790892096951,1.69647261146385,0.0394084311940884,0.0257298053620855,0.0574486557841946,4.23449227901412,2.26070332669927,7.28543323046179
"Samoa","East Asia & Pacific",120343.789910436,"[60,70)",33.9251098550335,17.7851649121364,13.7863716588489,21.7224911705189,0.706001018155114,0.490768808012116,0.961636174454099,0.0384412853119094,0.0268895109105165,0.0518155012703627,2.52009748001662,1.39308788352629,4.18921219972491
"Samoa","East Asia & Pacific",120343.789910436,"[70,80)",13.9058935716104,7.29013440128961,5.65103010265345,8.90404339494466,0.289389630921327,0.201166004816047,0.394174413987497,0.0379371113970424,0.0270503523432642,0.0510264090819589,1.17157956091813,0.698520240678463,1.91490764844087
"Samoa","East Asia & Pacific",120343.789910436,"[80,90)",5.52386469947826,2.89587403113371,2.24476949568092,3.53697018740101,0.114954796569483,0.0799095568376155,0.156578656355336,0.0326810776657636,0.0235451614634045,0.0431344882466596,0.496990351808115,0.273481257306989,0.828492123966555
"Saudi Arabia","Middle East & North Africa",4174288.4162516,"[0,10)",14341.1229012252,7518.30242889144,5827.89712889276,9182.72385641135,298.447003208463,207.462137097407,406.511360553904,7.4837590271604,4.24942944608174,12.2051222962874,1089.54809900255,650.206371653824,1704.94558178797
"Saudi Arabia","Middle East & North Africa",4174288.4162516,"[10,20)",9177.08337592738,4811.06596119328,3729.35217322539,5876.15230891053,190.980375149406,132.757897872023,260.13225566501,3.42495806001397,2.27910421227348,5.07392233839791,568.184504976756,337.015422194399,917.585757434895
"Saudi Arabia","Middle East & North Africa",4174288.4162516,"[20,30)",7883.1316292326,4132.71457775924,3203.520428987,5047.62572453796,164.052496226869,114.039280332856,223.454089759671,3.07333064171571,2.0505194756678,4.34962931032825,462.876634018207,275.737137451312,736.8829975448
"Saudi Arabia","Middle East & North Africa",4174288.4162516,"[30,40)",8279.68218575828,4340.6053428576,3364.66930594415,5301.53989016934,172.304941034077,119.775876169222,234.694653512729,3.73134253375588,2.33025337133143,5.52599934869718,477.92843424549,266.764638243307,795.381159438465
"Saudi Arabia","Middle East & North Africa",4174288.4162516,"[40,50)",6456.547848619,3384.83113957407,2623.79012638617,4134.17389753418,134.364468512278,93.4019758544658,183.016355727574,3.27667041821123,2.24792206906423,4.5006432099651,461.116716411578,250.115182341777,782.092943822536
"Saudi Arabia","Middle East & North Africa",4174288.4162516,"[50,60)",2893.57883515111,1516.95239866097,1175.88280232654,1852.77928255388,60.2170372464004,41.8592081760201,82.0209600914,1.90531656119453,1.24398314744504,2.77752430044487,204.728988771983,109.30035420831,352.235706138896
"Saudi Arabia","Middle East & North Africa",4174288.4162516,"[60,70)",1109.07842573671,581.431947796434,450.703547942936,710.150870945647,23.0805589467477,16.0441955624207,31.4377739394936,1.25672106528795,0.879070887519648,1.69395043444984,82.386932799429,45.5427771163131,136.953568946471
"Saudi Arabia","Middle East & North Africa",4174288.4162516,"[70,80)",279.06630954547,146.29990463984,113.406025132927,178.688159625556,5.80753016022024,4.0370404304424,7.910372567018,0.76132969218187,0.542851990162699,1.02400838885542,23.5114976769134,14.0180467155968,38.4287574055482
"Saudi Arabia","Middle East & North Africa",4174288.4162516,"[80,90)",60.9139820644043,31.9340223539353,24.7540184703554,39.0036596258463,1.26765494765144,0.881196332060914,1.72665877674345,0.360388004971548,0.259642409999794,0.475662165234144,5.48052188517234,3.01579298351064,9.1361315175887
"Senegal","Sub-Saharan Africa",2498012.97076705,"[0,10)",8280.95289718458,4341.27151055371,3365.18569336541,5302.35353580987,172.331385268586,119.79425858669,234.73067291193,4.32132521453397,2.45373568898887,7.04756827872233,629.134590729036,375.446774579597,984.481769823126
"Senegal","Sub-Saharan Africa",2498012.97076705,"[10,20)",5353.62417226555,2806.62580572943,2175.58772472772,3427.96395676403,111.411993434666,77.4468163786295,151.753043408895,1.99801369432732,1.3295583032345,2.95996801666849,331.461116298609,196.604284474411,535.290907786225
"Senegal","Sub-Saharan Africa",2498012.97076705,"[20,30)",3182.57264086147,1668.45677153133,1293.32312984952,2037.82408917951,66.2311643028457,46.0398621564321,90.212736004633,1.2407629958093,0.827834354384519,1.75602944261473,186.872245803639,111.320413129703,297.493912039417
"Senegal","Sub-Saharan Africa",2498012.97076705,"[30,40)",2116.30334429067,1109.46741641077,860.01621135288,1355.08421069042,44.0414879179118,30.6149537645635,59.9884233443726,0.953738622536076,0.595617427354388,1.41245649770371,122.159464703258,68.1855756521526,203.301016867624
"Senegal","Sub-Saharan Africa",2498012.97076705,"[40,50)",1270.92599129546,666.280181343509,516.474615462168,813.783028036457,26.448699729745,18.3855214171737,36.0254812292764,0.644989504771399,0.442487634408451,0.885919932323513,90.767579463326,49.2334128870057,153.949490225716
"Senegal","Sub-Saharan Africa",2498012.97076705,"[50,60)",717.666834984859,376.235274306206,291.643026554949,459.527221958865,14.9350589684323,10.3819412423535,20.342878554453,0.472557543449583,0.308533307389485,0.68888293264341,50.7769837188371,27.1087271977871,87.3616717548867
"Senegal","Sub-Saharan Africa",2498012.97076705,"[60,70)",407.188818630567,213.467850824016,165.472018011335,260.725921160846,8.47383315081309,5.89049149756947,11.5421143660729,0.461394572329573,0.322743484928831,0.621919658895348,30.2476696496116,16.7206476844308,50.2813513025561
"Senegal","Sub-Saharan Africa",2498012.97076705,"[70,80)",184.174149751805,96.5528966563496,74.8440694600774,117.92802908869,3.83276982147589,2.66430759772256,5.22057336166251,0.502451367084685,0.358263610867725,0.675810256936205,15.5167784355263,9.25142787472688,25.3616559186698
"Senegal","Sub-Saharan Africa",2498012.97076705,"[80,90)",37.8958120324251,19.8667968757073,15.3999722101232,24.2649602548557,0.788633610709957,0.548209941818216,1.07418911438797,0.224204618255013,0.161528759597344,0.295918989265733,3.40954277099294,1.87618540372211,5.6837709662126
"Seychelles","Sub-Saharan Africa",22695.9902000427,"[0,10)",36.2085201231579,18.9822377692088,14.7142962179886,23.1845751431268,0.753520097122003,0.523801170774643,1.0263613860844,0.018895022460804,0.0107289751765006,0.0308155378985679,2.75089506864989,1.64164345110114,4.30465290844031
"Seychelles","Sub-Saharan Africa",22695.9902000427,"[10,20)",26.3181091466746,13.7972113679027,10.6950643816523,16.8516740551857,0.54769496496451,0.380724104070363,0.746009251165877,0.00982212064049398,0.00653603230549248,0.0145510328754327,1.62944382271306,0.966495377898701,2.63145937836326
"Seychelles","Sub-Saharan Africa",22695.9902000427,"[20,30)",21.7686601550532,11.4121726481729,8.84627465305648,13.9386292345936,0.453018318850335,0.314910679492794,0.617051239154375,0.00848676559395895,0.0056623514240971,0.0120111659566709,1.278198134139,0.761426844002744,2.0348455794022
"Seychelles","Sub-Saharan Africa",22695.9902000427,"[30,40)",22.7978172044093,11.9517059885659,9.26450002176942,14.5976058750008,0.474435668058393,0.329798713180174,0.64622357351333,0.0102741220137562,0.00641627168865868,0.0152156471947656,1.31595933711801,0.734527162133375,2.19005438540859
"Seychelles","Sub-Saharan Africa",22695.9902000427,"[40,50)",20.3538943869832,10.67048477731,8.27134691451192,13.032744565787,0.423576230763472,0.294444337229527,0.576948496767718,0.0103295143468174,0.00708644456087914,0.0141880179186957,1.45364383041337,0.788473674372977,2.46550285889595
"Seychelles","Sub-Saharan Africa",22695.9902000427,"[50,60)",16.0866884892421,8.43341138448481,6.53725418194669,10.3004220226159,0.334773225515849,0.232713909209529,0.45599090598477,0.0105925000628952,0.00691585421337596,0.0154414898428794,1.13817927719271,0.607649160462941,1.95823456081809
"Seychelles","Sub-Saharan Africa",22695.9902000427,"[60,70)",9.25503407605575,4.85193144586595,3.76102951569028,5.92606470130985,0.192602573983594,0.133885551469879,0.262341834746339,0.0104870818992003,0.00733566791172466,0.014135672131183,0.68750221155365,0.380045219840702,1.14284970117879
"Seychelles","Sub-Saharan Africa",22695.9902000427,"[70,80)",3.54805235067945,1.86005871295255,1.4418455409736,2.27184336880601,0.073837006947103,0.0513269796427552,0.100572570106624,0.00967955468500515,0.0069018266049559,0.0130192547323666,0.298925458742898,0.178225611261411,0.488583674856781
"Seychelles","Sub-Saharan Africa",22695.9902000427,"[80,90)",1.42886992356083,0.749081943643305,0.580659337656881,0.914915660730423,0.0297356036621792,0.0206703763727464,0.0405025367038477,0.00845368441963755,0.00609047739051606,0.0111576905440246,0.128557559721838,0.0707419831011548,0.214307833780696
"Sierra Leone","Sub-Saharan Africa",1512978.67697716,"[0,10)",4064.85943686061,2130.99370166059,1651.86386063316,2602.75865292457,84.5920591958002,58.8032353937653,115.221907762704,2.12120269202523,1.20446170806492,3.45942970336466,308.822391569191,184.295018174493,483.251150220082
"Sierra Leone","Sub-Saharan Africa",1512978.67697716,"[10,20)",2910.41676810241,1525.77964831759,1182.72534469782,1863.56073179391,60.5674443005866,42.1027897685104,82.498245662418,1.08618991019081,0.722794252153481,1.60914182085987,180.193820075565,106.880944161039,291.002801785115
"Sierra Leone","Sub-Saharan Africa",1512978.67697716,"[20,30)",1845.19256922217,967.338183383831,749.843129473871,1181.49003685212,38.3995169987584,26.6930000114832,52.3035571875877,0.719369804993181,0.47996195896527,1.01811108323076,108.344826108163,64.5413702337584,172.48107673526
"Sierra Leone","Sub-Saharan Africa",1512978.67697716,"[30,40)",1226.28067768597,642.874972974493,498.331803578097,785.196313510511,25.5196051152001,17.7396715603248,34.7599717358602,0.55263875452166,0.345127339342991,0.818440379012204,70.784649831131,39.5097678906494,117.801689162967
"Sierra Leone","Sub-Saharan Africa",1512978.67697716,"[40,50)",773.815255376661,405.670961338359,314.460432154708,495.479458264403,16.103539840972,11.1941978117559,21.9344534209144,0.392707932458923,0.269412762163891,0.539400691597646,55.2646953193096,29.9762269614062,93.7335965351463
"Sierra Leone","Sub-Saharan Africa",1512978.67697716,"[50,60)",428.349207743886,224.5611387041,174.07110553113,274.275070084549,8.91419299997493,6.19660278170655,12.141923643739,0.282052394624445,0.184152299284772,0.411169144290073,30.3069330883138,16.1802123939059,52.1430015421802
"Sierra Leone","Sub-Saharan Africa",1512978.67697716,"[60,70)",219.314964282867,114.975392095639,89.1244750826409,140.428944683002,4.56407035207828,3.17266308230842,6.21666972206495,0.248510591452603,0.173832071587197,0.334970612002967,16.2916226706687,9.00586676724149,27.0819144840501
"Sierra Leone","Sub-Saharan Africa",1512978.67697716,"[70,80)",86.8913045322394,45.5525770480963,35.3105951114833,55.6371255262536,1.80825794612675,1.25699053397694,2.46300813883176,0.237050936892231,0.169024765726777,0.318839722733018,7.32064256692675,4.36472022759027,11.965345684184
"Sierra Leone","Sub-Saharan Africa",1512978.67697716,"[80,90)",11.4408482624617,5.9978397697781,4.64929330848994,7.32565720277829,0.238090622443709,0.165506065814043,0.324300602198083,0.0676879813263788,0.0487659698912275,0.0893387441143485,1.02935019452615,0.566425453500342,1.71594584455359
"Singapore","East Asia & Pacific",3667855.65505981,"[0,10)",1581.11615752082,828.896700022889,642.528648441768,1012.4000163323,32.9039352208783,22.8728070526811,44.8180860602371,0.825088272259676,0.468501776584772,1.34562099495911,120.123236903705,71.6855860608388,187.971125108229
"Singapore","East Asia & Pacific",3667855.65505981,"[10,20)",1743.20246221261,913.870092040207,708.396733964237,1116.18503980237,36.2770443023343,25.217586565219,49.412560614373,0.650576558871891,0.432919688285254,0.96380010413461,107.927604827546,64.016647741694,174.296961913577
"Singapore","East Asia & Pacific",3667855.65505981,"[20,30)",1999.76935975086,1048.37472896582,812.659523972427,1280.46666454102,41.6163487780139,28.9291450839169,56.6851681577096,0.779633366376356,0.520169675184283,1.10340101246229,117.421166306763,69.9481760238251,186.930284754729
"Singapore","East Asia & Pacific",3667855.65505981,"[30,40)",1956.70860956056,1025.80022451625,795.160641623359,1252.89455733777,40.7202298381848,28.306217903038,55.4645744659256,0.881815255370331,0.55070070708567,1.30594028362835,112.947171287626,63.0435628646271,187.96967415398
"Singapore","East Asia & Pacific",3667855.65505981,"[40,50)",2176.71322885893,1141.13716675087,884.565376383883,1393.7650930738,45.2986523071818,31.4888577008631,61.7007930476298,1.10467265373967,0.757847973855351,1.51731387162267,155.457510761848,84.3219997600199,263.669083995073
"Singapore","East Asia & Pacific",3667855.65505981,"[50,60)",2069.32062356922,1084.83682745697,840.92353185449,1325.00083762546,43.0637505190712,29.9352904136072,58.6566580527323,1.36257246791133,0.889624969297284,1.98632511668723,146.410359918952,78.1653067056892,251.898653050737
"Singapore","East Asia & Pacific",3667855.65505981,"[60,70)",1609.11466277669,843.57485538913,653.906586523593,1030.32766006896,33.4866001938713,23.2778401714907,45.6117275723719,1.82332308180272,1.27540651941577,2.4576805560703,119.531692721097,66.0760760833941,198.700101631659
"Singapore","East Asia & Pacific",3667855.65505981,"[70,80)",761.421520082863,399.173572618928,309.423907830046,487.543660660808,15.8456190921946,11.0149070527003,21.5831424230708,2.07725831344355,1.48115044128013,2.79396687220984,64.1502026157809,38.2476926583042,104.851362840202
"Singapore","East Asia & Pacific",3667855.65505981,"[80,90)",319.456046815557,167.474136386647,129.819470265104,204.549998097949,6.64806378730498,4.62132809526252,9.05525411940156,1.89001151273005,1.36166336649115,2.49455297085599,28.7419373448972,15.8159632957141,47.9133420420632
"Somalia","Sub-Saharan Africa",215565.898338258,"[0,10)",1468.30417504776,769.755264050482,596.684495700894,940.165694802571,30.5562530814126,21.2408417501554,41.6203341967489,0.766218566029597,0.435074369017481,1.24961149472307,111.552493741207,66.5708492087745,174.559463245005
"Somalia","Sub-Saharan Africa",215565.898338258,"[10,20)",1162.844030288,609.618448816811,472.552632882501,744.577373177581,24.1994520532737,16.8219817441143,32.9618058585896,0.433982330870078,0.288789217563214,0.642925432804482,71.9956365927203,42.7038042219098,116.268870686013
"Somalia","Sub-Saharan Africa",215565.898338258,"[20,30)",376.858219540488,197.567100347274,153.146371507074,241.305021015021,7.84263596588569,5.45172174780777,10.6823676651036,0.146922564301893,0.0980264132426377,0.207936849801276,22.1281176526513,13.1817926641938,35.2271695470122
"Somalia","Sub-Saharan Africa",215565.898338258,"[30,40)",225.571025767538,118.255118695812,91.6667922370092,144.434745723697,4.69426258422408,3.26316477414677,6.39400312080634,0.101656409502906,0.0634852439352844,0.150549901978177,13.0206455679742,7.26771532252211,21.6693032395997
"Somalia","Sub-Saharan Africa",215565.898338258,"[40,50)",127.938991086638,67.0717372734051,51.9914154534966,81.9202536445804,2.66248387565658,1.85079625157194,3.62653982486126,0.0649284907753056,0.0445434446240464,0.0891819847113848,9.13720595805687,4.9561290080274,15.4974739620393
"Somalia","Sub-Saharan Africa",215565.898338258,"[50,60)",46.2031310175831,24.2218907504242,18.775872465344,29.5841961859076,0.961513689410443,0.668385618582236,1.30966715655183,0.0304230835660797,0.0198632626306403,0.0443500338055497,3.2690038288987,1.74525004275236,5.62431279981229
"Somalia","Sub-Saharan Africa",215565.898338258,"[60,70)",19.7480766343033,10.3528861406614,8.02515674057697,12.6448351134738,0.410968815429046,0.285680431744011,0.559776075850207,0.0223769783356522,0.0156525984555074,0.0301622159605223,1.4669688137767,0.810927551885723,2.43857378534771
"Somalia","Sub-Saharan Africa",215565.898338258,"[70,80)",7.06776396459268,3.70525985641534,2.8721740689791,4.5255399605846,0.14708422688695,0.102243975363266,0.200341797857053,0.0192817921028935,0.0137485235692853,0.0259345157141361,0.595463194052873,0.355027611867024,0.973264695539157
"Somalia","Sub-Saharan Africa",215565.898338258,"[80,90)",1.25782272730138,0.659410823749154,0.511149755258667,0.805392914116923,0.0261760132812557,0.0181959664450919,0.0356540580352477,0.0074417105553982,0.00536139837194925,0.00982202544756159,0.113168188173182,0.0622736000329944,0.188653466297563
"Spain","Europe & Central Asia",2027096.11306846,"[0,10)",4924.06524623303,2581.43047484872,2001.02501796079,3152.91429538248,102.472625502403,71.2327135208708,139.576829268465,2.56956989983504,1.45905365959751,4.19066337685721,374.099431777367,223.250202901918,585.397903903569
"Spain","Europe & Central Asia",2027096.11306846,"[10,20)",3964.69216353176,2078.48122690177,1611.15822212334,2538.62082935499,82.5075207150649,57.3541914984475,112.382580964912,1.47965359196599,0.98462073843366,2.19204068540808,245.467602509809,145.597718646471,396.416259158466
"Spain","Europe & Central Asia",2027096.11306846,"[20,30)",2735.90063784727,1434.28994733568,1111.80606860874,1751.81680186178,56.9356634111184,39.5781974063874,77.5514371009657,1.06662271524243,0.711648340438013,1.50957185091234,160.644847481545,95.6966654512989,255.740834711634
"Spain","Europe & Central Asia",2027096.11306846,"[30,40)",2452.99418977189,1285.97685843993,996.839500939001,1570.66977399185,51.0482177628258,35.4856046073019,69.5322125319629,1.10547257128972,0.690376496625016,1.63716963899334,141.594284180075,79.0334813542729,235.644958222258
"Spain","Europe & Central Asia",2027096.11306846,"[40,50)",2456.87586286312,1288.01181709909,998.416922150677,1573.15523711375,51.1289976089711,35.5417578249101,69.6422418665141,1.24685399222786,0.855389846489331,1.71260585829735,175.466295159049,95.1750020039821,297.605674308469
"Spain","Europe & Central Asia",2027096.11306846,"[50,60)",1680.84019299275,881.176808301118,683.05416544705,1076.25403152293,34.9792496672741,24.3154389624331,47.644848902926,1.10677221492161,0.722612720355364,1.61342570815354,118.924256985291,63.4910741777242,204.608882638071
"Spain","Europe & Central Asia",2027096.11306846,"[60,70)",983.156142951683,515.417465455349,399.531675603441,629.521930091574,20.4600439289767,14.2225734987443,27.8683994315446,1.11403576757334,0.779263145959074,1.50162309250472,73.0329047983255,40.3719521090133,121.4041671755
"Spain","Europe & Central Asia",2027096.11306846,"[70,80)",565.538910683838,296.482541507517,229.821794050025,362.118620880216,11.7691895016777,8.18122205843344,16.0306827862565,1.5428647244774,1.10011102264261,2.07519348970374,47.6469796959876,28.4081259481523,77.8773963702922
"Spain","Europe & Central Asia",2027096.11306846,"[80,90)",277.933141352643,145.705843684143,112.945532066727,177.962583903958,5.7839482793864,4.02064774650867,7.87825194808356,1.64434776602934,1.18467432589312,2.1703109093467,25.0060595642452,13.7602039658178,41.6855645688963
"Sri Lanka","South Asia",18314170.9998823,"[0,10)",29796.9476525229,15620.9848735328,12108.7830339332,19079.199302705,620.091592053449,431.049819567745,844.619895806464,15.5492130924659,8.82915707717485,25.3589201250096,2263.78421651427,1350.95175970151,3542.41258518162
"Sri Lanka","South Asia",18314170.9998823,"[10,20)",28179.2410558778,14772.9057155366,11451.3848863185,18043.3701657538,586.426188781711,407.647686412056,798.764622540307,10.5167093755048,6.99823945782021,15.5800350520483,1744.67284147744,1034.84281797807,2817.54770976843
"Sri Lanka","South Asia",18314170.9998823,"[20,30)",21294.1377695353,11163.405321641,8653.43984735805,13634.7891475998,443.14323550515,308.046124403339,603.600497404321,8.30176751753661,5.53892111252694,11.7493415227363,1250.33543503598,744.828942255922,1990.48916189093
"Sri Lanka","South Asia",18314170.9998823,"[30,40)",18193.830282882,9538.07587793171,7393.54735326279,11649.6400267127,378.624056303542,263.196329776363,515.719637361821,8.19927761275972,5.12051470128196,12.1428687765876,1050.20321129991,586.190441225087,1747.77600158575
"Sri Lanka","South Asia",18314170.9998823,"[40,50)",16297.1641815722,8543.7528075217,6622.78658352227,10435.1911180672,339.153345542488,235.758701255355,461.957019004087,8.27074111839984,5.67404685690591,11.3602071935652,1163.91839887539,631.323160069148,1974.10402734818
"Sri Lanka","South Asia",18314170.9998823,"[50,60)",12664.0687451562,6639.11044219705,5146.38152035435,8108.89405148627,263.546543143767,183.201467856755,358.973830096789,8.33882927920711,5.44443023486417,12.1561432005493,896.019129127787,478.365124443439,1541.59864001378
"Sri Lanka","South Asia",18314170.9998823,"[60,70)",8791.57242673724,4608.96268618314,3572.68953464288,5629.3068830385,182.957670910534,127.181003653607,249.204618997848,9.96192334942075,6.96832180351133,13.4278041896598,653.074363286604,361.01380591445,1085.61954912545
"Sri Lanka","South Asia",18314170.9998823,"[70,80)",4461.23887939118,2338.7947606199,1812.94320086242,2856.56325303754,92.840943022504,64.5373558538755,126.457621143623,12.1708479548416,8.67819697839275,16.3701094719217,375.861950945644,224.096757228062,614.333800821591
"Sri Lanka","South Asia",18314170.9998823,"[80,90)",1184.40241918597,620.920387216681,481.313458211688,758.381364218079,24.6480945065123,17.1338505889708,33.5728967796162,7.00733083715665,5.04844845313003,9.24870448664645,106.562453466541,58.6386308098771,177.641584160306
"Sudan","Sub-Saharan Africa",10488888.928347,"[0,10)",47560.0281144877,24933.2410965357,19327.2837285845,30453.0271294996,989.751497218285,688.014818714189,1348.1295620966,24.8186834591168,14.0925494689758,40.476325567407,3613.31107595633,2156.30488135855,5654.17787449405
"Sudan","Sub-Saharan Africa",10488888.928347,"[10,20)",35085.217666554,18393.3489042271,14257.8123563824,22465.3165231939,730.143527924517,507.551206956684,994.520419857932,13.0940729327596,8.71332035427809,19.3982840052264,2172.24538726153,1288.45505269055,3508.05312631038
"Sudan","Sub-Saharan Africa",10488888.928347,"[20,30)",26434.4338540996,13858.1943422762,10742.336023705,16926.1575996974,550.115748927468,382.406885297875,749.306574214223,10.305771789849,6.87598837561972,14.5855725492837,1552.16002219079,924.626844241219,2470.9830779148
"Sudan","Sub-Saharan Africa",10488888.928347,"[30,40)",13689.8748034017,7176.88703280283,5563.24512460807,8765.72502825018,284.89415630245,198.041025299841,388.051177754567,6.16951363466466,3.8529107999585,9.13685302770057,790.221204512015,441.076652169973,1315.10705959541
"Sudan","Sub-Saharan Africa",10488888.928347,"[40,50)",7981.07562200998,4184.06150253391,3243.32257824903,5110.33996562381,166.090766962572,115.456161716371,226.230395773938,4.0503617427292,2.77870410724582,5.56334044889023,569.996145082531,309.172677301463,966.761661872166
"Sudan","Sub-Saharan Africa",10488888.928347,"[50,60)",4505.01823219429,2361.74599092327,1830.73410651627,2884.595486648,93.7520164953755,65.1706785131841,127.698584239382,2.96639087278741,1.93675965959631,4.32433271278519,318.74294070454,170.169923318511,548.396421382689
"Sudan","Sub-Saharan Africa",10488888.928347,"[60,70)",2068.17098212762,1084.2341304365,840.456344445045,1324.26471396452,43.0398258204704,29.9186594236901,58.6240704855109,2.34348985567054,1.63926090221586,3.15882001884988,153.632294856961,84.9265912055749,255.386265408382
"Sudan","Sub-Saharan Africa",10488888.928347,"[70,80)",767.030352108167,402.113990585466,311.703206060864,491.13503603637,15.9623421076084,11.0960457673326,21.7421295507475,2.09255994683054,1.4920609866354,2.81454797013938,64.6227499517453,38.5294352644923,105.623725672462
"Sudan","Sub-Saharan Africa",10488888.928347,"[80,90)",153.975533926288,80.7213381184372,62.5720578694766,98.5916387738229,3.20431928407765,2.22744714964634,4.36456783889924,0.910972056094662,0.656312021554544,1.20235672301024,13.8534086077626,7.62318139628825,23.0938888046124
"Tanzania","Sub-Saharan Africa",1537257.5825239,"[0,10)",7264.10149973138,3808.1893813544,2951.96105394601,4651.25629257929,151.170123743359,105.084241422825,205.907152751977,3.79069237097045,2.15243164882492,6.18216912214675,551.880632674708,329.344160286215,863.593307367048
"Tanzania","Sub-Saharan Africa",1537257.5825239,"[10,20)",5864.75662245752,3074.58587888627,2383.30000496369,3755.24573075698,122.048953249672,84.8409814790208,166.241528667817,2.18877225380731,1.45649668578401,3.24256829942413,363.107068099775,215.374901613028,586.397325505958
"Tanzania","Sub-Saharan Africa",1537257.5825239,"[20,30)",2663.1495691597,1396.15035811484,1082.24173482202,1705.23377076875,55.4216718931903,38.5257629289759,75.4892460077279,1.03825986414073,0.692724708278132,1.46943042037378,156.37309719509,93.15196971743,248.940361487225
"Tanzania","Sub-Saharan Africa",1537257.5825239,"[30,40)",1841.73228087788,965.524134759974,748.436949173645,1179.2743894061,38.3275064111842,26.6429426470896,52.2054723630984,0.829999732024918,0.518341496728905,1.22920314527431,106.310387953463,59.3391188969184,176.924563536944
"Tanzania","Sub-Saharan Africa",1537257.5825239,"[40,50)",1199.87961347118,629.034272592908,487.603028195806,768.291522730212,24.9701838076298,17.3577474082643,34.0116110525341,0.608933771894323,0.41775201339506,0.836395882406368,85.6935564368763,46.481202547847,145.343518105119
"Tanzania","Sub-Saharan Africa",1537257.5825239,"[50,60)",631.548388775305,331.087866549571,256.646503000542,404.38496316001,13.1428846478277,9.13613106296964,17.9017777439688,0.415851674649974,0.271509987178739,0.606218491585906,44.6838570367795,23.8557393889784,76.878462746129
"Tanzania","Sub-Saharan Africa",1537257.5825239,"[60,70)",363.029188148274,190.317260776035,147.526576397504,232.450193024843,7.554845881057,5.25166764978655,10.2903719751489,0.411356327445704,0.287741951529764,0.554472467150602,26.9673096456961,14.9072933156828,44.8283383707698
"Tanzania","Sub-Saharan Africa",1537257.5825239,"[70,80)",160.121149841372,83.9431638694362,65.0694925259871,102.526720724132,3.33221308049511,2.31635110928079,4.53877056376878,0.436831611523053,0.311474663495221,0.587549965948235,13.4902993079023,8.04319863005785,22.0494434916692
"Tanzania","Sub-Saharan Africa",1537257.5825239,"[80,90)",36.0068082853351,18.8764907777992,14.6323252420331,23.0554176065758,0.749322357940454,0.520883158758374,1.02064369199602,0.213028624357951,0.153476987758252,0.281168227913007,3.23958628438279,1.78266263516831,5.40045035433099
"Thailand","East Asia & Pacific",37556619.0387462,"[0,10)",51685.840749415,27096.189379454,21003.9175441548,33094.8145523376,1075.61202746927,747.699817748149,1465.07924024708,26.9716939146908,15.3150722672693,43.9876299560302,3926.76430721214,2343.36343193066,6144.6754507057
"Thailand","East Asia & Pacific",37556619.0387462,"[10,20)",54243.5025161982,28437.0379870512,22043.2915018273,34732.5037266257,1128.83843761684,784.69956872747,1537.57834452314,20.2440921081276,13.471229366557,29.9907179498703,3358.40008887976,1992.01599821491,5423.62571019113
"Thailand","East Asia & Pacific",37556619.0387462,"[20,30)",68258.4234626613,35784.3297520156,27738.6277811484,43706.3581316953,1420.49699081967,987.442789800907,1934.84323244314,26.6113410570344,17.7550284926794,37.6625500288508,4007.95404438296,2387.55144246727,6380.519069646
"Thailand","East Asia & Pacific",37556619.0387462,"[30,40)",50243.2131747095,26339.8950171786,20417.6674186524,32171.0897689015,1045.5901191862,726.830419881229,1424.18673118728,22.6427336394419,14.1405689566535,33.5331667388717,2900.19105387342,1618.7955390108,4826.57477089557
"Thailand","East Asia & Pacific",37556619.0387462,"[40,50)",45584.4951069614,23897.5722224079,18524.4732916409,29188.0791751251,948.639520848203,659.436282537441,1292.13139401452,23.1339362997245,15.8707710313038,31.7754244517394,3255.57452617619,1765.86228011524,5521.72969313516
"Thailand","East Asia & Pacific",37556619.0387462,"[50,60)",34443.485258333,18056.9220876761,13997.0273059266,22054.4106593372,716.788707983677,498.267751416196,976.329967396558,22.6797839722706,14.8076543414447,33.0620393454869,2436.9752159709,1301.04806310138,4192.80968068734
"Thailand","East Asia & Pacific",37556619.0387462,"[60,70)",19963.5893600713,10465.8682175014,8112.73607480299,12782.8294575639,415.453759014129,288.798090728419,565.884967878538,22.6211805273325,15.8234168203013,30.4913792252405,1482.97799044378,819.777284968268,2465.18618377003
"Thailand","East Asia & Pacific",37556619.0387462,"[70,80)",8394.11179914243,4400.59481831001,3411.1708260758,5374.80999237401,174.686287001754,121.431242510018,237.938258504112,22.9002438975531,16.3285933842552,30.8014282100634,707.208764779727,421.652658566972,1155.90909733851
"Thailand","East Asia & Pacific",37556619.0387462,"[80,90)",3439.59767759747,1803.20158693299,1397.77209691885,2202.39906373251,71.5800029183247,49.7580482270803,97.4983298942887,20.3498392803069,14.6610909379864,26.8589644513884,309.46573691948,170.291190801325,515.885116768396
"The Bahamas","Latin America & Caribbean",199522.700240254,"[0,10)",412.15009945822,216.068791486324,167.488166571686,263.902664859944,8.57708025393653,5.96226258065233,11.6827461027388,0.215076047294874,0.122124521273968,0.350763493414092,31.3125660006757,18.6863066854128,48.9984986492747
"The Bahamas","Latin America & Caribbean",199522.700240254,"[10,20)",323.995048610666,169.853698186371,131.664014497236,207.456353503681,6.74252302126024,4.68699038817975,9.18391599671721,0.12091744268713,0.0804633073271712,0.179133788735993,20.0596375524558,11.898260441094,32.3951771937051
"The Bahamas","Latin America & Caribbean",199522.700240254,"[20,30)",366.566086751969,192.171472161438,148.963889316417,234.714894569454,7.62845077212414,5.30283327663972,10.3906283827839,0.142910056512442,0.0953492768301543,0.202258020048297,21.5237908437024,12.8217931910337,34.2651029449261
"The Bahamas","Latin America & Caribbean",199522.700240254,"[30,40)",293.353577458949,153.789973708766,119.212036853639,187.836399747035,6.10485641020657,4.2437234883193,8.31535736200992,0.132203465838922,0.0825621258798649,0.195789118665027,16.9332605780965,9.45161410939463,28.1807807751441
"The Bahamas","Latin America & Caribbean",199522.700240254,"[40,50)",205.714549816124,107.845404449378,83.5975845477504,131.720501749975,4.28103791675581,2.9759162117799,5.83115437385603,0.104399254180747,0.0716219080693699,0.143396721208997,14.6918167344778,7.96901584933218,24.9185635458789
"The Bahamas","Latin America & Caribbean",199522.700240254,"[50,60)",156.517596345631,82.0540088021331,63.6050926169783,100.219339574058,3.2572210628468,2.26422123670942,4.43662476636702,0.103061152097526,0.0672887324745733,0.150240049455749,11.0740681524196,5.91220412334727,19.0529061804832
"The Bahamas","Latin America & Caribbean",199522.700240254,"[60,70)",90.6484866377591,47.5222715792898,36.8374260964973,58.0428761770823,1.8864470633684,1.3113428350097,2.56950867021156,0.102715786413817,0.0718492432562066,0.138451925273231,6.73374452490513,3.7223551798262,11.1936482367251
"The Bahamas","Latin America & Caribbean",199522.700240254,"[70,80)",39.151731261123,20.5252097944616,15.9103484280429,25.0691343451637,0.814770011092156,0.566378371794164,1.10978921613175,0.106811085716391,0.0761596599318371,0.143663709585376,3.29855596002371,1.96666806075167,5.39137950794368
"The Bahamas","Latin America & Caribbean",199522.700240254,"[80,90)",13.6762409509976,7.16973951539076,5.55770464567702,8.756995174766,0.284610428004448,0.197843794708059,0.387664714579503,0.0809133309759498,0.0582942050398298,0.106794370726533,1.23047181121052,0.677097607199797,2.05121930565037
"Tonga","East Asia & Pacific",67718.7251229286,"[0,10)",119.873144251865,62.8432346473129,48.7136438358747,76.7556340633965,2.49462897107509,1.73411376907962,3.39790651675796,0.0625544967146437,0.0355197059872319,0.102018955957034,9.10720571468779,5.43488001041268,14.2511286650914
"Tonga","East Asia & Pacific",67718.7251229286,"[10,20)",112.543231838514,59.0005440379079,45.734938764938,72.0622385707927,2.34208928442626,1.62807749113371,3.19013389752757,0.0420019992404597,0.0279498118562214,0.0622240852206732,6.96793500191865,4.13299119551106,11.2528199211525
"Tonga","East Asia & Pacific",67718.7251229286,"[20,30)",78.3770996435202,41.0890236892817,31.8506212609327,50.185419067247,1.6310724529654,1.13382199591581,2.22166573927305,0.030556224768593,0.0203870462684433,0.0432456726466155,4.60209594021886,2.74148372929608,7.32637165539843
"Tonga","East Asia & Pacific",67718.7251229286,"[30,40)",43.6761893464636,22.8971470860337,17.7489824364789,27.9661773092151,0.908926582095174,0.631830271903898,1.23803883958933,0.0196832220566579,0.0122923302112454,0.0291502244249522,2.5211224682114,1.40721136264103,4.19571879002776
"Tonga","East Asia & Pacific",67718.7251229286,"[40,50)",36.8327105984712,19.3094682656602,14.9679526369465,23.5842487815218,0.766509859365278,0.532830860489754,1.04405459749553,0.0186924430934652,0.0128237356802783,0.0256748486569453,2.63053553786297,1.42683371105954,4.46161071463031
"Tonga","East Asia & Pacific",67718.7251229286,"[50,60)",24.940124612098,13.0748059785452,10.1350836766524,15.9693406740011,0.519018315468894,0.360789847987388,0.706949104214266,0.0164221661716724,0.0107220492269771,0.0239398357925188,1.76458523599044,0.942073677408328,3.03596442482123
"Tonga","East Asia & Pacific",67718.7251229286,"[60,70)",16.072847359447,8.42615520235222,6.53162947032898,10.2915594479315,0.334485183656308,0.232513680093098,0.455598567355266,0.0182124955161375,0.0127395609411945,0.0245488561814695,1.1939575818713,0.660009326598861,1.98474134734516
"Tonga","East Asia & Pacific",67718.7251229286,"[70,80)",7.40467289246831,3.88188362766453,3.00908598215271,4.74126516360738,0.15409549515173,0.107117781038434,0.209891768776121,0.0202009240854343,0.0144038935503437,0.0271707723191947,0.623847965715138,0.371951206469162,1.01965865645183
"Tonga","East Asia & Pacific",67718.7251229286,"[80,90)",3.49086378920292,1.83007773422339,1.4186054463499,2.23522512270343,0.0726468801412714,0.0504996761419649,0.0989515115539519,0.02065314717544,0.0148796098447701,0.027259288791104,0.314078225499266,0.172829326947277,0.523574220684267
"Trinidad and Tobago","Latin America & Caribbean",1224349.35483682,"[0,10)",1918.7502304539,1005.90062698822,779.73524361675,1228.58953493652,39.9302941707299,27.7571028508584,54.3886118344535,1.00127894146969,0.568546395224764,1.63296705425478,145.774545023469,86.993440753986,228.110779783328
"Trinidad and Tobago","Latin America & Caribbean",1224349.35483682,"[10,20)",1725.05167292485,904.354580310172,701.020677465324,1104.56295923355,35.8993159538562,24.9550128768419,48.8980610107286,0.643802544784823,0.428411988112197,0.953764704928332,106.803827609454,63.3500856473555,172.482125428562
"Trinidad and Tobago","Latin America & Caribbean",1224349.35483682,"[20,30)",1439.45040803254,754.628739570682,584.95899923148,921.690420826963,29.9557896200589,20.823436208796,40.8024495605702,0.561186499770175,0.37442240403336,0.794237110328679,84.5207198159012,50.3492715435799,134.553954110666
"Trinidad and Tobago","Latin America & Caribbean",1224349.35483682,"[30,40)",1736.34132047046,910.273153433636,705.608526336743,1111.79180153283,36.1342600025527,25.1183316366782,49.2180756996445,0.782503975011683,0.488680015130049,1.15886344315727,100.226901225218,55.9435077132477,166.800263786964
"Trinidad and Tobago","Latin America & Caribbean",1224349.35483682,"[40,50)",1212.58751047249,635.696359902881,492.767220494992,776.428480328472,25.2346424419532,17.541582906228,34.3718272319337,0.615382975270205,0.422176415225635,0.84525413168955,86.601134894456,46.9734838799434,146.882847915502
"Trinidad and Tobago","Latin America & Caribbean",1224349.35483682,"[50,60)",968.724304330959,507.851605508198,393.666913726588,620.281120309302,20.1597090795504,14.0137990462051,27.4593166565477,0.637869768002031,0.41646582925922,0.929871086636653,68.5400186147555,36.5920251791043,117.922928259222
"Trinidad and Tobago","Latin America & Caribbean",1224349.35483682,"[60,70)",636.205731014727,333.529468069339,258.539138023081,407.367092801041,13.2398066143881,9.20350529724957,18.0337940821142,0.720898653755733,0.504265454660433,0.971708536964826,47.2599931541404,26.1249115800608,78.5613022711071
"Trinidad and Tobago","Latin America & Caribbean",1224349.35483682,"[70,80)",279.923684339548,146.74938150725,113.754442208438,179.237142855788,5.82537262204708,4.04944342066137,7.93467558683352,0.763668723679879,0.544519793109026,1.0271544475214,23.5837319982546,14.0611143289384,38.546821990345
"Trinidad and Tobago","Latin America & Caribbean",1224349.35483682,"[80,90)",84.8169738069187,44.4651136857141,34.4676355913862,54.3089166845413,1.76508993251309,1.22698276622501,2.40420946517163,0.50180630032824,0.361527562995863,0.662314694300411,7.63110972931355,4.19920723979372,12.721201296684
"Uganda","Sub-Saharan Africa",855872.61528388,"[0,10)",5339.95468046268,2799.45960444023,2170.03276277809,3419.21128311722,111.12752346031,77.2490702187234,151.365570004676,2.78659727831534,1.582286186109,4.5446092597192,405.696088857925,242.106045774341,634.8409536763
"Uganda","Sub-Saharan Africa",855872.61528388,"[10,20)",3392.87614293784,1778.70792420293,1378.78555733086,2172.48292997632,70.6077009514212,49.0821632565855,96.173968144343,1.26624745753819,0.842611752811978,1.87588903226348,210.064524070838,124.598583114643,339.242294961257
"Uganda","Sub-Saharan Africa",855872.61528388,"[20,30)",1883.8997011763,987.63031296047,765.572803135889,1206.27449107209,39.2050346429533,27.2529467026471,53.4007438571524,0.734460231017077,0.490030258170737,1.0394682904404,110.617606494702,65.8952730056473,176.0992615839
"Uganda","Sub-Saharan Africa",855872.61528388,"[30,40)",889.146426004387,466.133076211055,361.328324076598,569.326834038624,18.5036477326231,12.862606296724,25.203613821328,0.400704979207284,0.250243476780777,0.59343130095599,51.3242356000325,28.6475760007287,85.4151523403151
"Uganda","Sub-Saharan Africa",855872.61528388,"[40,50)",471.614816007072,247.243039551961,191.653237412538,301.978349381219,9.81457515394394,6.82249348879568,13.3683242123275,0.239342502004541,0.164198171818199,0.32874688907249,33.6820047596715,18.269519326171,57.1275282781631
"Uganda","Sub-Saharan Africa",855872.61528388,"[50,60)",215.052229439299,112.740662643221,87.3921992819824,137.699484987886,4.47536039203557,3.11099733363468,6.09583886712601,0.141604081870852,0.092453451066593,0.206426998247416,15.2155610662562,8.12325711173329,26.1783342389355
"Uganda","Sub-Saharan Africa",855872.61528388,"[60,70)",94.6818898637457,49.6367744309488,38.476506888308,60.6254931925623,1.97038450075165,1.3696910172826,2.68383892484722,0.107286123985329,0.0750461743940902,0.14461234187536,7.03336239936845,3.88798132481167,11.6917094684474
"Uganda","Sub-Saharan Africa",855872.61528388,"[70,80)",35.2200116238815,18.464014342614,14.312589469884,22.5516260608903,0.732948667584226,0.509501168800507,0.99834126954767,0.0960848360804464,0.0685115069415509,0.129236622712294,2.96730631090683,1.76917009104959,4.84996302391064
"Uganda","Sub-Saharan Africa",855872.61528388,"[80,90)",8.54100241778428,4.47760190502998,3.47086373998082,5.46886510907414,0.177743165130129,0.123556197569178,0.242101998376364,0.0505314989676426,0.0364055406724667,0.0666945677433781,0.768446735635923,0.422856859636388,1.28101494495003
"United States Virgin Islands","Latin America & Caribbean",60980.7797881365,"[0,10)",105.712929294432,55.4197728137213,42.9592634666864,67.688746860971,2.19994676606641,1.52926868985805,2.99652314617196,0.0551651425305884,0.0313238815167631,0.0899677967495207,8.03140186065204,4.7928757508631,12.5676903391581
"United States Virgin Islands","Latin America & Caribbean",60980.7797881365,"[10,20)",93.4198470544976,48.9751512384355,37.963642190389,59.817398129706,1.94412066514163,1.35143400211592,2.64806524498977,0.0348650050378604,0.0232005701822813,0.0516509471912291,5.78394108229403,3.43071190559235,9.34073687766738
"United States Virgin Islands","Latin America & Caribbean",60980.7797881365,"[20,30)",75.6448150656579,39.6566294535131,30.7402846745778,48.4359176545301,1.57421204183915,1.09429610930388,2.14421680247659,0.0294910118164342,0.0196763385188483,0.0417380960079155,4.44166341821315,2.64591354683099,7.07096883522802
"United States Virgin Islands","Latin America & Caribbean",60980.7797881365,"[30,40)",49.6502448811956,26.0290326814964,20.1766989645714,31.7914079174559,1.03325010847604,0.718252397766037,1.40737853914947,0.0223755050471944,0.0139736825552128,0.0331374097121839,2.86596312075737,1.5996905819895,4.76961173798875
"United States Virgin Islands","Latin America & Caribbean",60980.7797881365,"[40,50)",51.9966238926935,27.2591167650612,21.1302125491481,33.2938112280938,1.0820796031534,0.75219568153249,1.47388865351838,0.026388064233503,0.0181032280880903,0.0362451046210112,3.71351890143818,2.01425674694869,6.29844207810959
"United States Virgin Islands","Latin America & Caribbean",60980.7797881365,"[50,60)",54.6659793881166,28.6585205664957,22.2149762273425,35.0030186979614,1.13763042393599,0.790811220885121,1.54955381179924,0.0359955618270404,0.0235015394332064,0.0524734575445506,3.86777458571462,2.06492072643091,6.65449636886843
"United States Virgin Islands","Latin America & Caribbean",60980.7797881365,"[60,70)",44.842446759644,23.5085549933934,18.2229221883824,28.7129402959415,0.933197068606632,0.648701632466845,1.27109740069737,0.0508119589689647,0.0355427430169043,0.0684900908786818,3.3310824212406,1.8413932781787,5.53732989616668
"United States Virgin Islands","Latin America & Caribbean",60980.7797881365,"[70,80)",30.1239477499972,15.7924139620374,12.2416682300467,19.28857981055,0.626896651867262,0.435780281716373,0.853888992476306,0.0821821018279219,0.0585984206200954,0.110537080780844,2.53795998770722,1.51318483232694,4.14821080361704
"United States Virgin Islands","Latin America & Caribbean",60980.7797881365,"[80,90)",8.79895339837382,4.61283214447906,3.57568898898865,5.63403297211796,0.18311127316894,0.12728777856657,0.24941383893431,0.0520576254188214,0.0375050421660855,0.0687088429195071,0.791654970371388,0.435627765937163,1.31970350222192
"Uruguay","Latin America & Caribbean",321242.720710101,"[0,10)",838.882760776097,439.782459249355,340.902345421429,537.142648673121,17.4576319944569,12.135480012511,23.7788473592379,0.437761845911731,0.248570012962355,0.713937587596068,63.7330231101724,38.0337662457776,99.7306463708718
"Uruguay","Latin America & Caribbean",321242.720710101,"[10,20)",740.856531230079,388.392422027937,301.066777058884,474.375750794478,15.4176498643732,10.7174089720989,21.0002102736219,0.276493352409368,0.183989746180786,0.409612547840279,45.868952499652,27.2069094755011,74.0757573525525
"Uruguay","Latin America & Caribbean",321242.720710101,"[20,30)",512.251168968533,268.546559037547,208.166901397144,327.998097649667,10.6602409951894,7.41034875558996,14.520196296828,0.199707081892142,0.133244127816984,0.282641823527732,30.0780334537086,17.9175837256978,47.8831503314763
"Uruguay","Latin America & Caribbean",321242.720710101,"[30,40)",400.144603306191,209.774936290917,162.6094135593,256.215459563497,8.32723898465225,5.78858818250587,11.342440074508,0.180330179887517,0.112617645213266,0.26706324803845,23.0975633411219,12.8923342649065,38.4395767108269
"Uruguay","Latin America & Caribbean",321242.720710101,"[40,50)",345.684854701555,181.224531763244,140.4782447018,221.344491915404,7.19390034175203,5.00076034579302,9.79873205016616,0.175433585250438,0.120354194229521,0.240965331718729,24.688280618456,13.3912165593202,41.8734116105454
"Uruguay","Latin America & Caribbean",321242.720710101,"[50,60)",235.946801201749,123.694596356379,95.883264843761,151.078429155233,4.9101884294757,3.41326323996777,6.68811332525921,0.155362398435254,0.101436270138191,0.226483538650803,16.6939118531034,8.9125164424014,28.7218330196874
"Uruguay","Latin America & Caribbean",321242.720710101,"[60,70)",165.064245026601,86.5345707483337,67.0782508663384,105.691820025948,3.43508172995628,2.3878591144814,4.67888681288922,0.187037912772478,0.130832201768697,0.252110800360409,12.2616548541747,6.77813574466153,20.3828123758079
"Uruguay","Latin America & Caribbean",321242.720710101,"[70,80)",84.804595306851,44.4586242840288,34.4626052583012,54.3009906421623,1.76483232881812,1.2268036958624,2.40385858602926,0.231358118956503,0.164965607680297,0.311182733412522,7.14483611008492,4.25990074059807,11.6779959043808
"Uruguay","Latin America & Caribbean",321242.720710101,"[80,90)",36.6439694164019,19.2105211122638,14.8912526323052,23.4633964488829,0.762582046978579,0.530100485102828,1.03870456770749,0.216798288088484,0.156192851112144,0.286143661022696,3.29691262235723,1.8142078732781,5.496014421792
"Venezuela","Latin America & Caribbean",12228552.6169763,"[0,10)",32351.1333669901,16960.0111682784,13146.7444051958,20714.6627357628,673.245663556139,467.999285137261,917.020468414811,16.8820871309455,9.58598986220667,27.5326794064281,2457.83514326976,1466.75495289441,3846.06716501753
"Venezuela","Latin America & Caribbean",12228552.6169763,"[10,20)",26553.8619243315,13920.8042478384,10790.8687998626,17002.6282496735,552.601115652595,384.134560519011,752.691864728268,9.91010538934398,6.59458087987095,14.6813783496855,1644.04008056348,975.153065601957,2655.03150713143
"Venezuela","Latin America & Caribbean",12228552.6169763,"[20,30)",22289.9205173559,11685.4422571831,9058.10268003825,14272.3959833543,463.866046332492,322.451357408486,631.826808720437,8.68998501475819,5.79793897674329,12.2987787299724,1308.80516359099,779.659552389243,2083.57087238736
"Venezuela","Latin America & Caribbean",12228552.6169763,"[30,40)",17433.1605574177,9139.29643200324,7084.42895719281,11162.5777455384,362.79408248909,252.19229836564,494.157805198437,7.85647226865513,4.90643001149979,11.6351849895553,1006.29504155223,561.682280213162,1674.70286247055
"Venezuela","Latin America & Caribbean",12228552.6169763,"[40,50)",11880.3960929914,6228.27176207373,4827.91527255779,7607.10283135557,247.237865214858,171.864670569494,336.759960356286,6.02925020417277,4.13629778525875,8.28142612139931,848.47961550241,460.225418406318,1439.0931767249
"Venezuela","Latin America & Caribbean",12228552.6169763,"[50,60)",8671.19752704265,4545.8564073384,3523.77198912342,5552.22997136625,180.452600120554,125.439631369475,245.792489795105,5.70966861277883,3.72784852473006,8.32341650856063,613.512056277137,327.54074283464,1055.54593740599
"Venezuela","Latin America & Caribbean",12228552.6169763,"[60,70)",4589.06818598155,2405.80899603516,1864.89004310047,2938.41327491245,95.5011443008052,66.3865653831135,130.081051867885,5.19997371289129,3.63735886437363,7.00911122872098,340.894966015877,188.443760797972,566.677028084289
"Venezuela","Latin America & Caribbean",12228552.6169763,"[70,80)",1872.19973398355,981.496630656158,760.818209950934,1198.7829181597,38.9615516067668,27.0836921599941,53.069098307866,5.10760775637245,3.64188480232671,6.86986629211747,157.733908360228,94.0442555558042,257.810803135529
"Venezuela","Latin America & Caribbean",12228552.6169763,"[80,90)",614.109686029261,321.945664637257,249.559821827438,393.218836711342,12.7799752292106,8.88385858996882,17.4074628407067,3.63328347747468,2.61760787065717,4.79543009746256,55.2523650583406,30.4039831163036,92.1067161863817
"Vietnam","East Asia & Pacific",13632297.3769997,"[0,10)",11002.281465838,5767.92208236987,4471.07001367022,7044.83973724761,228.963795551522,159.161652931302,311.869052282698,5.74142093380221,3.26009470506783,9.36357576415839,835.883977730273,498.827990045708,1308.00714169779
"Vietnam","East Asia & Pacific",13632297.3769997,"[10,20)",8630.89447463576,4524.72761994222,3507.39377069342,5526.42363783352,179.613870455253,124.856597708758,244.650065399105,3.22111616350511,2.14345965346996,4.77193967639899,534.368088824515,316.957406414621,862.974162861302
"Vietnam","East Asia & Pacific",13632297.3769997,"[20,30)",10521.1884790673,5515.71013244983,4275.56506920789,6736.79244714355,218.951974220985,152.202045941984,298.232061235896,4.10180781709611,2.73671719542242,5.80521446811031,617.776353118677,368.011410978577,983.477793956823
"Vietnam","East Asia & Pacific",13632297.3769997,"[30,40)",9642.84065893105,5055.2382018329,3918.62504614289,6174.38003789608,200.673051677761,139.495654877952,273.334543108313,4.34566698209621,2.71390392173947,6.43579427390346,556.614086676999,310.684497581595,926.33190640741
"Vietnam","East Asia & Pacific",13632297.3769997,"[40,50)",7746.1745903818,4060.91514859754,3147.86428971551,4959.93115022739,161.202341598473,112.058026830866,219.571925679206,3.9311504738608,2.69692058679133,5.3995988089615,553.219874709309,300.073029047401,938.307688690147
"Vietnam","East Asia & Pacific",13632297.3769997,"[50,60)",6539.80646875017,3428.47928974123,2657.62448346964,4187.48498918274,136.097128209888,94.6064151011804,185.376392328646,4.30622501814992,2.81153875465516,6.27751045400894,462.710035353771,247.030823838212,796.091442731209
"Vietnam","East Asia & Pacific",13632297.3769997,"[60,70)",4427.72595745535,2321.22568432617,1799.3243327392,2835.10468874814,92.1435198716536,64.0525498555537,125.507668787305,5.01715329856875,3.5094767843208,6.76268524858751,328.909797942241,181.818464531536,546.753825625669
"Vietnam","East Asia & Pacific",13632297.3769997,"[70,80)",1559.97222398526,817.812038943587,633.936248084133,998.861404033062,32.4639178217396,22.5669338188942,44.2187432299579,4.25580993647482,3.03452619475355,5.72417590050252,131.428560402068,78.3604568622993,214.815590791175
"Vietnam","East Asia & Pacific",13632297.3769997,"[80,90)",986.31719252585,517.074638806069,400.816252262079,631.545972806773,20.5258271859016,14.2683020030353,27.9580020778662,5.83539071387099,4.2041213562574,7.70190612244775,88.740429966381,48.8316207203529,147.931940805439
"Yemen","Middle East & North Africa",7254752.96846157,"[0,10)",37269.0937703036,19538.2411925302,15145.2885576924,23863.6680564365,775.591243771577,539.143684530469,1056.42425070374,19.4484712848928,11.0432345909803,31.7181472100415,2831.47076757239,1689.72837079201,4430.73929416588
"Yemen","Middle East & North Africa",7254752.96846157,"[10,20)",26275.2901752432,13774.7636154405,10677.6637525393,16824.2567606559,546.803877579498,380.104674519228,744.795510899232,9.80614027120689,6.52539832799036,14.5273586723386,1626.79275427554,964.922911664738,2627.17805316177
"Yemen","Middle East & North Africa",7254752.96846157,"[20,30)",17074.8855417653,8951.47153579792,6938.8343653707,10933.1716832624,355.338173667837,247.009405719939,484.002194297643,6.65684291566299,4.44143101941285,9.4213094638117,1002.59210648089,597.247424378411,1596.09066961314
"Yemen","Middle East & North Africa",7254752.96846157,"[30,40)",9873.89089947505,5176.365786935,4012.51846319054,6322.32316414122,205.481339868016,142.838083292399,279.883859245324,4.44979266840085,2.77893124886329,6.59000109611201,569.951009184143,318.128748755966,948.527566106587
"Yemen","Middle East & North Africa",7254752.96846157,"[40,50)",4682.50023462977,2454.79054393251,1902.85864373333,2998.23848581013,97.4455188881191,67.7381758964222,132.729462977456,2.3763488417979,1.63026680241735,3.26401404911048,334.416964516224,181.391732464329,567.199450668458
"Yemen","Middle East & North Africa",7254752.96846157,"[50,60)",2242.36426031802,1175.55457692703,911.244421001555,1435.8019194039,46.664887973068,32.4385813301048,63.5617275298191,1.47651541734875,0.964018438475692,2.15242838654407,158.653692754623,84.7017558116802,272.963276154352
"Yemen","Middle East & North Africa",7254752.96846157,"[60,70)",1160.77604816512,608.534313695425,471.712253286041,743.253229391549,24.1564161577227,16.792065816774,32.9031871414806,1.31530077401137,0.92004713750901,1.7729107748013,86.2272460235099,47.6656687361156,143.337404149933
"Yemen","Middle East & North Africa",7254752.96846157,"[70,80)",463.648673512086,243.066806708727,188.415983308055,296.877571203937,9.64879515393034,6.7072533532906,13.1425171087759,1.2648947214747,0.901909677174134,1.70131655064835,39.062668395689,23.2899799889959,63.8466263621015
"Yemen","Middle East & North Africa",7254752.96846157,"[80,90)",86.4925629896193,45.3435376633125,35.1485558689908,55.3818084565109,1.79995990564071,1.25122224280816,2.4517054697091,0.511719660483662,0.36866966730134,0.675398954295819,7.78186498902781,4.2821640574106,12.9725131075982
"Zambia","Sub-Saharan Africa",1416982.53190766,"[0,10)",10666.4059617604,5591.84008129474,4334.57805977223,6829.77624289498,221.974033429439,154.302797013634,302.348374642618,5.56614795462508,3.1605711693534,9.07772634833302,810.366274584582,483.59986639473,1268.07655462646
"Zambia","Sub-Saharan Africa",1416982.53190766,"[10,20)",6715.85728957006,3520.77354890732,2729.16742193144,4300.21159249115,139.760846891331,97.1532086665523,190.366703003133,2.50640956517322,1.66786526946421,3.71313378414179,415.80161073597,246.630371233068,671.496023893546
"Zambia","Sub-Saharan Africa",1416982.53190766,"[20,30)",3859.59095374507,2023.38214670693,1568.44754716589,2471.32377088243,80.3203041832449,55.8337720902847,109.403397529938,1.50470646698921,1.0039368605007,2.1295838669031,226.624970047665,135.001242066314,360.778823068989
"Zambia","Sub-Saharan Africa",1416982.53190766,"[30,40)",1970.91472276717,1033.24774840695,800.933673968162,1261.99083351836,41.0158672121168,28.5117269573841,55.8672588615326,0.888217418310641,0.554698909244948,1.31542168286157,113.767191342651,63.5012722990454,189.334373249899
"Zambia","Sub-Saharan Africa",1416982.53190766,"[40,50)",966.273132713948,506.566584129556,392.670814876617,618.711617541722,20.1086987905733,13.9783398073742,27.3898361063952,0.490379482056081,0.33641920585102,0.673556630522133,69.0097408956843,37.4317028924989,117.046356136355
"Zambia","Sub-Saharan Africa",1416982.53190766,"[50,60)",320.458007370506,167.999412024114,130.226643614198,205.191560627919,6.66891516184638,4.63582269791315,9.08365554592995,0.211009958046828,0.137768619188808,0.307605202226066,22.6733216997083,12.1047933061262,39.0093925013518
"Zambia","Sub-Saharan Africa",1416982.53190766,"[60,70)",91.9035840358895,48.1802536551601,37.3474683416844,58.8465240433834,1.91256636098454,1.32949937618677,2.60508547646695,0.104137964776155,0.0728440507992036,0.140368897719456,6.8269783509331,3.77389402481306,11.3486328293929
"Zambia","Sub-Saharan Africa",1416982.53190766,"[70,80)",30.0189352985978,15.7373614132336,12.1989936244232,19.2213395847094,0.624711282448452,0.434261146308413,0.850912324973524,0.0818956140127879,0.0583941458069627,0.110151747161238,2.52911262805587,1.50790985143858,4.13375008986781
"Zambia","Sub-Saharan Africa",1416982.53190766,"[80,90)",5.69063890694933,2.98330504596722,2.31254263531498,3.64375690864498,0.118425463599884,0.0823221526805616,0.161306013512185,0.0336677710631459,0.0242560271084679,0.0444367866343603,0.511995276177714,0.28173808878765,0.853505610879729
