population_group_id,population_group_name,measure_id,measure_name,location_id,location_name,sex_id,sex_name,age_id,age_name,metric_id,metric_name,year,val,upper,lower
1,All Population,44,Population,125,Colombia,3,Both,157,25+ years,1,Number,2023,32336789.891599115,35501677.7095237,29282090.39974866
1,All Population,44,Population,125,Colombia,3,Both,158,<20 years,1,Number,2023,15330344.009129757,16830765.63915967,13882160.865052514
1,All Population,44,Population,125,Colombia,3,Both,159,10-24 years,1,Number,2023,12261502.97293403,13461568.95099101,11103218.337189311
1,All Population,44,Population,126,Costa Rica,3,Both,157,25+ years,1,Number,2023,3359553.999587621,3608721.278745647,3126038.658834867
1,All Population,44,Population,186,Seychelles,3,Both,157,25+ years,1,Number,2023,69137.81277062073,74220.25382331735,64080.32230941066
1,All Population,44,Population,186,Seychelles,3,Both,158,<20 years,1,Number,2023,30006.385361132703,32212.20701922342,27811.392467116682
1,All Population,44,Population,187,Somalia,3,Both,157,25+ years,1,Number,2023,7298531.597612058,9289869.169960411,5180244.833700932
1,All Population,44,Population,187,Somalia,3,Both,158,<20 years,1,Number,2023,12613153.025896598,16054536.431630565,8952378.971745202
1,All Population,44,Population,187,Somalia,3,Both,159,10-24 years,1,Number,2023,7062925.201391035,8989979.724086763,5013019.5774301775
1,All Population,44,Population,187,Somalia,3,Both,162,10-19 years,1,Number,2023,5100419.938747427,6492022.855436243,3620101.3428572626
1,All Population,44,Population,187,Somalia,3,Both,235,95+ years,1,Number,2023,5905.256097078307,7516.451196144349,4191.346160449521
1,All Population,44,Population,189,United Republic of Tanzania,3,Both,1,<5 years,1,Number,2023,9874343.113827927,10649569.697724948,9126993.499515504
1,All Population,44,Population,189,United Republic of Tanzania,3,Both,6,5-9 years,1,Number,2023,9310904.964623343,10041896.48127488,8606199.734716328
1,All Population,44,Population,189,United Republic of Tanzania,3,Both,7,10-14 years,1,Number,2023,8353990.8659992395,9009855.841147434,7721710.644449016
1,All Population,44,Population,189,United Republic of Tanzania,3,Both,8,15-19 years,1,Number,2023,7039904.780551349,7592601.934283476,6507082.489297017
1,All Population,44,Population,189,United Republic of Tanzania,3,Both,9,20-24 years,1,Number,2023,5947118.129180692,6414021.498667669,5497004.497430397
1,All Population,44,Population,189,United Republic of Tanzania,3,Both,10,25-29 years,1,Number,2023,5105862.383585973,5506719.454061135,4719420.04113166
1,All Population,44,Population,189,United Republic of Tanzania,3,Both,11,30-34 years,1,Number,2023,4228964.772691092,4560977.330525255,3908891.310043683
1,All Population,44,Population,189,United Republic of Tanzania,3,Both,12,35-39 years,1,Number,2023,3478035.1966490997,3751092.8890029397,3214796.596084299
1,All Population,44,Population,189,United Republic of Tanzania,3,Both,13,40-44 years,1,Number,2023,2900641.204116199,3128368.167404415,2681103.250029997
1,All Population,44,Population,189,United Republic of Tanzania,3,Both,14,45-49 years,1,Number,2023,2420215.827897498,2610224.9887020327,2237039.3527961755
1,All Population,44,Population,189,United Republic of Tanzania,3,Both,15,50-54 years,1,Number,2023,1913641.628344745,2063880.0639797538,1768805.7322867217
1,All Population,44,Population,189,United Republic of Tanzania,3,Both,16,55-59 years,1,Number,2023,1450446.447111331,1564319.8087474136,1340667.945358494
1,All Population,44,Population,189,United Republic of Tanzania,3,Both,17,60-64 years,1,Number,2023,1138792.1161057546,1228197.7516767152,1052601.4866185307
1,All Population,44,Population,189,United Republic of Tanzania,3,Both,18,65-69 years,1,Number,2023,833004.6372931137,898403.1485555787,769957.8414480656
1,All Population,44,Population,189,United Republic of Tanzania,3,Both,19,70-74 years,1,Number,2023,577234.1006532195,622552.2767384324,533545.555752745
1,All Population,44,Population,189,United Republic of Tanzania,3,Both,20,75-79 years,1,Number,2023,376173.73186502967,405706.82320526673,347702.6436941013
1,All Population,44,Population,189,United Republic of Tanzania,3,Both,21,80+ years,1,Number,2023,472732.84594634786,509846.71418389137,436953.58387107484
1,All Population,44,Population,189,United Republic of Tanzania,3,Both,23,5-14 years,1,Number,2023,17664895.83062258,19051752.322422314,16327910.37916534
1,All Population,44,Population,189,United Republic of Tanzania,3,Both,24,15-49 years,1,Number,2023,31120742.294671904,33564006.26264693,28765337.536813222
1,All Population,44,Population,189,United Republic of Tanzania,3,Both,25,50-69 years,1,Number,2023,5335884.828854945,5754800.77295946,4932033.005711812
1,All Population,44,Population,189,United Republic of Tanzania,3,Both,26,70+ years,1,Number,2023,1426140.678464597,1538105.8141275907,1318201.7833179208
1,All Population,44,Population,189,United Republic of Tanzania,3,Both,28,<1 year,1,Number,2023,2006881.9553660264,2164440.6126466575,1854989.0711484426
1,All Population,44,Population,189,United Republic of Tanzania,3,Both,30,80-84 years,1,Number,2023,242892.9090679335,261962.23226026364,224509.31434992788
1,All Population,44,Population,189,United Republic of Tanzania,3,Both,31,85-89 years,1,Number,2023,139409.34381922177,150354.2571290454,128858.00707369791
1,All Population,44,Population,189,United Republic of Tanzania,3,Both,32,90-94 years,1,Number,2023,60703.588764363,65469.37775970242,56109.17644473282
1,All Population,44,Population,189,United Republic of Tanzania,3,Both,34,2-4 years,1,Number,2023,5882075.513199887,6343872.440221449,5436884.697418896
1,All Population,44,Population,190,Uganda,3,Both,32,90-94 years,1,Number,2023,24386.754276494772,27474.381612211375,21412.892191278115
1,All Population,44,Population,190,Uganda,3,Both,34,2-4 years,1,Number,2023,4415115.454656216,4974116.911495468,3876710.7000263007
1,All Population,44,Population,126,Costa Rica,3,Both,158,<20 years,1,Number,2023,1440752.360124222,1547608.3134908653,1340608.7760782333
1,All Population,44,Population,126,Costa Rica,3,Both,159,10-24 years,1,Number,2023,1189912.541891074,1278164.5153778526,1107204.2917126943
1,All Population,44,Population,126,Costa Rica,3,Both,162,10-19 years,1,Number,2023,783094.5150583896,841174.1082617204,728663.3070623525
1,All Population,44,Population,126,Costa Rica,3,Both,235,95+ years,1,Number,2023,3582.5206658494,3848.224663149834,3333.5073938072505
1,All Population,44,Population,127,El Salvador,3,Both,1,<5 years,1,Number,2023,439504.0128527894,510982.58137488517,365762.29804302985
1,All Population,44,Population,127,El Salvador,3,Both,6,5-9 years,1,Number,2023,520890.40594128764,605605.2196511856,433493.3614575821
1,All Population,44,Population,127,El Salvador,3,Both,7,10-14 years,1,Number,2023,557884.8224510849,648616.209066123,464280.7090168333
1,All Population,44,Population,127,El Salvador,3,Both,8,15-19 years,1,Number,2023,542437.3949934853,630656.4950998038,451425.1117969802
1,All Population,44,Population,127,El Salvador,3,Both,9,20-24 years,1,Number,2023,572109.7214921488,665154.5691703218,476118.8984543262
1,All Population,44,Population,127,El Salvador,3,Both,10,25-29 years,1,Number,2023,585895.2845158192,681182.1420104832,487591.46540229523
1,All Population,44,Population,127,El Salvador,3,Both,11,30-34 years,1,Number,2023,498248.3853944668,579280.822675923,414650.3083218725
1,All Population,44,Population,127,El Salvador,3,Both,12,35-39 years,1,Number,2023,404518.02677771426,470306.66271706024,336646.3985474612
1,All Population,44,Population,127,El Salvador,3,Both,13,40-44 years,1,Number,2023,378738.2707196006,440334.225805086,315192.0715264183
1,All Population,44,Population,127,El Salvador,3,Both,14,45-49 years,1,Number,2023,350339.3635654918,407316.6731514934,291558.0448990513
1,All Population,44,Population,127,El Salvador,3,Both,15,50-54 years,1,Number,2023,308234.4665255789,358364.0621427179,256517.6733670124
1,All Population,44,Population,127,El Salvador,3,Both,16,55-59 years,1,Number,2023,265393.4495499685,308555.612611553,220864.69100221162
1,All Population,44,Population,127,El Salvador,3,Both,17,60-64 years,1,Number,2023,219225.12740445242,254878.72289549728,182442.6718376426
1,All Population,44,Population,127,El Salvador,3,Both,18,65-69 years,1,Number,2023,178191.085200662,207171.12479317485,148293.48289842767
1,All Population,44,Population,127,El Salvador,3,Both,19,70-74 years,1,Number,2023,138880.5121891062,161467.2916418294,115578.5927003467
1,All Population,44,Population,127,El Salvador,3,Both,20,75-79 years,1,Number,2023,103662.08755609131,120521.1318693076,86269.25410383788
1,All Population,44,Population,127,El Salvador,3,Both,21,80+ years,1,Number,2023,122818.19633727582,142792.68714037715,102211.27548354972
1,All Population,44,Population,127,El Salvador,3,Both,23,5-14 years,1,Number,2023,1078775.2283923724,1254221.4287173087,897774.0704744154
1,All Population,44,Population,127,El Salvador,3,Both,24,15-49 years,1,Number,2023,3332286.447458727,3874231.5906301728,2773182.2989484053
1,All Population,44,Population,127,El Salvador,3,Both,25,50-69 years,1,Number,2023,971044.1286806618,1128969.522442943,808118.5191052943
1,All Population,44,Population,127,El Salvador,3,Both,26,70+ years,1,Number,2023,365360.7960824733,424781.1106515142,304059.1222877344
1,All Population,44,Population,127,El Salvador,3,Both,28,<1 year,1,Number,2023,83125.73238843642,96644.85436393111,69178.56951419516
1,All Population,44,Population,6,China,3,Both,1,<5 years,1,Number,2023,62163764.010105886,67168464.6582892,56631457.92578659
1,All Population,44,Population,6,China,3,Both,6,5-9 years,1,Number,2023,101168491.20697998,109318626.54244772,92164515.36781588
1,All Population,44,Population,6,China,3,Both,7,10-14 years,1,Number,2023,88768116.91434222,95911763.42146572,80867891.047053
1,All Population,44,Population,6,China,3,Both,8,15-19 years,1,Number,2023,80560723.4383378,87043630.01870126,73390912.57934175
1,All Population,44,Population,6,China,3,Both,9,20-24 years,1,Number,2023,70756194.60945211,76443853.04200949,64460571.5943583
1,All Population,44,Population,66,Brunei Darussalam,3,Both,1,<5 years,1,Number,2023,28009.523307230447,30308.505920843887,25876.31214489874
1,All Population,44,Population,66,Brunei Darussalam,3,Both,6,5-9 years,1,Number,2023,31541.628185892525,34130.521042405635,29139.411176119516
1,All Population,44,Population,127,El Salvador,3,Both,157,25+ years,1,Number,2023,3554144.2557362276,4132171.1594545036,2957815.930090128
1,All Population,44,Population,127,El Salvador,3,Both,158,<20 years,1,Number,2023,2060716.6362386472,2395860.505191997,1714961.4803144252
1,All Population,44,Population,127,El Salvador,3,Both,159,10-24 years,1,Number,2023,1672431.938936719,1944427.273336249,1391824.7192681395
1,All Population,44,Population,127,El Salvador,3,Both,162,10-19 years,1,Number,2023,1100322.2174445703,1279272.704165927,915705.8208138132
1,All Population,44,Population,127,El Salvador,3,Both,235,95+ years,1,Number,2023,3121.2560765457865,3628.880375341697,2597.5594350728857
1,All Population,44,Population,128,Guatemala,3,Both,1,<5 years,1,Number,2023,1703055.0565649353,1867310.3787106858,1533492.6259381373
1,All Population,44,Population,128,Guatemala,3,Both,6,5-9 years,1,Number,2023,1811474.8175343454,1986186.9494563548,1631117.716396408
1,All Population,44,Population,128,Guatemala,3,Both,7,10-14 years,1,Number,2023,1684022.2821649946,1846441.9417005796,1516354.8246198862
1,All Population,44,Population,128,Guatemala,3,Both,8,15-19 years,1,Number,2023,1639054.136360962,1797136.7327776148,1475863.872946436
1,All Population,44,Population,128,Guatemala,3,Both,9,20-24 years,1,Number,2023,1648805.3390860362,1807828.414167041,1484644.2100325967
1,All Population,44,Population,128,Guatemala,3,Both,10,25-29 years,1,Number,2023,1457403.8893187884,1597966.7821117966,1312299.3931809561
1,All Population,44,Population,128,Guatemala,3,Both,11,30-34 years,1,Number,2023,1221616.42297313,1339438.2152402082,1099987.7949528825
1,All Population,44,Population,128,Guatemala,3,Both,12,35-39 years,1,Number,2023,1026777.2453264011,1125807.295208164,924547.5230642225
1,All Population,44,Population,128,Guatemala,3,Both,13,40-44 years,1,Number,2023,946029.5267392844,1037271.6648457153,851839.3445838223
1,All Population,44,Population,128,Guatemala,3,Both,14,45-49 years,1,Number,2023,782699.2702091231,858188.6211117031,704770.8496364091
1,All Population,44,Population,128,Guatemala,3,Both,15,50-54 years,1,Number,2023,625988.585950878,686363.5905337108,563662.8579779047
1,All Population,44,Population,8,Taiwan,3,Both,157,25+ years,1,Number,2023,18143432.397959314,19438924.033254102,16795995.176923793
1,All Population,44,Population,8,Taiwan,3,Both,158,<20 years,1,Number,2023,3781080.4637716864,4051060.145992328,3500275.352540955
1,All Population,44,Population,8,Taiwan,3,Both,159,10-24 years,1,Number,2023,3310148.635588341,3546502.472884831,3064317.6714730104
1,All Population,44,Population,8,Taiwan,3,Both,162,10-19 years,1,Number,2023,2018415.5226979023,2162536.0159348045,1868516.2013817816
1,All Population,44,Population,8,Taiwan,3,Both,235,95+ years,1,Number,2023,45810.28358000299,49081.26549162029,42408.14445616053
1,All Population,44,Population,66,Brunei Darussalam,3,Both,157,25+ years,1,Number,2023,296804.7410667885,321166.0603176035,274200.0298144123
1,All Population,44,Population,66,Brunei Darussalam,3,Both,158,<20 years,1,Number,2023,125371.28460082406,135661.5848098702,115822.98130366279
1,All Population,44,Population,66,Brunei Darussalam,3,Both,159,10-24 years,1,Number,2023,103532.7313098459,112030.55351875881,95647.65680592383
1,All Population,44,Population,66,Brunei Darussalam,3,Both,162,10-19 years,1,Number,2023,65820.13310770108,71222.5578466207,60807.25798264453
1,All Population,44,Population,189,United Republic of Tanzania,3,Both,157,25+ years,1,Number,2023,24895744.892259404,26850289.416782834,23011485.339115564
1,All Population,44,Population,189,United Republic of Tanzania,3,Both,158,<20 years,1,Number,2023,34579143.72500186,37293923.95443074,31961986.36797786
1,All Population,44,Population,189,United Republic of Tanzania,3,Both,159,10-24 years,1,Number,2023,21341013.77573128,23016479.274098583,19725797.63117643
1,All Population,44,Population,189,United Republic of Tanzania,3,Both,162,10-19 years,1,Number,2023,15393895.646550588,16602457.77543091,14228793.133746034
1,All Population,44,Population,189,United Republic of Tanzania,3,Both,235,95+ years,1,Number,2023,29727.00429482959,32060.847034879873,27477.086002716274
1,All Population,44,Population,193,Botswana,3,Both,1,<5 years,1,Number,2023,250631.51595206326,268505.7329630717,231778.2225390081
1,All Population,44,Population,193,Botswana,3,Both,6,5-9 years,1,Number,2023,260433.76158115492,279007.042574217,240843.11232420243
1,All Population,44,Population,193,Botswana,3,Both,7,10-14 years,1,Number,2023,242497.3855385125,259791.50306899333,224255.96707966726
1,All Population,44,Population,193,Botswana,3,Both,8,15-19 years,1,Number,2023,209215.79961742408,224136.38368797945,193477.92706037234
1,All Population,44,Population,193,Botswana,3,Both,9,20-24 years,1,Number,2023,199366.56715916342,213584.73630124473,184369.5849435502
1,All Population,44,Population,193,Botswana,3,Both,10,25-29 years,1,Number,2023,205463.74475227896,220116.74458610316,190008.11360052598
1,All Population,44,Population,6,China,3,Both,157,25+ years,1,Number,2023,1027227793.4691912,1109739661.354224,935829984.8435715
1,All Population,44,Population,6,China,3,Both,158,<20 years,1,Number,2023,332661095.5697659,359442484.64090395,303054776.9199973
1,All Population,44,Population,6,China,3,Both,159,10-24 years,1,Number,2023,240085034.96213216,259399091.30728096,218719375.22075307
1,All Population,44,Population,6,China,3,Both,162,10-19 years,1,Number,2023,169328840.35268003,182955393.44016698,154258803.62639472
1,All Population,44,Population,6,China,3,Both,235,95+ years,1,Number,2023,1241592.365273229,1339834.2593807452,1131176.4169757452
1,All Population,44,Population,66,Brunei Darussalam,3,Both,7,10-14 years,1,Number,2023,32535.627508138405,35206.10644288359,30057.707301766626
1,All Population,44,Population,66,Brunei Darussalam,3,Both,8,15-19 years,1,Number,2023,33284.50559956268,36016.45140373709,30749.55068087791
1,All Population,44,Population,66,Brunei Darussalam,3,Both,9,20-24 years,1,Number,2023,37712.598202144814,40807.99567213813,34840.398823279305
1,All Population,44,Population,66,Brunei Darussalam,3,Both,10,25-29 years,1,Number,2023,41920.91063951523,45361.72052585162,38728.205303889634
1,All Population,44,Population,66,Brunei Darussalam,3,Both,11,30-34 years,1,Number,2023,41453.44220689458,44855.88293616892,38296.339365019616
1,All Population,44,Population,66,Brunei Darussalam,3,Both,12,35-39 years,1,Number,2023,40477.51323416303,43799.85107429422,37394.73734728257
1,All Population,44,Population,66,Brunei Darussalam,3,Both,13,40-44 years,1,Number,2023,37440.41546143837,40513.472551634935,34588.94557712015
1,All Population,44,Population,66,Brunei Darussalam,3,Both,14,45-49 years,1,Number,2023,33233.30039402952,35961.04334633972,30702.245274524284
1,All Population,44,Population,66,Brunei Darussalam,3,Both,15,50-54 years,1,Number,2023,28890.039311341596,31261.293450687754,26689.767865692003
1,All Population,44,Population,66,Brunei Darussalam,3,Both,16,55-59 years,1,Number,2023,22475.55136294572,24320.3132765285,20763.808663111235
1,All Population,44,Population,66,Brunei Darussalam,3,Both,17,60-64 years,1,Number,2023,18514.69289220027,20034.353065944557,17104.61000319267
1,All Population,44,Population,66,Brunei Darussalam,3,Both,18,65-69 years,1,Number,2023,13950.790926243662,15095.852391010214,12888.295766979862
1,All Population,44,Population,66,Brunei Darussalam,3,Both,19,70-74 years,1,Number,2023,9203.126128448232,9958.50588725806,8502.214114694521
1,All Population,44,Population,66,Brunei Darussalam,3,Both,20,75-79 years,1,Number,2023,4546.473321359376,4919.6415114929205,4200.21296083894
1,All Population,44,Population,66,Brunei Darussalam,3,Both,21,80+ years,1,Number,2023,4698.485188208932,5084.13030039205,4340.647572066776
1,All Population,44,Population,66,Brunei Darussalam,3,Both,23,5-14 years,1,Number,2023,64077.25569403093,69336.62748528921,59197.11847788614
1,All Population,44,Population,66,Brunei Darussalam,3,Both,24,15-49 years,1,Number,2023,265522.6857377482,287316.41751016467,245300.42237199348
1,All Population,44,Population,66,Brunei Darussalam,3,Both,25,50-69 years,1,Number,2023,83831.07449273125,90711.81218417101,77446.48229897578
1,All Population,44,Population,66,Brunei Darussalam,3,Both,26,70+ years,1,Number,2023,18448.08463801654,19962.277699143026,17043.074647600235
1,All Population,44,Population,66,Brunei Darussalam,3,Both,28,<1 year,1,Number,2023,5765.217934728708,6238.418983181118,5326.137729159358
1,All Population,44,Population,66,Brunei Darussalam,3,Both,30,80-84 years,1,Number,2023,2939.8629067750658,3181.1627545071483,2715.962331971687
1,All Population,44,Population,66,Brunei Darussalam,3,Both,31,85-89 years,1,Number,2023,1246.7597868947548,1349.092091589263,1151.8063003617067
1,All Population,44,Population,66,Brunei Darussalam,3,Both,32,90-94 years,1,Number,2023,405.5992251550339,438.8902439452677,374.70870320493486
1,All Population,44,Population,66,Brunei Darussalam,3,Both,34,2-4 years,1,Number,2023,16559.280386280316,17918.44302837287,15298.122123330691
1,All Population,44,Population,62,Russian Federation,3,Both,157,25+ years,1,Number,2023,109486862.9589191,118300651.07049417,100552146.75814465
1,All Population,44,Population,62,Russian Federation,3,Both,158,<20 years,1,Number,2023,30993964.72822931,33489005.963950377,28464690.701194216
1,All Population,44,Population,62,Russian Federation,3,Both,159,10-24 years,1,Number,2023,24803841.032546528,26800571.903318524,22779714.353548683
1,All Population,44,Population,62,Russian Federation,3,Both,162,10-19 years,1,Number,2023,16647146.182494797,17987255.992472436,15288649.622508358
1,All Population,44,Population,62,Russian Federation,3,Both,235,95+ years,1,Number,2023,114207.97905808694,123401.82113982487,104887.9944209266
1,All Population,44,Population,63,Ukraine,3,Both,1,<5 years,1,Number,2023,1263550.6833346975,1530563.5268671243,1022093.0937320619
1,All Population,44,Population,6,China,3,Both,10,25-29 years,1,Number,2023,77989765.2321679,84254222.7622194,71052152.65247796
1,All Population,44,Population,6,China,3,Both,11,30-34 years,1,Number,2023,107417952.98278132,116048556.8092014,97861957.88063735
1,All Population,44,Population,6,China,3,Both,12,35-39 years,1,Number,2023,118219057.2220307,127717841.35115683,107701723.46189122
1,All Population,44,Population,6,China,3,Both,13,40-44 years,1,Number,2023,90946064.58107536,98247234.55579886,82855934.73817533
1,All Population,44,Population,6,China,3,Both,14,45-49 years,1,Number,2023,99744832.28867544,107757804.68188344,90868942.81334661
1,All Population,44,Population,6,China,3,Both,15,50-54 years,1,Number,2023,118396932.35445261,127912929.52141218,107860580.39992616
1,All Population,44,Population,6,China,3,Both,16,55-59 years,1,Number,2023,118222751.40542115,127724612.03532298,107701323.03137627
1,All Population,44,Population,6,China,3,Both,17,60-64 years,1,Number,2023,81428269.72194025,87962854.0625893,74184682.36553001
1,All Population,44,Population,6,China,3,Both,18,65-69 years,1,Number,2023,76312862.28260401,82439359.34414911,69523087.43342529
1,All Population,44,Population,6,China,3,Both,19,70-74 years,1,Number,2023,61055040.913256966,65958066.306343324,55622131.636204444
1,All Population,44,Population,6,China,3,Both,20,75-79 years,1,Number,2023,36787570.910587534,39743121.37026649,33513585.054192446
1,All Population,44,Population,6,China,3,Both,21,80+ years,1,Number,2023,40706693.574197926,43973058.55388122,37083883.37638819
1,All Population,44,Population,6,China,3,Both,23,5-14 years,1,Number,2023,189936608.12132218,205230389.96391347,173032406.4148689
1,All Population,44,Population,6,China,3,Both,24,15-49 years,1,Number,2023,645634590.3545206,697509466.6546826,588192195.7202286
1,All Population,44,Population,6,China,3,Both,25,50-69 years,1,Number,2023,394360815.764418,426039754.9634736,359269673.23025775
1,All Population,44,Population,6,China,3,Both,26,70+ years,1,Number,2023,138549305.39804244,149674246.230491,126219600.06678511
1,All Population,44,Population,6,China,3,Both,28,<1 year,1,Number,2023,9454626.13431687,10215368.613587221,8613227.524078539
1,All Population,44,Population,6,China,3,Both,30,80-84 years,1,Number,2023,22464451.868661016,24268796.985975202,20464902.12652809
1,All Population,44,Population,6,China,3,Both,31,85-89 years,1,Number,2023,12472188.034963135,13472710.938415075,11362232.34947548
1,All Population,44,Population,6,China,3,Both,32,90-94 years,1,Number,2023,4528461.305300546,4889682.133177693,4125572.483408881
1,All Population,44,Population,6,China,3,Both,34,2-4 years,1,Number,2023,42276723.587009236,45681068.812527195,38514230.86646137
1,All Population,44,Population,7,Democratic People's Republic of Korea,3,Both,32,90-94 years,1,Number,2023,27484.53206805659,31989.809103641383,23349.32855007374
1,All Population,44,Population,7,Democratic People's Republic of Korea,3,Both,34,2-4 years,1,Number,2023,909416.2979273822,1058488.2323774009,772589.4651041679
1,All Population,44,Population,66,Brunei Darussalam,3,Both,235,95+ years,1,Number,2023,106.2632693840777,114.98521035037224,98.17023652844676
1,All Population,44,Population,67,Japan,3,Both,1,<5 years,1,Number,2023,4132140.85763014,4503672.909467065,3753689.8617751054
1,All Population,44,Population,67,Japan,3,Both,6,5-9 years,1,Number,2023,4962770.662436834,5408986.904946225,4508244.651802111
1,All Population,44,Population,67,Japan,3,Both,7,10-14 years,1,Number,2023,5395757.840345647,5880905.140669896,4901575.769010703
1,All Population,44,Population,67,Japan,3,Both,8,15-19 years,1,Number,2023,5567795.747548,6068411.445213689,5057857.214962387
1,All Population,44,Population,67,Japan,3,Both,9,20-24 years,1,Number,2023,5929716.251411064,6462873.208446893,5386630.452111537
1,All Population,44,Population,67,Japan,3,Both,10,25-29 years,1,Number,2023,6225008.214584442,6784715.67721743,5654877.466581243
1,All Population,44,Population,67,Japan,3,Both,11,30-34 years,1,Number,2023,6314617.747705758,6882382.247804746,5736279.918139683
1,All Population,44,Population,67,Japan,3,Both,12,35-39 years,1,Number,2023,7062975.111492948,7698026.462755714,6416097.365370606
1,All Population,44,Population,67,Japan,3,Both,13,40-44 years,1,Number,2023,7807313.833833236,8509290.709249446,7092264.227063167
1,All Population,44,Population,67,Japan,3,Both,14,45-49 years,1,Number,2023,9166165.969762834,9990320.945974585,8326662.971450533
1,All Population,44,Population,67,Japan,3,Both,15,50-54 years,1,Number,2023,9681377.419461131,10551856.46196961,8794687.67390758
1,All Population,44,Population,67,Japan,3,Both,16,55-59 years,1,Number,2023,8306752.004597439,9053634.727791581,7545960.280216662
1,All Population,44,Population,67,Japan,3,Both,17,60-64 years,1,Number,2023,7544212.622529371,8222533.350625239,6853259.705310614
1,All Population,44,Population,67,Japan,3,Both,18,65-69 years,1,Number,2023,7369629.16302682,8032252.616232845,6694665.846933725
1,All Population,44,Population,67,Japan,3,Both,19,70-74 years,1,Number,2023,8842967.185357047,9638062.477579625,8033065.041911937
1,All Population,44,Population,67,Japan,3,Both,20,75-79 years,1,Number,2023,7511960.461910681,8187381.310301647,6823961.428096475
1,All Population,44,Population,67,Japan,3,Both,21,80+ years,1,Number,2023,12851535.682175294,14007052.298322897,11674500.182960689
1,All Population,44,Population,67,Japan,3,Both,23,5-14 years,1,Number,2023,10358528.50278248,11289892.045616122,9409820.420812812
1,All Population,44,Population,67,Japan,3,Both,24,15-49 years,1,Number,2023,48073592.87633828,52396020.6966625,43670669.61567915
1,All Population,44,Population,67,Japan,3,Both,25,50-69 years,1,Number,2023,32901971.20961476,35860277.15661927,29888573.50636858
1,All Population,44,Population,67,Japan,3,Both,26,70+ years,1,Number,2023,29206463.329443023,31832496.086204164,26531526.652969103
1,All Population,44,Population,67,Japan,3,Both,28,<1 year,1,Number,2023,776443.0894185274,846255.2047566553,705330.8813550959
1,All Population,44,Population,67,Japan,3,Both,30,80-84 years,1,Number,2023,5927671.899814661,6460645.043624015,5384773.336847144
1,All Population,44,Population,67,Japan,3,Both,31,85-89 years,1,Number,2023,4003906.3600541004,4363908.498550164,3637199.9960939367
1,All Population,44,Population,67,Japan,3,Both,32,90-94 years,1,Number,2023,2150075.561622395,2343394.71809281,1953156.273172427
1,All Population,44,Population,128,Guatemala,3,Both,16,55-59 years,1,Number,2023,524038.2045269023,574580.3545116846,471863.0318227916
1,All Population,44,Population,128,Guatemala,3,Both,17,60-64 years,1,Number,2023,438690.07036612555,481000.61021177756,395012.4720780487
1,All Population,44,Population,128,Guatemala,3,Both,18,65-69 years,1,Number,2023,348752.6337357368,382388.9369090384,314029.5377114633
1,All Population,44,Population,128,Guatemala,3,Both,19,70-74 years,1,Number,2023,267567.3607913882,293373.5511861507,240927.36939633885
1,All Population,44,Population,128,Guatemala,3,Both,20,75-79 years,1,Number,2023,176352.6833996003,193361.4505039916,158794.36106026953
1,All Population,44,Population,128,Guatemala,3,Both,21,80+ years,1,Number,2023,170317.25832571238,186743.92405529693,153359.84512402187
1,All Population,44,Population,128,Guatemala,3,Both,23,5-14 years,1,Number,2023,3495497.0996993403,3832628.891156934,3147472.541016294
1,All Population,44,Population,128,Guatemala,3,Both,24,15-49 years,1,Number,2023,8722385.830013726,9563637.725462245,7853952.988397325
1,All Population,44,Population,128,Guatemala,3,Both,25,50-69 years,1,Number,2023,1937469.4945796425,2124333.4921662114,1744567.8995902084
1,All Population,44,Population,128,Guatemala,3,Both,26,70+ years,1,Number,2023,614237.3025167008,673478.925745439,553081.5755806303
1,All Population,44,Population,128,Guatemala,3,Both,28,<1 year,1,Number,2023,334274.7651063089,366514.714728653,300993.13897793693
1,All Population,44,Population,128,Guatemala,3,Both,30,80-84 years,1,Number,2023,108354.10498442792,118804.58240817589,97565.97142484193
1,All Population,44,Population,128,Guatemala,3,Both,31,85-89 years,1,Number,2023,44956.98244742886,49292.968889052005,40480.89978172341
1,All Population,44,Population,128,Guatemala,3,Both,32,90-94 years,1,Number,2023,13398.932442345205,14691.225346348949,12064.8854049518
1,All Population,44,Population,129,Honduras,3,Both,28,<1 year,1,Number,2023,239763.94350316262,271245.53853367077,209583.0911938696
1,All Population,44,Population,129,Honduras,3,Both,30,80-84 years,1,Number,2023,66924.96948677576,75712.38245649947,58500.63098794856
1,All Population,44,Population,129,Honduras,3,Both,31,85-89 years,1,Number,2023,31926.590338870214,36118.63011377486,27907.755422835256
1,All Population,44,Population,129,Honduras,3,Both,32,90-94 years,1,Number,2023,8175.944043670318,9249.465589963742,7146.777789288108
1,All Population,44,Population,129,Honduras,3,Both,34,2-4 years,1,Number,2023,729350.973314068,825116.5485773793,637542.1980428161
1,All Population,44,Population,10,Cambodia,3,Both,19,70-74 years,1,Number,2023,304956.2780519834,334754.23915744235,276104.27488678665
1,All Population,44,Population,10,Cambodia,3,Both,20,75-79 years,1,Number,2023,193479.988258092,212385.35135350766,175174.7896595141
1,All Population,44,Population,10,Cambodia,3,Both,21,80+ years,1,Number,2023,188304.13943132156,206703.75874270027,170488.62941264923
1,All Population,44,Population,10,Cambodia,3,Both,23,5-14 years,1,Number,2023,3244611.8354086047,3561650.1265741885,2937638.1553026116
1,All Population,44,Population,10,Cambodia,3,Both,24,15-49 years,1,Number,2023,9072452.115377426,9958941.736093067,8214104.75220445
1,All Population,44,Population,10,Cambodia,3,Both,25,50-69 years,1,Number,2023,2450932.712407169,2690418.838428017,2219049.24757815
1,All Population,44,Population,10,Cambodia,3,Both,26,70+ years,1,Number,2023,686740.405741397,753843.3492536505,621767.6939589499
1,All Population,44,Population,10,Cambodia,3,Both,28,<1 year,1,Number,2023,353395.48107076815,387926.5452189103,319960.63066023827
1,All Population,44,Population,10,Cambodia,3,Both,30,80-84 years,1,Number,2023,111656.84635263898,122567.0869485286,101092.95927688881
1,All Population,44,Population,10,Cambodia,3,Both,31,85-89 years,1,Number,2023,53970.51808956472,59244.09831931879,48864.35149842476
1,All Population,44,Population,10,Cambodia,3,Both,32,90-94 years,1,Number,2023,17938.91210048897,19691.763389398984,16241.706350177228
1,All Population,44,Population,10,Cambodia,3,Both,34,2-4 years,1,Number,2023,1032641.9583592736,1133543.717482296,934943.398941461
1,All Population,44,Population,127,El Salvador,3,Both,30,80-84 years,1,Number,2023,68831.13922145909,80025.46545607052,57282.379505811645
1,All Population,44,Population,127,El Salvador,3,Both,31,85-89 years,1,Number,2023,37048.93875294024,43074.378862425605,30832.721845636002
1,All Population,44,Population,127,El Salvador,3,Both,32,90-94 years,1,Number,2023,13816.862286330714,16063.96244653937,11498.614697029197
1,All Population,44,Population,127,El Salvador,3,Both,34,2-4 years,1,Number,2023,271275.1512533902,315393.8826418612,225759.53762143393
1,All Population,44,Population,128,Guatemala,3,Both,34,2-4 years,1,Number,2023,1033723.2694651246,1133423.2456819995,930801.975470362
1,All Population,44,Population,190,Uganda,3,Both,1,<5 years,1,Number,2023,7506677.158062343,8457103.825377097,6591269.46037457
1,All Population,44,Population,190,Uganda,3,Both,6,5-9 years,1,Number,2023,6786232.02031548,7645442.526759849,5958679.576153149
1,All Population,44,Population,190,Uganda,3,Both,7,10-14 years,1,Number,2023,6144844.095240116,6922847.940568042,5395506.210123712
1,All Population,44,Population,190,Uganda,3,Both,8,15-19 years,1,Number,2023,5377672.360621359,6058543.951605742,4721887.8409329895
1,All Population,44,Population,190,Uganda,3,Both,9,20-24 years,1,Number,2023,4407554.705779281,4965598.889885711,3870071.9526656824
1,All Population,44,Population,190,Uganda,3,Both,10,25-29 years,1,Number,2023,3523191.6161320023,3969265.8505134853,3093553.2211502274
1,All Population,44,Population,190,Uganda,3,Both,11,30-34 years,1,Number,2023,2806117.1772163142,3161402.017722871,2463922.993218564
1,All Population,44,Population,190,Uganda,3,Both,12,35-39 years,1,Number,2023,2186019.942932243,2462793.754473244,1919444.0078116108
1,All Population,44,Population,190,Uganda,3,Both,13,40-44 years,1,Number,2023,1726869.6410683806,1945510.0492395107,1516285.1535445617
1,All Population,44,Population,190,Uganda,3,Both,14,45-49 years,1,Number,2023,1376045.8718684851,1550268.189484416,1208242.8670293859
1,All Population,44,Population,190,Uganda,3,Both,15,50-54 years,1,Number,2023,1089960.6299279218,1227961.4560183415,957044.5167391434
1,All Population,44,Population,190,Uganda,3,Both,16,55-59 years,1,Number,2023,845933.9551958564,953038.3600977877,742775.868333142
1,All Population,44,Population,190,Uganda,3,Both,17,60-64 years,1,Number,2023,638882.2852157772,719771.7051759667,560973.2784091175
1,All Population,44,Population,190,Uganda,3,Both,18,65-69 years,1,Number,2023,444502.7675262145,500781.63433459797,390297.525117462
1,All Population,44,Population,190,Uganda,3,Both,19,70-74 years,1,Number,2023,307365.4575209105,346281.25492209767,269883.533109685
1,All Population,44,Population,190,Uganda,3,Both,20,75-79 years,1,Number,2023,206118.73717391657,232215.60271354212,180983.4243485826
1,All Population,44,Population,190,Uganda,3,Both,21,80+ years,1,Number,2023,227863.43912841688,256713.4195516593,200076.45138301566
1,All Population,44,Population,190,Uganda,3,Both,23,5-14 years,1,Number,2023,12931076.115555596,14568290.46732789,11354185.78627686
1,All Population,44,Population,190,Uganda,3,Both,24,15-49 years,1,Number,2023,21403471.315618068,24113382.702924974,18793408.03635302
1,All Population,44,Population,190,Uganda,3,Both,25,50-69 years,1,Number,2023,3019279.63786577,3401553.1556266937,2651091.1885988647
1,All Population,44,Population,190,Uganda,3,Both,26,70+ years,1,Number,2023,741347.6338232439,835210.2771872992,650943.4088412831
1,All Population,44,Population,190,Uganda,3,Both,28,<1 year,1,Number,2023,1564458.74805813,1762536.177360033,1373679.5856494654
1,All Population,44,Population,190,Uganda,3,Both,30,80-84 years,1,Number,2023,128081.05646895134,144297.5060488025,112462.11048913989
1,All Population,44,Population,190,Uganda,3,Both,31,85-89 years,1,Number,2023,65306.625942300685,73575.1524209236,57342.75766359224
1,All Population,44,Population,191,Zambia,3,Both,26,70+ years,1,Number,2023,264336.13574927195,284094.8524912261,244158.24375043856
1,All Population,44,Population,191,Zambia,3,Both,28,<1 year,1,Number,2023,650208.6680721961,698810.7589637258,600575.4983813503
1,All Population,44,Population,191,Zambia,3,Both,30,80-84 years,1,Number,2023,40298.604111211185,43310.86235381798,37222.4417123213
1,All Population,44,Population,191,Zambia,3,Both,31,85-89 years,1,Number,2023,16212.976203505134,17424.871063967792,14975.371356605636
1,All Population,44,Population,191,Zambia,3,Both,32,90-94 years,1,Number,2023,4988.601758691816,5361.492013779378,4607.800748543315
1,All Population,44,Population,191,Zambia,3,Both,34,2-4 years,1,Number,2023,1932603.1475301678,2077062.2395813495,1785079.3991144097
1,All Population,44,Population,435,South Sudan,3,Both,25,50-69 years,1,Number,2023,863308.2814577058,999632.4753620373,726727.5336122701
1,All Population,44,Population,435,South Sudan,3,Both,26,70+ years,1,Number,2023,159679.9728191758,184894.88624556368,134417.6064409027
1,All Population,44,Population,435,South Sudan,3,Both,28,<1 year,1,Number,2023,295600.8758065878,342278.93042191555,248834.97589739368
1,All Population,44,Population,435,South Sudan,3,Both,30,80-84 years,1,Number,2023,24487.110997407784,28353.84752648515,20613.09750253783
1,All Population,44,Population,435,South Sudan,3,Both,31,85-89 years,1,Number,2023,11080.833614399644,12830.597566299204,9327.77671188725
1,All Population,44,Population,435,South Sudan,3,Both,32,90-94 years,1,Number,2023,3812.2164573158934,4414.199951155315,3209.1000667147105
1,All Population,44,Population,435,South Sudan,3,Both,34,2-4 years,1,Number,2023,816666.5334670221,945625.5730763173,687464.8006944288
1,All Population,44,Population,193,Botswana,3,Both,11,30-34 years,1,Number,2023,198539.30913241254,212698.48094752932,183604.55587570497
1,All Population,44,Population,193,Botswana,3,Both,12,35-39 years,1,Number,2023,201614.27559647016,215992.74392611888,186448.21366031756
1,All Population,44,Population,193,Botswana,3,Both,13,40-44 years,1,Number,2023,170209.49366013354,182348.27602937474,157405.79850842
1,All Population,44,Population,193,Botswana,3,Both,14,45-49 years,1,Number,2023,133804.10902422183,143346.57886317465,123738.94176972314
1,All Population,44,Population,193,Botswana,3,Both,15,50-54 years,1,Number,2023,97305.56345762954,104245.07683452181,89985.93195948936
1,All Population,44,Population,193,Botswana,3,Both,16,55-59 years,1,Number,2023,76354.74755443398,81800.11751289426,70611.10253175923
1,All Population,44,Population,193,Botswana,3,Both,17,60-64 years,1,Number,2023,61448.247149625015,65830.5344303218,56825.916119829904
1,All Population,44,Population,193,Botswana,3,Both,18,65-69 years,1,Number,2023,48541.42638760848,52003.24157864757,44889.98713864811
1,All Population,44,Population,194,Lesotho,3,Both,15,50-54 years,1,Number,2023,61383.70079206367,68549.89265953413,54864.44187290728
1,All Population,44,Population,194,Lesotho,3,Both,16,55-59 years,1,Number,2023,53370.44457551882,59601.135148834925,47702.23392140855
1,All Population,44,Population,194,Lesotho,3,Both,17,60-64 years,1,Number,2023,47543.559275845895,53093.994708002465,42494.19325753681
1,All Population,44,Population,194,Lesotho,3,Both,18,65-69 years,1,Number,2023,39037.96087759314,43595.416914844776,34891.93234961245
1,All Population,44,Population,194,Lesotho,3,Both,19,70-74 years,1,Number,2023,31515.17444230568,35194.388694235626,28168.10381246946
1,All Population,44,Population,194,Lesotho,3,Both,20,75-79 years,1,Number,2023,19542.60542275712,21824.09152155312,17467.08206619965
1,All Population,44,Population,194,Lesotho,3,Both,21,80+ years,1,Number,2023,19952.085207340173,22281.375701510005,17833.07303040512
1,All Population,44,Population,194,Lesotho,3,Both,23,5-14 years,1,Number,2023,418168.81795917585,466987.60770012,373757.17837054573
1,All Population,44,Population,194,Lesotho,3,Both,24,15-49 years,1,Number,2023,1025674.3042357957,1145415.8441371873,916742.5150188245
1,All Population,44,Population,194,Lesotho,3,Both,25,50-69 years,1,Number,2023,201335.66552102152,224840.4394312163,179952.80140146508
1,All Population,44,Population,194,Lesotho,3,Both,26,70+ years,1,Number,2023,71009.86507240297,79299.85591729874,63468.25890907423
1,All Population,44,Population,194,Lesotho,3,Both,28,<1 year,1,Number,2023,40270.48256551165,44971.82837777639,35993.554011899796
1,All Population,44,Population,194,Lesotho,3,Both,30,80-84 years,1,Number,2023,11164.546365491618,12467.942549429867,9978.815177368524
1,All Population,44,Population,194,Lesotho,3,Both,31,85-89 years,1,Number,2023,5582.6543327672025,6234.396921795781,4989.7482586491515
1,All Population,44,Population,194,Lesotho,3,Both,32,90-94 years,1,Number,2023,2177.1748633419834,2431.347430300665,1945.947901408134
1,All Population,44,Population,194,Lesotho,3,Both,34,2-4 years,1,Number,2023,122296.37798951645,136573.7724453893,109307.88523490955
1,All Population,44,Population,7,Democratic People's Republic of Korea,3,Both,1,<5 years,1,Number,2023,1490016.697157971,1734260.913931292,1265835.2458353217
1,All Population,44,Population,7,Democratic People's Republic of Korea,3,Both,6,5-9 years,1,Number,2023,1578590.0619216438,1837353.2650559526,1341082.2462038
1,All Population,44,Population,7,Democratic People's Republic of Korea,3,Both,7,10-14 years,1,Number,2023,1674565.1940649247,1949060.6846459203,1422617.3761271045
1,All Population,44,Population,7,Democratic People's Republic of Korea,3,Both,8,15-19 years,1,Number,2023,1772418.383976223,2062954.0140900456,1505747.9993901849
1,All Population,44,Population,7,Democratic People's Republic of Korea,3,Both,9,20-24 years,1,Number,2023,1910224.2790920888,2223349.114403088,1622820.2170735647
1,All Population,44,Population,7,Democratic People's Republic of Korea,3,Both,10,25-29 years,1,Number,2023,2100717.1121872794,2445067.6196058528,1784652.3245062183
1,All Population,44,Population,7,Democratic People's Republic of Korea,3,Both,11,30-34 years,1,Number,2023,2152633.465731843,2505494.125508712,1828757.5686134188
1,All Population,44,Population,7,Democratic People's Republic of Korea,3,Both,12,35-39 years,1,Number,2023,2000874.6518105674,2328858.937574079,1699831.727786181
1,All Population,44,Population,7,Democratic People's Republic of Korea,3,Both,13,40-44 years,1,Number,2023,1869295.6954637268,2175711.498673933,1588049.5706655623
1,All Population,44,Population,7,Democratic People's Republic of Korea,3,Both,14,45-49 years,1,Number,2023,1752746.0417442655,2040056.9725445127,1489035.472468276
1,All Population,44,Population,7,Democratic People's Republic of Korea,3,Both,15,50-54 years,1,Number,2023,2184409.554827086,2542478.965625331,1855752.7651291916
1,All Population,44,Population,7,Democratic People's Republic of Korea,3,Both,16,55-59 years,1,Number,2023,1811649.475081685,2108615.8835475175,1539076.550639705
1,All Population,44,Population,7,Democratic People's Republic of Korea,3,Both,17,60-64 years,1,Number,2023,1411066.2408092618,1642368.8627591375,1198763.3328080385
1,All Population,44,Population,7,Democratic People's Republic of Korea,3,Both,18,65-69 years,1,Number,2023,1041423.2888885709,1212133.8695211564,884735.2566070812
1,All Population,44,Population,7,Democratic People's Republic of Korea,3,Both,19,70-74 years,1,Number,2023,652326.6638595548,759256.3482037826,554180.4225996872
1,All Population,44,Population,7,Democratic People's Republic of Korea,3,Both,20,75-79 years,1,Number,2023,547176.3174191123,636869.7090031479,464850.54133729293
1,All Population,44,Population,7,Democratic People's Republic of Korea,3,Both,21,80+ years,1,Number,2023,460481.8224763391,535964.2128976063,391199.72418351733
1,All Population,44,Population,7,Democratic People's Republic of Korea,3,Both,23,5-14 years,1,Number,2023,3253155.2559865685,3786413.9497018727,2763699.6223309045
1,All Population,44,Population,7,Democratic People's Republic of Korea,3,Both,24,15-49 years,1,Number,2023,13558909.630005993,15781492.282400226,11518894.880503405
1,All Population,44,Population,7,Democratic People's Republic of Korea,3,Both,25,50-69 years,1,Number,2023,6448548.559606604,7505597.581453142,5478327.905184016
1,All Population,44,Population,7,Democratic People's Republic of Korea,3,Both,26,70+ years,1,Number,2023,1659984.8037550063,1932090.2701045373,1410230.6881204976
1,All Population,44,Population,7,Democratic People's Republic of Korea,3,Both,28,<1 year,1,Number,2023,287759.26269776316,334928.8923206667,244464.25179878078
1,All Population,44,Population,7,Democratic People's Republic of Korea,3,Both,30,80-84 years,1,Number,2023,304182.46082722413,354044.18858009775,258416.48675108774
1,All Population,44,Population,7,Democratic People's Republic of Korea,3,Both,31,85-89 years,1,Number,2023,123081.01243461452,143256.5081448969,104562.77700109064
1,All Population,44,Population,8,Taiwan,3,Both,28,<1 year,1,Number,2023,135313.20434709569,144974.9442280409,125264.05576067003
1,All Population,44,Population,8,Taiwan,3,Both,30,80-84 years,1,Number,2023,475597.9862711998,509557.007886464,440277.30301264324
1,All Population,44,Population,8,Taiwan,3,Both,31,85-89 years,1,Number,2023,269521.9591566477,288766.57814367977,249505.68485482762
1,All Population,44,Population,8,Taiwan,3,Both,32,90-94 years,1,Number,2023,148872.6603650182,159502.5831931075,137816.50740726985
1,All Population,44,Population,67,Japan,3,Both,34,2-4 years,1,Number,2023,2565667.4435506184,2796353.5993416025,2330685.279946097
1,All Population,44,Population,68,Republic of Korea,3,Both,31,85-89 years,1,Number,2023,615661.8277586123,669131.1631926011,558909.76039498
1,All Population,44,Population,68,Republic of Korea,3,Both,32,90-94 years,1,Number,2023,229535.96502872262,249470.83016883832,208377.20552415593
1,All Population,44,Population,68,Republic of Korea,3,Both,34,2-4 years,1,Number,2023,865705.0450395031,940890.2706829912,785903.8476646657
1,All Population,44,Population,67,Japan,3,Both,157,25+ years,1,Number,2023,98684515.416437,107557509.28582534,89646282.10794292
1,All Population,44,Population,67,Japan,3,Both,158,<20 years,1,Number,2023,20058465.10796062,21861976.40029687,18221367.497550305
1,All Population,44,Population,67,Japan,3,Both,159,10-24 years,1,Number,2023,16893269.83930471,18412189.794330478,15346063.436084626
1,All Population,44,Population,67,Japan,3,Both,162,10-19 years,1,Number,2023,10963553.587893646,11949316.585883584,9959432.983973091
1,All Population,44,Population,67,Japan,3,Both,235,95+ years,1,Number,2023,769881.8606841372,839104.0380559062,699370.576847182
1,All Population,44,Population,68,Republic of Korea,3,Both,1,<5 years,1,Number,2023,1361690.2227310203,1479951.0405917868,1236168.8215907668
1,All Population,44,Population,68,Republic of Korea,3,Both,6,5-9 years,1,Number,2023,1988876.8662903314,2161607.933096495,1805541.033525442
1,All Population,44,Population,68,Republic of Korea,3,Both,7,10-14 years,1,Number,2023,2331709.0430865437,2534214.5864514015,2116770.7397530423
1,All Population,44,Population,68,Republic of Korea,3,Both,8,15-19 years,1,Number,2023,2271519.7644801163,2468797.9564286075,2062129.7440513328
1,All Population,44,Population,68,Republic of Korea,3,Both,9,20-24 years,1,Number,2023,2759660.451105255,2999332.9526167726,2505273.3366855457
1,All Population,44,Population,68,Republic of Korea,3,Both,10,25-29 years,1,Number,2023,3423636.7410965017,3720974.6189056016,3108043.9039269774
1,All Population,44,Population,68,Republic of Korea,3,Both,11,30-34 years,1,Number,2023,3577928.7844335656,3888666.7020827495,3248113.2164687663
1,All Population,44,Population,68,Republic of Korea,3,Both,12,35-39 years,1,Number,2023,3383222.162825782,3677050.0932180546,3071354.765118442
1,All Population,44,Population,68,Republic of Korea,3,Both,13,40-44 years,1,Number,2023,4170349.1566554504,4532537.923085664,3785923.9322915757
1,All Population,44,Population,68,Republic of Korea,3,Both,14,45-49 years,1,Number,2023,3997388.2758728163,4344555.641049043,3628906.686658753
1,All Population,44,Population,68,Republic of Korea,3,Both,15,50-54 years,1,Number,2023,4554382.0807374455,4949923.548780153,4134556.4768231604
1,All Population,44,Population,68,Republic of Korea,3,Both,16,55-59 years,1,Number,2023,4202556.764681211,4567542.715083876,3815162.624172325
1,All Population,44,Population,68,Republic of Korea,3,Both,17,60-64 years,1,Number,2023,4262561.619329573,4632758.904195738,3869636.1962242876
1,All Population,44,Population,68,Republic of Korea,3,Both,18,65-69 years,1,Number,2023,3388467.2302967105,3682750.6871798784,3076116.339202228
1,All Population,44,Population,68,Republic of Korea,3,Both,19,70-74 years,1,Number,2023,2272372.223436869,2469724.4502074774,2062903.6228428765
1,All Population,44,Population,131,Nicaragua,3,Both,157,25+ years,1,Number,2023,3608889.6704984535,4269083.501632869,2992672.111915723
1,All Population,44,Population,131,Nicaragua,3,Both,158,<20 years,1,Number,2023,2596943.6013696725,3072016.62990907,2153515.735204944
1,All Population,44,Population,131,Nicaragua,3,Both,159,10-24 years,1,Number,2023,1895388.4797335614,2242122.211205742,1571751.0820333627
1,All Population,44,Population,131,Nicaragua,3,Both,162,10-19 years,1,Number,2023,1290245.4228317451,1526277.0410234097,1069936.1429639277
1,All Population,44,Population,131,Nicaragua,3,Both,235,95+ years,1,Number,2023,804.0496949926569,951.1388822568224,666.7582881431009
1,All Population,44,Population,132,Panama,3,Both,1,<5 years,1,Number,2023,346279.1468899506,370256.45416103466,323127.08356904
1,All Population,44,Population,132,Panama,3,Both,6,5-9 years,1,Number,2023,373514.35578521044,399377.50278455665,348541.35901634453
1,All Population,44,Population,132,Panama,3,Both,7,10-14 years,1,Number,2023,364775.7950224957,390033.8603748629,340387.0543774221
1,All Population,44,Population,132,Panama,3,Both,8,15-19 years,1,Number,2023,339482.83853002905,362989.55097806803,316785.17323715595
1,All Population,44,Population,132,Panama,3,Both,9,20-24 years,1,Number,2023,336578.9207861598,359884.55809392524,314075.4100881811
1,All Population,44,Population,132,Panama,3,Both,10,25-29 years,1,Number,2023,322517.2536687608,344849.2230088021,300953.89951911464
1,All Population,44,Population,132,Panama,3,Both,11,30-34 years,1,Number,2023,303575.25441367127,324595.62835287186,283278.35355789855
1,All Population,44,Population,132,Panama,3,Both,12,35-39 years,1,Number,2023,288710.247777426,308701.32834188786,269407.21437800775
1,All Population,44,Population,132,Panama,3,Both,13,40-44 years,1,Number,2023,269122.2784435407,287757.03488697665,251128.88759816944
1,All Population,44,Population,69,Singapore,3,Both,157,25+ years,1,Number,2023,4419508.86881698,4809568.35883413,4036860.504833796
1,All Population,44,Population,69,Singapore,3,Both,158,<20 years,1,Number,2023,1017660.8636761432,1107478.1463829842,929550.1083560329
1,All Population,44,Population,69,Singapore,3,Both,159,10-24 years,1,Number,2023,730181.078774599,794625.809549227,666960.7971781581
1,All Population,44,Population,69,Singapore,3,Both,162,10-19 years,1,Number,2023,475438.6632665578,517400.1951998174,434274.3999799907
1,All Population,44,Population,69,Singapore,3,Both,235,95+ years,1,Number,2023,9096.89817520828,9899.77731139372,8309.27373380811
1,All Population,44,Population,10,Cambodia,3,Both,1,<5 years,1,Number,2023,1736870.8128614333,1906584.3510035458,1572544.954379931
1,All Population,44,Population,10,Cambodia,3,Both,6,5-9 years,1,Number,2023,1632355.9511325164,1791857.1079961238,1477918.2744607974
1,All Population,44,Population,196,South Africa,3,Both,157,25+ years,1,Number,2023,37227354.75035405,39992018.10299194,34630179.79321793
1,All Population,44,Population,196,South Africa,3,Both,158,<20 years,1,Number,2023,21361455.570626743,22947849.064635403,19871168.714951616
1,All Population,44,Population,196,South Africa,3,Both,159,10-24 years,1,Number,2023,16355445.147246374,17570070.79330416,15214403.75888832
1,All Population,44,Population,196,South Africa,3,Both,162,10-19 years,1,Number,2023,10878857.444658125,11686768.151650598,10119891.455616124
1,All Population,44,Population,196,South Africa,3,Both,235,95+ years,1,Number,2023,45924.87008025379,49335.448299871365,42720.91096787472
1,All Population,44,Population,197,Eswatini,3,Both,1,<5 years,1,Number,2023,133770.41574481313,147896.8013571218,119463.99781176122
1,All Population,44,Population,198,Zimbabwe,3,Both,1,<5 years,1,Number,2023,2198137.360514764,2362974.315480807,2046325.146598408
1,All Population,44,Population,126,Costa Rica,3,Both,6,5-9 years,1,Number,2023,370081.3520953599,397529.0917596257,344357.7968105228
1,All Population,44,Population,126,Costa Rica,3,Both,7,10-14 years,1,Number,2023,392432.9597204489,421538.445995555,365155.7924765288
1,All Population,44,Population,126,Costa Rica,3,Both,8,15-19 years,1,Number,2023,390661.5553379407,419635.66226616554,363507.5145858237
1,All Population,44,Population,126,Costa Rica,3,Both,9,20-24 years,1,Number,2023,406818.0268326844,436990.4071161325,378540.98465034185
1,All Population,44,Population,126,Costa Rica,3,Both,10,25-29 years,1,Number,2023,437609.27013298555,470065.33757132693,407191.99514820735
1,All Population,44,Population,126,Costa Rica,3,Both,11,30-34 years,1,Number,2023,447172.86212205235,480338.2303173352,416090.8425186667
1,All Population,44,Population,126,Costa Rica,3,Both,12,35-39 years,1,Number,2023,437863.3472607318,470338.2587797531,407428.4119236955
1,All Population,44,Population,126,Costa Rica,3,Both,13,40-44 years,1,Number,2023,374561.61641982215,402341.64283160627,348526.6476406589
1,All Population,44,Population,126,Costa Rica,3,Both,14,45-49 years,1,Number,2023,309180.44483864104,332111.3607336582,287689.9800509206
1,All Population,44,Population,126,Costa Rica,3,Both,15,50-54 years,1,Number,2023,282599.9944459845,303559.5241082023,262957.0793424081
1,All Population,44,Population,126,Costa Rica,3,Both,16,55-59 years,1,Number,2023,280119.46598675277,300895.02285760106,260648.96705760772
1,All Population,44,Population,126,Costa Rica,3,Both,17,60-64 years,1,Number,2023,248177.32164182715,266583.8327411608,230927.05216039874
1,All Population,44,Population,126,Costa Rica,3,Both,18,65-69 years,1,Number,2023,196101.89285034,210646.13743913232,182471.27392389084
1,All Population,44,Population,126,Costa Rica,3,Both,19,70-74 years,1,Number,2023,138941.0022664442,149245.80805389947,129283.51335786874
1,All Population,44,Population,126,Costa Rica,3,Both,20,75-79 years,1,Number,2023,94389.93467899917,101390.53154595142,87829.09423324291
1,All Population,44,Population,126,Costa Rica,3,Both,21,80+ years,1,Number,2023,112836.84694304023,121205.59176601942,104993.80147730146
1,All Population,44,Population,126,Costa Rica,3,Both,23,5-14 years,1,Number,2023,762514.3118158088,819067.5377551807,709513.5892870517
1,All Population,44,Population,126,Costa Rica,3,Both,24,15-49 years,1,Number,2023,2803867.122944858,3011820.899615978,2608976.3765183142
1,All Population,44,Population,126,Costa Rica,3,Both,25,50-69 years,1,Number,2023,1006998.6749249044,1081684.5171460963,937004.3724843055
1,All Population,44,Population,126,Costa Rica,3,Both,26,70+ years,1,Number,2023,346167.7838884836,371841.9313658703,322106.409068413
1,All Population,44,Population,126,Costa Rica,3,Both,28,<1 year,1,Number,2023,51891.84409195192,55740.49471774071,48284.95411283316
1,All Population,44,Population,126,Costa Rica,3,Both,30,80-84 years,1,Number,2023,59133.23654398317,63518.957880589405,55023.013019349746
1,All Population,44,Population,126,Costa Rica,3,Both,31,85-89 years,1,Number,2023,33568.30769492279,36057.96075461762,31235.047145803663
1,All Population,44,Population,126,Costa Rica,3,Both,32,90-94 years,1,Number,2023,16552.782038284866,17780.448467662558,15402.233918340788
1,All Population,44,Population,126,Costa Rica,3,Both,34,2-4 years,1,Number,2023,181930.68632555503,195423.8982556669,169285.07735010498
1,All Population,44,Population,130,Mexico,3,Both,157,25+ years,1,Number,2023,78892913.06382751,86000105.3846965,71998554.62704717
1,All Population,44,Population,130,Mexico,3,Both,158,<20 years,1,Number,2023,42047332.80604988,45835233.00172915,38372866.08378591
1,All Population,44,Population,130,Mexico,3,Both,159,10-24 years,1,Number,2023,33434435.926950388,36446429.74292673,30512640.084205046
1,All Population,44,Population,130,Mexico,3,Both,162,10-19 years,1,Number,2023,22458502.42795593,24481711.98880773,20495880.44229849
1,All Population,44,Population,130,Mexico,3,Both,235,95+ years,1,Number,2023,91292.71175893616,99516.95947355003,83314.74956830744
1,All Population,44,Population,131,Nicaragua,3,Both,1,<5 years,1,Number,2023,634045.2128044119,750034.5547828171,525782.0546759347
1,All Population,44,Population,131,Nicaragua,3,Both,6,5-9 years,1,Number,2023,672652.9657335154,795705.0341028433,557797.5375650813
1,All Population,44,Population,131,Nicaragua,3,Both,7,10-14 years,1,Number,2023,664175.5401296112,785676.7868893589,550767.6315546433
1,All Population,44,Population,131,Nicaragua,3,Both,8,15-19 years,1,Number,2023,626069.8827021341,740600.2541340508,519168.51140928443
1,All Population,44,Population,131,Nicaragua,3,Both,9,20-24 years,1,Number,2023,605143.0569018162,715845.1701823313,501814.9390694351
1,All Population,44,Population,131,Nicaragua,3,Both,10,25-29 years,1,Number,2023,596995.3100763054,706206.9116806617,495058.4192181956
1,All Population,44,Population,131,Nicaragua,3,Both,11,30-34 years,1,Number,2023,563779.7150983856,666915.007116128,467514.38383698126
1,All Population,44,Population,131,Nicaragua,3,Both,12,35-39 years,1,Number,2023,504444.05718041136,596724.7543226229,418310.2837103163
1,All Population,44,Population,131,Nicaragua,3,Both,13,40-44 years,1,Number,2023,437143.9314676334,517113.05028885684,362501.6478865353
1,All Population,44,Population,131,Nicaragua,3,Both,14,45-49 years,1,Number,2023,359169.5483939283,424874.3888935975,297841.38310313434
1,All Population,44,Population,131,Nicaragua,3,Both,15,50-54 years,1,Number,2023,296616.5800455481,350878.265560365,245969.32798766487
1,All Population,44,Population,131,Nicaragua,3,Both,16,55-59 years,1,Number,2023,248947.97454270904,294489.382585755,206440.13221633626
1,All Population,44,Population,131,Nicaragua,3,Both,17,60-64 years,1,Number,2023,198777.03407105844,235140.3988859165,164835.87492759657
1,All Population,44,Population,131,Nicaragua,3,Both,18,65-69 years,1,Number,2023,149651.9742401129,177028.62446526735,124098.91426236332
1,All Population,44,Population,131,Nicaragua,3,Both,19,70-74 years,1,Number,2023,106869.93977234591,126420.23956349035,88621.90799937611
1,All Population,44,Population,132,Panama,3,Both,16,55-59 years,1,Number,2023,201778.66078232328,215750.36249690322,188287.83301172825
1,All Population,44,Population,132,Panama,3,Both,17,60-64 years,1,Number,2023,168152.76961054894,179796.1234239314,156910.1533439472
1,All Population,44,Population,132,Panama,3,Both,18,65-69 years,1,Number,2023,131961.31938990307,141098.67903551558,123138.44671661183
1,All Population,44,Population,132,Panama,3,Both,19,70-74 years,1,Number,2023,103306.14306735499,110459.34058895956,96399.14220629948
1,All Population,44,Population,132,Panama,3,Both,20,75-79 years,1,Number,2023,75587.95205238488,80821.86685386725,70534.17660003013
1,All Population,44,Population,132,Panama,3,Both,21,80+ years,1,Number,2023,92852.36149743077,99281.71083153092,86644.29562863102
1,All Population,44,Population,8,Taiwan,3,Both,34,2-4 years,1,Number,2023,487620.0906387421,522437.5240090248,451406.57571830973
1,All Population,44,Population,193,Botswana,3,Both,157,25+ years,1,Number,2023,1282778.8633555064,1374262.4411236607,1186284.1898782402
1,All Population,44,Population,193,Botswana,3,Both,158,<20 years,1,Number,2023,962778.4626891548,1031440.6622942615,890355.2290032502
1,All Population,44,Population,193,Botswana,3,Both,159,10-24 years,1,Number,2023,651079.7523151,697512.6230582175,602103.4790835899
1,All Population,44,Population,193,Botswana,3,Both,162,10-19 years,1,Number,2023,451713.1851559366,483927.8867569728,417733.8941400396
1,All Population,44,Population,193,Botswana,3,Both,235,95+ years,1,Number,2023,3863.9967817168817,4139.564348484725,3573.3347522586932
1,All Population,44,Population,12,Lao People's Democratic Republic,3,Both,157,25+ years,1,Number,2023,3883149.459529793,4340791.003524759,3407205.263328164
1,All Population,44,Population,12,Lao People's Democratic Republic,3,Both,158,<20 years,1,Number,2023,2963687.5782417036,3312967.608114533,2600438.644117544
1,All Population,44,Population,12,Lao People's Democratic Republic,3,Both,159,10-24 years,1,Number,2023,2072966.6380883583,2317272.3653831505,1818890.2883108696
1,All Population,44,Population,12,Lao People's Democratic Republic,3,Both,162,10-19 years,1,Number,2023,1398030.2202953985,1562792.538932775,1226678.4924263787
1,All Population,44,Population,12,Lao People's Democratic Republic,3,Both,235,95+ years,1,Number,2023,2527.496974433162,2825.3705509918796,2217.7104136953467
1,All Population,44,Population,13,Malaysia,3,Both,1,<5 years,1,Number,2023,2303385.8612779295,2508447.0144743808,2115082.404783492
1,All Population,44,Population,13,Malaysia,3,Both,6,5-9 years,1,Number,2023,2644839.037251321,2880298.389553174,2428621.53719706
1,All Population,44,Population,13,Malaysia,3,Both,7,10-14 years,1,Number,2023,2701324.679424684,2941812.7206309163,2480489.4373575198
1,All Population,44,Population,14,Maldives,3,Both,6,5-9 years,1,Number,2023,34450.57310014782,37106.8095530314,31852.841826819902
1,All Population,44,Population,14,Maldives,3,Both,7,10-14 years,1,Number,2023,36738.077419070534,39570.68691342392,33967.85782487017
1,All Population,44,Population,14,Maldives,3,Both,8,15-19 years,1,Number,2023,42226.612883984824,45482.40395887299,39042.53253395522
1,All Population,44,Population,14,Maldives,3,Both,9,20-24 years,1,Number,2023,52098.32489482842,56115.25283729047,48169.872167093876
1,All Population,44,Population,14,Maldives,3,Both,10,25-29 years,1,Number,2023,55624.648398958445,59913.465839720026,51430.29469999999
1,All Population,44,Population,14,Maldives,3,Both,11,30-34 years,1,Number,2023,61300.46754929959,66026.9066715143,56678.131045360395
1,All Population,44,Population,14,Maldives,3,Both,12,35-39 years,1,Number,2023,57063.913735822585,61463.70259764113,52761.03282701713
1,All Population,44,Population,132,Panama,3,Both,14,45-49 years,1,Number,2023,246596.07662177095,263671.05775796704,230108.77719322694
1,All Population,44,Population,132,Panama,3,Both,15,50-54 years,1,Number,2023,235951.96297422025,252289.91681365925,220176.3240524563
1,All Population,44,Population,133,Venezuela (Bolivarian Republic of),3,Both,13,40-44 years,1,Number,2023,2028911.6030264546,2320582.4972286657,1759952.0647593634
1,All Population,44,Population,133,Venezuela (Bolivarian Republic of),3,Both,14,45-49 years,1,Number,2023,1858680.1562632783,2125879.033929783,1612287.087255699
1,All Population,44,Population,133,Venezuela (Bolivarian Republic of),3,Both,15,50-54 years,1,Number,2023,1657825.9040821374,1896150.5127806866,1438058.7693168574
1,All Population,44,Population,133,Venezuela (Bolivarian Republic of),3,Both,16,55-59 years,1,Number,2023,1486220.9240839435,1699876.0607902366,1289202.3388936184
1,All Population,44,Population,133,Venezuela (Bolivarian Republic of),3,Both,17,60-64 years,1,Number,2023,1307698.712831841,1495689.974920242,1134345.6493119341
1,All Population,44,Population,133,Venezuela (Bolivarian Republic of),3,Both,18,65-69 years,1,Number,2023,1033913.4831044575,1182546.114361024,896854.3364126591
1,All Population,44,Population,133,Venezuela (Bolivarian Republic of),3,Both,19,70-74 years,1,Number,2023,774473.9060981236,885810.1991090984,671806.9669010956
1,All Population,44,Population,133,Venezuela (Bolivarian Republic of),3,Both,20,75-79 years,1,Number,2023,479619.7724514242,548568.6254715841,416039.7168443292
1,All Population,44,Population,133,Venezuela (Bolivarian Republic of),3,Both,21,80+ years,1,Number,2023,424967.8180054979,486060.0525316021,368632.61447142763
1,All Population,44,Population,133,Venezuela (Bolivarian Republic of),3,Both,23,5-14 years,1,Number,2023,4151536.119873145,4748349.8256008625,3601194.1354147554
1,All Population,44,Population,133,Venezuela (Bolivarian Republic of),3,Both,24,15-49 years,1,Number,2023,12782346.981979141,14619902.925114129,11087874.863472547
1,All Population,44,Population,133,Venezuela (Bolivarian Republic of),3,Both,25,50-69 years,1,Number,2023,5485659.02410238,6274262.66285219,4758461.093935069
1,All Population,44,Population,133,Venezuela (Bolivarian Republic of),3,Both,26,70+ years,1,Number,2023,1679061.4965550457,1920438.8771122848,1456479.2982168521
1,All Population,44,Population,133,Venezuela (Bolivarian Republic of),3,Both,28,<1 year,1,Number,2023,309959.4437940198,354518.38268665876,268870.1480553543
1,All Population,44,Population,133,Venezuela (Bolivarian Republic of),3,Both,30,80-84 years,1,Number,2023,269102.33049994137,307787.760289853,233429.1949873349
1,All Population,44,Population,133,Venezuela (Bolivarian Republic of),3,Both,31,85-89 years,1,Number,2023,120125.78999770604,137394.75160900262,104201.49986916696
1,All Population,44,Population,133,Venezuela (Bolivarian Republic of),3,Both,32,90-94 years,1,Number,2023,31256.631166773397,35750.00068990222,27113.144050893112
1,All Population,44,Population,133,Venezuela (Bolivarian Republic of),3,Both,34,2-4 years,1,Number,2023,932779.7115856411,1066873.622905403,809127.2073766082
1,All Population,44,Population,198,Zimbabwe,3,Both,6,5-9 years,1,Number,2023,2108992.5194778834,2267144.558200107,1963337.0071035367
1,All Population,44,Population,198,Zimbabwe,3,Both,7,10-14 years,1,Number,2023,2016953.604043402,2168203.7016808135,1877654.669638003
1,All Population,44,Population,198,Zimbabwe,3,Both,8,15-19 years,1,Number,2023,1745981.7469563629,1876911.8333851658,1625397.2196996494
1,All Population,44,Population,198,Zimbabwe,3,Both,9,20-24 years,1,Number,2023,1320301.7724913247,1419310.3821092297,1229116.4176904499
1,All Population,44,Population,198,Zimbabwe,3,Both,10,25-29 years,1,Number,2023,1116960.3308544233,1200720.492099665,1039818.5544897077
1,All Population,44,Population,198,Zimbabwe,3,Both,11,30-34 years,1,Number,2023,1065316.207248166,1145203.6077505795,991741.1819342582
1,All Population,44,Population,198,Zimbabwe,3,Both,12,35-39 years,1,Number,2023,963229.4278793059,1035461.4042231889,896704.926461661
1,All Population,44,Population,198,Zimbabwe,3,Both,13,40-44 years,1,Number,2023,852707.5662216552,916651.5768268736,793816.1494354804
1,All Population,44,Population,198,Zimbabwe,3,Both,14,45-49 years,1,Number,2023,708650.7307707956,761792.0087878178,659708.4588890399
1,All Population,44,Population,198,Zimbabwe,3,Both,15,50-54 years,1,Number,2023,468479.6744666347,503610.6741892721,436124.5824541235
1,All Population,44,Population,198,Zimbabwe,3,Both,16,55-59 years,1,Number,2023,348327.25778627384,374448.1024325407,324270.3752993832
1,All Population,44,Population,198,Zimbabwe,3,Both,17,60-64 years,1,Number,2023,313913.2521751162,337453.4119219648,292233.13943674404
1,All Population,44,Population,198,Zimbabwe,3,Both,18,65-69 years,1,Number,2023,255895.9725901363,275085.45258694317,238222.76670727454
1,All Population,44,Population,198,Zimbabwe,3,Both,19,70-74 years,1,Number,2023,185414.09594199457,199318.18379922598,172608.6521595086
1,All Population,44,Population,198,Zimbabwe,3,Both,20,75-79 years,1,Number,2023,118252.31911715139,127119.9870577842,110085.33797739487
1,All Population,44,Population,198,Zimbabwe,3,Both,21,80+ years,1,Number,2023,147103.2319486265,158134.41191746911,136943.69063991477
1,All Population,44,Population,198,Zimbabwe,3,Both,23,5-14 years,1,Number,2023,4125946.1235212856,4435348.25988092,3840991.67674154
1,All Population,44,Population,198,Zimbabwe,3,Both,24,15-49 years,1,Number,2023,7773147.782422033,8356051.305182522,7236302.908600246
1,All Population,44,Population,198,Zimbabwe,3,Both,25,50-69 years,1,Number,2023,1386616.1570181611,1490597.6411307205,1290850.8638975252
1,All Population,44,Population,198,Zimbabwe,3,Both,26,70+ years,1,Number,2023,450769.64700777247,484572.5827744793,419637.68077681825
1,All Population,44,Population,198,Zimbabwe,3,Both,28,<1 year,1,Number,2023,449856.3410113082,483590.7885287757,418787.45136864966
1,All Population,44,Population,198,Zimbabwe,3,Both,30,80-84 years,1,Number,2023,73553.87545557901,79069.63487709663,68473.94875235224
1,All Population,44,Population,198,Zimbabwe,3,Both,31,85-89 years,1,Number,2023,42099.60177322866,45256.62475379293,39192.033818196905
1,All Population,44,Population,198,Zimbabwe,3,Both,32,90-94 years,1,Number,2023,19149.517466136727,20585.527883360068,17826.974710535982
1,All Population,44,Population,198,Zimbabwe,3,Both,34,2-4 years,1,Number,2023,1305021.869106746,1402884.6482632193,1214891.805937281
1,All Population,44,Population,68,Republic of Korea,3,Both,20,75-79 years,1,Number,2023,1672361.4195444665,1817603.5795692785,1518202.1657803373
1,All Population,44,Population,68,Republic of Korea,3,Both,21,80+ years,1,Number,2023,2080100.0405874497,2260753.7075710576,1888355.2022623455
1,All Population,44,Population,68,Republic of Korea,3,Both,23,5-14 years,1,Number,2023,4320585.909376875,4695822.519547897,3922311.7732784846
1,All Population,44,Population,68,Republic of Korea,3,Both,24,15-49 years,1,Number,2023,23583705.336469486,25631915.887386497,21409745.585201398
1,All Population,44,Population,68,Republic of Korea,3,Both,25,50-69 years,1,Number,2023,16407967.69504494,17832975.855239645,14895471.636422
1,All Population,44,Population,68,Republic of Korea,3,Both,26,70+ years,1,Number,2023,6024833.683568785,6548081.737347814,5469460.990885558
1,All Population,44,Population,68,Republic of Korea,3,Both,28,<1 year,1,Number,2023,243154.6834025717,264272.3144509839,220740.54247315237
1,All Population,44,Population,68,Republic of Korea,3,Both,30,80-84 years,1,Number,2023,1174944.3767700798,1276986.5891750853,1066637.3169321574
1,All Population,44,Population,69,Singapore,3,Both,25,50-69 years,1,Number,2023,1514254.3364794457,1647900.244152787,1383147.699586689
1,All Population,44,Population,69,Singapore,3,Both,26,70+ years,1,Number,2023,546713.3879070923,594965.5244232641,499378.04145572236
1,All Population,44,Population,69,Singapore,3,Both,28,<1 year,1,Number,2023,45480.50082048756,49494.54434485604,41542.72407907468
1,All Population,44,Population,69,Singapore,3,Both,30,80-84 years,1,Number,2023,89215.4359942078,97089.46193204314,81491.01646286556
1,All Population,44,Population,69,Singapore,3,Both,31,85-89 years,1,Number,2023,47853.5363440036,52077.02056723032,43710.2982747146
1,All Population,44,Population,69,Singapore,3,Both,32,90-94 years,1,Number,2023,25073.94818841683,27286.938756689695,22903.004416679334
1,All Population,44,Population,69,Singapore,3,Both,34,2-4 years,1,Number,2023,158145.51835466424,172103.21412334137,144453.0186525687
1,All Population,44,Population,187,Somalia,3,Both,25,50-69 years,1,Number,2023,1381917.7875788384,1758961.4127927928,980837.36214102
1,All Population,44,Population,187,Somalia,3,Both,26,70+ years,1,Number,2023,441919.6564522604,562493.3916047649,313659.2596237731
1,All Population,44,Population,187,Somalia,3,Both,28,<1 year,1,Number,2023,894381.1047572733,1138404.8065227487,634800.717831305
1,All Population,44,Population,187,Somalia,3,Both,30,80-84 years,1,Number,2023,66930.57623684441,85191.9716171098,47505.0038669393
1,All Population,44,Population,187,Somalia,3,Both,31,85-89 years,1,Number,2023,31698.216922191634,40346.78540331744,22498.296027441906
1,All Population,44,Population,187,Somalia,3,Both,32,90-94 years,1,Number,2023,12786.396190341398,16275.047408497296,9075.340966988571
1,All Population,44,Population,187,Somalia,3,Both,34,2-4 years,1,Number,2023,2368201.0593130114,3014343.0517417495,1680867.0536803743
1,All Population,44,Population,71,Australia,3,Both,18,65-69 years,1,Number,2023,1383503.288187886,1491971.7519240575,1266812.0176676372
1,All Population,44,Population,71,Australia,3,Both,19,70-74 years,1,Number,2023,1209064.3196404087,1303856.5405402877,1107086.0642910227
1,All Population,44,Population,71,Australia,3,Both,20,75-79 years,1,Number,2023,970648.8179577802,1046748.9523124398,888779.6639315347
1,All Population,44,Population,71,Australia,3,Both,21,80+ years,1,Number,2023,1195983.5681485068,1289750.2410565922,1095108.6058118527
1,All Population,44,Population,71,Australia,3,Both,23,5-14 years,1,Number,2023,3342964.515520293,3605057.2972425283,3061002.932956136
1,All Population,44,Population,71,Australia,3,Both,24,15-49 years,1,Number,2023,12491091.70145647,13470409.595972832,11437533.409782974
1,All Population,44,Population,71,Australia,3,Both,25,50-69 years,1,Number,2023,6237676.030278551,6726717.973340687,5711560.662659666
1,All Population,44,Population,71,Australia,3,Both,26,70+ years,1,Number,2023,3375696.705746696,3640355.73390932,3090974.3340344103
1,All Population,44,Population,71,Australia,3,Both,28,<1 year,1,Number,2023,296571.6235765278,319823.2259917434,271557.3573648972
1,All Population,44,Population,71,Australia,3,Both,30,80-84 years,1,Number,2023,606852.9968400795,654431.0639418588,555668.1186942226
1,All Population,44,Population,71,Australia,3,Both,31,85-89 years,1,Number,2023,359475.54568943445,387658.89770931035,329155.66245850764
1,All Population,44,Population,71,Australia,3,Both,32,90-94 years,1,Number,2023,168664.99065004074,181888.54608217004,154438.98033313119
1,All Population,44,Population,71,Australia,3,Both,34,2-4 years,1,Number,2023,908979.6381278756,980244.8282846209,832311.957063591
1,All Population,44,Population,194,Lesotho,3,Both,1,<5 years,1,Number,2023,202836.46666156274,226516.4504204512,181294.2098841003
1,All Population,44,Population,194,Lesotho,3,Both,6,5-9 years,1,Number,2023,207498.00902741923,231722.20088326212,185460.67291694978
1,All Population,44,Population,194,Lesotho,3,Both,7,10-14 years,1,Number,2023,210670.80893175665,235265.40681685795,188296.50545359595
1,All Population,44,Population,194,Lesotho,3,Both,8,15-19 years,1,Number,2023,204703.71823984626,228601.69281555017,182963.149917968
1,All Population,44,Population,194,Lesotho,3,Both,9,20-24 years,1,Number,2023,190174.4557095694,212376.2229592029,169976.9684192525
1,All Population,44,Population,194,Lesotho,3,Both,10,25-29 years,1,Number,2023,169252.87860485777,189012.17279131903,151277.3684254476
1,All Population,44,Population,194,Lesotho,3,Both,11,30-34 years,1,Number,2023,146534.2045362222,163641.22498796883,130971.53223791457
1,All Population,44,Population,194,Lesotho,3,Both,12,35-39 years,1,Number,2023,126477.37452815952,141242.87613636328,113044.83883342684
1,All Population,44,Population,194,Lesotho,3,Both,13,40-44 years,1,Number,2023,107874.41194948106,120468.1253236424,96417.60479748658
1,All Population,44,Population,194,Lesotho,3,Both,14,45-49 years,1,Number,2023,80657.26066765949,90073.52912314104,72091.05238732809
1,All Population,44,Population,195,Namibia,3,Both,11,30-34 years,1,Number,2023,237373.48404991403,253950.9244519335,221751.82379940423
1,All Population,44,Population,195,Namibia,3,Both,12,35-39 years,1,Number,2023,200969.32484278068,215004.4097578032,187743.4393735844
1,All Population,44,Population,195,Namibia,3,Both,13,40-44 years,1,Number,2023,164395.0812274668,175875.93247899253,153576.16387421085
1,All Population,44,Population,195,Namibia,3,Both,14,45-49 years,1,Number,2023,134459.94100788707,143850.2133352233,125611.06926412013
1,All Population,44,Population,195,Namibia,3,Both,15,50-54 years,1,Number,2023,106386.16864081901,113815.85429969203,99384.84501567962
1,All Population,44,Population,195,Namibia,3,Both,16,55-59 years,1,Number,2023,83110.25010918899,88914.41658336984,77640.72559284647
1,All Population,44,Population,195,Namibia,3,Both,17,60-64 years,1,Number,2023,65066.23049369967,69610.25765204291,60784.19136611034
1,All Population,44,Population,195,Namibia,3,Both,18,65-69 years,1,Number,2023,47680.372790803274,51010.22465462562,44542.50510799606
1,All Population,44,Population,195,Namibia,3,Both,19,70-74 years,1,Number,2023,33693.29769874598,36046.33488309724,31475.925983974274
1,All Population,44,Population,195,Namibia,3,Both,20,75-79 years,1,Number,2023,21770.63222227327,23291.0268005621,20337.89671107506
1,All Population,44,Population,195,Namibia,3,Both,21,80+ years,1,Number,2023,25481.12607281191,27260.65022876001,23804.201222072592
1,All Population,44,Population,195,Namibia,3,Both,23,5-14 years,1,Number,2023,724828.733058148,775448.5618567852,677127.4143832246
1,All Population,44,Population,195,Namibia,3,Both,24,15-49 years,1,Number,2023,1562500.9425494333,1671621.2444942193,1459672.0231218704
1,All Population,44,Population,195,Namibia,3,Both,25,50-69 years,1,Number,2023,302243.02203451097,323350.7531897304,282352.26708263246
1,All Population,44,Population,195,Namibia,3,Both,26,70+ years,1,Number,2023,80945.05599383116,86598.01191241934,75618.02391712191
1,All Population,44,Population,195,Namibia,3,Both,28,<1 year,1,Number,2023,64501.78436001937,69006.3923213167,60256.891697063016
1,All Population,44,Population,195,Namibia,3,Both,30,80-84 years,1,Number,2023,13856.262776425823,14823.94192260467,12944.375628198293
1,All Population,44,Population,195,Namibia,3,Both,31,85-89 years,1,Number,2023,7176.458353586034,7677.640324817206,6704.172265481602
1,All Population,44,Population,195,Namibia,3,Both,32,90-94 years,1,Number,2023,2987.4151865153767,3196.04715486165,2790.811992785688
1,All Population,44,Population,195,Namibia,3,Both,34,2-4 years,1,Number,2023,210339.3109146143,225028.76708890055,196496.78226999316
1,All Population,44,Population,7,Democratic People's Republic of Korea,3,Both,157,25+ years,1,Number,2023,17984800.33029929,20932877.00546477,15278885.25734417
1,All Population,44,Population,7,Democratic People's Republic of Korea,3,Both,158,<20 years,1,Number,2023,6515590.337120762,7583628.877723211,5535282.867556413
1,All Population,44,Population,7,Democratic People's Republic of Korea,3,Both,159,10-24 years,1,Number,2023,5357207.857133237,6235363.813139055,4551185.5925908545
1,All Population,44,Population,10,Cambodia,3,Both,7,10-14 years,1,Number,2023,1612255.8842760886,1769793.0185780653,1459719.8808418147
1,All Population,44,Population,10,Cambodia,3,Both,8,15-19 years,1,Number,2023,1534105.162297886,1684006.0144785515,1388963.0216569307
1,All Population,44,Population,10,Cambodia,3,Both,9,20-24 years,1,Number,2023,1377619.5965035013,1512229.8934842767,1247282.6012704314
1,All Population,44,Population,10,Cambodia,3,Both,10,25-29 years,1,Number,2023,1349721.9326184865,1481606.286363435,1222024.3435712925
1,All Population,44,Population,10,Cambodia,3,Both,11,30-34 years,1,Number,2023,1404390.820489275,1541616.993739821,1271520.9918805237
1,All Population,44,Population,10,Cambodia,3,Both,12,35-39 years,1,Number,2023,1390168.2888890451,1526004.746714967,1258644.0581783538
1,All Population,44,Population,10,Cambodia,3,Both,13,40-44 years,1,Number,2023,1156602.3933839968,1269616.60431512,1047175.9007472366
1,All Population,44,Population,10,Cambodia,3,Both,14,45-49 years,1,Number,2023,859843.9211952357,943861.1969968949,778493.8348996807
1,All Population,44,Population,10,Cambodia,3,Both,15,50-54 years,1,Number,2023,742598.6859619262,815159.6671708012,672341.2058578695
1,All Population,44,Population,10,Cambodia,3,Both,16,55-59 years,1,Number,2023,700301.5051344228,768729.5340485638,634045.7737495907
1,All Population,44,Population,10,Cambodia,3,Both,17,60-64 years,1,Number,2023,573262.0259628809,629276.7427675198,519025.5370693855
1,All Population,44,Population,10,Cambodia,3,Both,18,65-69 years,1,Number,2023,434770.495347939,477252.89444113185,393636.7309013038
1,All Population,44,Population,11,Indonesia,3,Both,16,55-59 years,1,Number,2023,14657109.683818739,15921902.989863519,13468047.718537983
1,All Population,44,Population,11,Indonesia,3,Both,17,60-64 years,1,Number,2023,11658510.741802279,12664548.539347155,10712710.922196751
1,All Population,44,Population,11,Indonesia,3,Both,18,65-69 years,1,Number,2023,8697742.02342349,9448288.76328143,7992135.362425752
1,All Population,44,Population,11,Indonesia,3,Both,19,70-74 years,1,Number,2023,5502841.980268089,5977693.970258243,5056422.444572682
1,All Population,44,Population,11,Indonesia,3,Both,20,75-79 years,1,Number,2023,2996643.3933164654,3255230.153341481,2753539.8920554905
1,All Population,44,Population,11,Indonesia,3,Both,21,80+ years,1,Number,2023,2517378.3875077832,2734608.3463458964,2313155.388746309
1,All Population,44,Population,11,Indonesia,3,Both,23,5-14 years,1,Number,2023,45178223.124967664,49076748.510947384,41513127.622805156
1,All Population,44,Population,11,Indonesia,3,Both,24,15-49 years,1,Number,2023,157182771.6744185,170746408.82580355,144431277.04640225
1,All Population,44,Population,11,Indonesia,3,Both,25,50-69 years,1,Number,2023,52284433.442136206,56796168.89711224,48042844.71670478
1,All Population,44,Population,11,Indonesia,3,Both,26,70+ years,1,Number,2023,11016863.761092339,11967532.469945623,10123117.72537448
1,All Population,44,Population,11,Indonesia,3,Both,28,<1 year,1,Number,2023,4305144.274848125,4676644.371241363,3955888.2876380743
1,All Population,44,Population,11,Indonesia,3,Both,30,80-84 years,1,Number,2023,1501706.6797286754,1631292.1571615434,1379880.3214361721
1,All Population,44,Population,11,Indonesia,3,Both,31,85-89 years,1,Number,2023,597143.6715563998,648672.4746304014,548700.230593432
1,All Population,44,Population,11,Indonesia,3,Both,32,90-94 years,1,Number,2023,278169.38696787896,302173.2176120588,255602.82063358146
1,All Population,44,Population,11,Indonesia,3,Both,34,2-4 years,1,Number,2023,13177608.674971903,14314732.678361341,12108571.626960916
1,All Population,44,Population,63,Ukraine,3,Both,157,25+ years,1,Number,2023,30559186.06250269,37016936.64916749,24719493.595717937
1,All Population,44,Population,63,Ukraine,3,Both,158,<20 years,1,Number,2023,7375839.571162447,8934497.979812449,5966357.175530778
1,All Population,44,Population,63,Ukraine,3,Both,159,10-24 years,1,Number,2023,5672613.33484393,6871346.901113886,4588608.110008504
1,All Population,44,Population,63,Ukraine,3,Both,162,10-19 years,1,Number,2023,4283347.110515772,5188501.6934699,3464823.024084177
1,All Population,44,Population,63,Ukraine,3,Both,235,95+ years,1,Number,2023,28580.14220605467,34619.682320788925,23118.63414105008
1,All Population,44,Population,132,Panama,3,Both,23,5-14 years,1,Number,2023,738290.150807706,789411.3631594196,688928.4133937664
1,All Population,44,Population,132,Panama,3,Both,24,15-49 years,1,Number,2023,2106582.8702413584,2252448.381420499,1965737.7155717546
1,All Population,44,Population,132,Panama,3,Both,25,50-69 years,1,Number,2023,737844.7127569956,788935.0817700095,688512.7571247435
1,All Population,44,Population,132,Panama,3,Both,26,70+ years,1,Number,2023,271746.45661717065,290562.91827435774,253577.61443496062
1,All Population,44,Population,132,Panama,3,Both,28,<1 year,1,Number,2023,67175.09686701426,71826.48275903601,62683.80101445839
1,All Population,44,Population,132,Panama,3,Both,30,80-84 years,1,Number,2023,48412.88895310959,51765.1286843646,45176.0256286576
1,All Population,44,Population,132,Panama,3,Both,31,85-89 years,1,Number,2023,28013.089636429406,29952.79193689323,26140.147442532074
1,All Population,44,Population,132,Panama,3,Both,32,90-94 years,1,Number,2023,12558.922574431665,13428.536434421341,11719.238829981228
1,All Population,44,Population,132,Panama,3,Both,34,2-4 years,1,Number,2023,212820.61702187,227556.89373326206,198591.52917312493
1,All Population,44,Population,14,Maldives,3,Both,13,40-44 years,1,Number,2023,47861.7820514352,51552.060579325516,44252.78409163974
1,All Population,44,Population,14,Maldives,3,Both,14,45-49 years,1,Number,2023,39097.89879949664,42112.457184939885,36149.73784619085
1,All Population,44,Population,14,Maldives,3,Both,15,50-54 years,1,Number,2023,27504.729877740552,29625.42220746139,25430.747051384118
1,All Population,44,Population,14,Maldives,3,Both,16,55-59 years,1,Number,2023,19919.60844823885,21455.46650010832,18417.5785787208
1,All Population,44,Population,14,Maldives,3,Both,17,60-64 years,1,Number,2023,14153.551946140136,15244.830761962141,13086.309191940449
1,All Population,44,Population,14,Maldives,3,Both,18,65-69 years,1,Number,2023,9753.33030987945,10505.339614073142,9017.884455570505
1,All Population,44,Population,14,Maldives,3,Both,19,70-74 years,1,Number,2023,6175.717864078513,6651.883147761972,5710.040402512633
1,All Population,44,Population,14,Maldives,3,Both,20,75-79 years,1,Number,2023,3431.8395719028517,3696.444092264158,3173.0631226675823
1,All Population,44,Population,14,Maldives,3,Both,21,80+ years,1,Number,2023,3311.771555393457,3567.1184926849382,3062.048785483238
1,All Population,44,Population,14,Maldives,3,Both,23,5-14 years,1,Number,2023,71188.65051921835,76677.49646645533,65820.69965169007
1,All Population,44,Population,14,Maldives,3,Both,24,15-49 years,1,Number,2023,355273.6483138257,382666.24966930435,328484.3852112572
1,All Population,44,Population,14,Maldives,3,Both,25,50-69 years,1,Number,2023,71331.22058199899,76831.059083605,65952.51927761588
1,All Population,44,Population,14,Maldives,3,Both,26,70+ years,1,Number,2023,12919.328991374821,13915.445732711072,11945.152310663449
1,All Population,44,Population,14,Maldives,3,Both,28,<1 year,1,Number,2023,6257.8616689965465,6740.360471961893,5785.990187658473
1,All Population,44,Population,14,Maldives,3,Both,30,80-84 years,1,Number,2023,1967.5290668843613,2119.231113012117,1819.1683480838585
1,All Population,44,Population,14,Maldives,3,Both,31,85-89 years,1,Number,2023,962.4311557112964,1036.6373151200132,889.859430870944
1,All Population,44,Population,14,Maldives,3,Both,32,90-94 years,1,Number,2023,320.04792078016294,344.7245190873829,295.9148391516707
1,All Population,44,Population,14,Maldives,3,Both,34,2-4 years,1,Number,2023,19337.720991689388,20828.71387777281,17879.56810613447
1,All Population,44,Population,71,Australia,3,Both,1,<5 years,1,Number,2023,1502490.7867165166,1620288.0256564794,1375763.5426659707
1,All Population,44,Population,71,Australia,3,Both,6,5-9 years,1,Number,2023,1652675.7829806232,1782247.721670182,1513281.2195411285
1,All Population,44,Population,71,Australia,3,Both,7,10-14 years,1,Number,2023,1690288.7325396694,1822809.575572346,1547721.7134150073
1,All Population,44,Population,71,Australia,3,Both,8,15-19 years,1,Number,2023,1598268.5268859167,1723574.86567768,1463462.931100794
1,All Population,44,Population,71,Australia,3,Both,9,20-24 years,1,Number,2023,1625614.3353201498,1753064.6211887358,1488502.263535412
1,All Population,44,Population,71,Australia,3,Both,10,25-29 years,1,Number,2023,1843426.8932008538,1987953.9679267406,1687943.470707109
1,All Population,44,Population,71,Australia,3,Both,11,30-34 years,1,Number,2023,1973061.9781554975,2127752.612759696,1806644.513873408
1,All Population,44,Population,71,Australia,3,Both,12,35-39 years,1,Number,2023,1960017.7243551193,2113685.672434181,1794700.474696263
1,All Population,44,Population,71,Australia,3,Both,13,40-44 years,1,Number,2023,1828426.5395535931,1971777.5669729724,1674208.3184802542
1,All Population,44,Population,71,Australia,3,Both,14,45-49 years,1,Number,2023,1662275.7039853402,1792600.2890128295,1522071.4373897351
1,All Population,44,Population,71,Australia,3,Both,15,50-54 years,1,Number,2023,1728067.7965395558,1863550.5675043485,1582314.3108449539
1,All Population,44,Population,71,Australia,3,Both,16,55-59 years,1,Number,2023,1564899.2958486457,1687589.4433688938,1432908.2202741131
1,All Population,44,Population,71,Australia,3,Both,17,60-64 years,1,Number,2023,1561205.6497024642,1683606.2105433873,1429526.1138729618
1,All Population,44,Population,72,New Zealand,3,Both,14,45-49 years,1,Number,2023,309529.25677722855,331387.14414763957,288257.6028224337
1,All Population,44,Population,72,New Zealand,3,Both,15,50-54 years,1,Number,2023,329006.8183811185,352240.14389983506,306396.61583600624
1,All Population,44,Population,72,New Zealand,3,Both,16,55-59 years,1,Number,2023,308598.22158822865,330390.36246827256,287390.55078826164
1,All Population,44,Population,72,New Zealand,3,Both,17,60-64 years,1,Number,2023,300286.3859477808,321491.5736940179,279649.9260676267
1,All Population,44,Population,72,New Zealand,3,Both,18,65-69 years,1,Number,2023,256028.53709861898,274108.3883727116,238433.5914691858
1,All Population,44,Population,72,New Zealand,3,Both,19,70-74 years,1,Number,2023,216514.16498860985,231803.64773959157,201634.74957598612
1,All Population,44,Population,72,New Zealand,3,Both,20,75-79 years,1,Number,2023,165813.98310143314,177523.19406522537,154418.81578793292
1,All Population,44,Population,72,New Zealand,3,Both,21,80+ years,1,Number,2023,204269.53562423436,218694.3449277831,190231.60292428086
1,All Population,44,Population,72,New Zealand,3,Both,23,5-14 years,1,Number,2023,668810.8954135533,716040.0115761478,622848.474682925
1,All Population,44,Population,72,New Zealand,3,Both,24,15-49 years,1,Number,2023,2371726.6315635056,2539209.7771823695,2208735.4212744576
1,All Population,44,Population,191,Zambia,3,Both,157,25+ years,1,Number,2023,7306535.16462661,7852687.351779413,6748796.522425395
1,All Population,44,Population,191,Zambia,3,Both,158,<20 years,1,Number,2023,11620751.514110994,12489384.691505045,10733690.544061018
1,All Population,44,Population,191,Zambia,3,Both,159,10-24 years,1,Number,2023,7308589.976126053,7854895.757255936,6750694.481497548
1,All Population,44,Population,191,Zambia,3,Both,162,10-19 years,1,Number,2023,5285958.259051155,5681075.451993146,4882458.773219812
1,All Population,44,Population,191,Zambia,3,Both,235,95+ years,1,Number,2023,1325.5622502215656,1424.6459753873085,1224.3764935073511
1,All Population,44,Population,201,Burkina Faso,3,Both,157,25+ years,1,Number,2023,8586551.157952989,9366401.137508783,7716442.951794232
1,All Population,44,Population,201,Burkina Faso,3,Both,158,<20 years,1,Number,2023,13574666.020758588,14807547.864007173,12199092.978305267
1,All Population,44,Population,201,Burkina Faso,3,Both,159,10-24 years,1,Number,2023,7665943.627897322,8362181.9512379365,6889124.118424553
1,All Population,44,Population,201,Burkina Faso,3,Both,162,10-19 years,1,Number,2023,5556789.360945909,6061469.527617462,4993698.553715764
1,All Population,44,Population,201,Burkina Faso,3,Both,235,95+ years,1,Number,2023,9202.852411559541,10038.676263649726,8270.292032419517
1,All Population,44,Population,202,Cameroon,3,Both,1,<5 years,1,Number,2023,5135557.832965308,6038913.225761314,4215512.725905356
1,All Population,44,Population,193,Botswana,3,Both,19,70-74 years,1,Number,2023,33803.84972081135,36214.62932058388,31261.017488175556
1,All Population,44,Population,193,Botswana,3,Both,20,75-79 years,1,Number,2023,21448.941791438112,22978.609913103952,19835.484714991
1,All Population,44,Population,193,Botswana,3,Both,21,80+ years,1,Number,2023,34245.15512844302,36687.40718128746,31669.126510654933
1,All Population,44,Population,193,Botswana,3,Both,23,5-14 years,1,Number,2023,502931.14711966744,538798.5456432104,465099.07940386963
1,All Population,44,Population,193,Botswana,3,Both,24,15-49 years,1,Number,2023,1318213.2989421044,1412223.944341525,1219053.1354186144
1,All Population,44,Population,193,Botswana,3,Both,25,50-69 years,1,Number,2023,283649.984549297,303878.9703563855,262312.9377497266
1,All Population,44,Population,193,Botswana,3,Both,26,70+ years,1,Number,2023,89497.94664069248,95880.64641497527,82765.62871382147
1,All Population,44,Population,193,Botswana,3,Both,28,<1 year,1,Number,2023,49126.07494307927,52629.58534996527,45430.65658511525
1,All Population,44,Population,193,Botswana,3,Both,30,80-84 years,1,Number,2023,15110.20947171784,16187.82001145115,13973.571840090108
1,All Population,44,Population,193,Botswana,3,Both,31,85-89 years,1,Number,2023,10053.180763620534,10770.14061576546,9296.94878716283
1,All Population,44,Population,193,Botswana,3,Both,32,90-94 years,1,Number,2023,5217.768111387763,5589.882205586127,4825.271131143303
1,All Population,44,Population,193,Botswana,3,Both,34,2-4 years,1,Number,2023,152027.8487777735,162869.97591588824,140591.8343201538
1,All Population,44,Population,129,Honduras,3,Both,157,25+ years,1,Number,2023,5094868.941777033,5763837.755081614,4453540.288184261
1,All Population,44,Population,129,Honduras,3,Both,158,<20 years,1,Number,2023,4576810.035226499,5177756.440909327,4000693.269283169
1,All Population,44,Population,129,Honduras,3,Both,159,10-24 years,1,Number,2023,3223464.7553936085,3646713.5998266293,2817703.5208839555
1,All Population,44,Population,129,Honduras,3,Both,162,10-19 years,1,Number,2023,2179288.729877713,2465434.695973135,1904965.6171746617
1,All Population,44,Population,129,Honduras,3,Both,235,95+ years,1,Number,2023,1309.7769324755222,1481.753862642888,1144.905669600914
1,All Population,44,Population,135,Brazil,3,Both,157,25+ years,1,Number,2023,138434626.8756343,148969804.8032084,128481514.06699035
1,All Population,44,Population,135,Brazil,3,Both,158,<20 years,1,Number,2023,57977835.01741927,62390075.08733167,53809369.761629365
1,All Population,44,Population,135,Brazil,3,Both,159,10-24 years,1,Number,2023,44424683.8483442,47805499.46710545,41230657.1816769
1,All Population,44,Population,135,Brazil,3,Both,162,10-19 years,1,Number,2023,28761615.440370232,30950437.290708125,26693725.278077126
1,All Population,44,Population,135,Brazil,3,Both,235,95+ years,1,Number,2023,249509.42606998503,268497.6391896379,231570.30548619077
1,All Population,44,Population,136,Paraguay,3,Both,1,<5 years,1,Number,2023,542539.7490798665,583247.7946826083,500483.6693420543
1,All Population,44,Population,74,Andorra,3,Both,1,<5 years,1,Number,2023,2360.4059405548937,2394.412895460403,2326.6401067430656
1,All Population,44,Population,7,Democratic People's Republic of Korea,3,Both,162,10-19 years,1,Number,2023,3446983.578041148,4012014.698735966,2928365.375517289
1,All Population,44,Population,7,Democratic People's Republic of Korea,3,Both,235,95+ years,1,Number,2023,5733.817146443907,6673.707068970162,4871.131881265159
1,All Population,44,Population,8,Taiwan,3,Both,1,<5 years,1,Number,2023,765640.3384772995,820309.1923295165,708779.4167199266
1,All Population,44,Population,8,Taiwan,3,Both,6,5-9 years,1,Number,2023,997024.6025964846,1068214.9377280078,922979.7344392469
1,All Population,44,Population,8,Taiwan,3,Both,7,10-14 years,1,Number,2023,998381.1059317266,1069668.2991816867,924235.4959168144
1,All Population,44,Population,8,Taiwan,3,Both,8,15-19 years,1,Number,2023,1020034.4167661757,1092867.716753118,944280.7054649672
1,All Population,44,Population,8,Taiwan,3,Both,9,20-24 years,1,Number,2023,1291733.1128904386,1383966.4569500266,1195801.4700912281
1,All Population,44,Population,8,Taiwan,3,Both,10,25-29 years,1,Number,2023,1543314.3039147453,1653511.24611942,1428698.7730031218
1,All Population,44,Population,8,Taiwan,3,Both,11,30-34 years,1,Number,2023,1581614.1575465503,1694545.8160344905,1464154.2558889864
1,All Population,44,Population,8,Taiwan,3,Both,12,35-39 years,1,Number,2023,1622398.6349439865,1738242.4187762022,1501909.83987307
1,All Population,44,Population,8,Taiwan,3,Both,13,40-44 years,1,Number,2023,1980211.1856318857,2121603.7827345054,1833149.1414438528
1,All Population,44,Population,8,Taiwan,3,Both,14,45-49 years,1,Number,2023,1872964.1851573377,2006699.0475503523,1733866.9293904898
1,All Population,44,Population,8,Taiwan,3,Both,15,50-54 years,1,Number,2023,1749459.3816831517,1874375.6569251744,1619534.3137100816
1,All Population,44,Population,8,Taiwan,3,Both,16,55-59 years,1,Number,2023,1763369.8669588275,1889279.3896152454,1632411.7251322556
1,All Population,44,Population,8,Taiwan,3,Both,17,60-64 years,1,Number,2023,1738695.551200022,1862843.2589489282,1609569.8681236878
1,All Population,44,Population,8,Taiwan,3,Both,18,65-69 years,1,Number,2023,1525099.6612770131,1633996.0272368249,1411836.8560745947
1,All Population,44,Population,8,Taiwan,3,Both,19,70-74 years,1,Number,2023,1195071.6586480218,1280403.1054987574,1106318.659802659
1,All Population,44,Population,8,Taiwan,3,Both,20,75-79 years,1,Number,2023,631430.9216249028,676516.8490993286,584537.1747500914
1,All Population,44,Population,8,Taiwan,3,Both,21,80+ years,1,Number,2023,939802.8893728687,1006907.4347148718,870007.6397309011
1,All Population,44,Population,8,Taiwan,3,Both,23,5-14 years,1,Number,2023,1995405.7085282113,2137883.2369096945,1847215.2303560611
1,All Population,44,Population,8,Taiwan,3,Both,24,15-49 years,1,Number,2023,10912269.99685112,11691436.484918116,10101861.115155717
1,All Population,44,Population,8,Taiwan,3,Both,25,50-69 years,1,Number,2023,6776624.461119014,7260494.332726173,6273352.763040619
1,All Population,44,Population,8,Taiwan,3,Both,26,70+ years,1,Number,2023,2766305.4696457935,2963827.389312958,2560863.474283651
1,All Population,44,Population,72,New Zealand,3,Both,25,50-69 years,1,Number,2023,1193919.9630157468,1278230.468434837,1111870.6841610805
1,All Population,44,Population,72,New Zealand,3,Both,26,70+ years,1,Number,2023,586597.6837142773,628021.1867326,546285.1682882
1,All Population,44,Population,72,New Zealand,3,Both,28,<1 year,1,Number,2023,58045.17002193612,62144.11951041362,54056.155273186545
1,All Population,44,Population,72,New Zealand,3,Both,30,80-84 years,1,Number,2023,109057.86214859954,116759.15181834322,101563.12278590225
1,All Population,44,Population,72,New Zealand,3,Both,31,85-89 years,1,Number,2023,58328.38007917245,62447.32888402376,54319.90240017592
1,All Population,44,Population,72,New Zealand,3,Both,32,90-94 years,1,Number,2023,28400.59877996157,30406.151004161864,26448.835913839
1,All Population,44,Population,72,New Zealand,3,Both,34,2-4 years,1,Number,2023,180674.75803578083,193433.38561412517,168258.31969544827
1,All Population,44,Population,197,Eswatini,3,Both,157,25+ years,1,Number,2023,557059.0344644875,615885.4250819567,497482.93674468715
1,All Population,44,Population,197,Eswatini,3,Both,158,<20 years,1,Number,2023,517712.25986642396,572383.563520322,462344.2032040073
1,All Population,44,Population,197,Eswatini,3,Both,159,10-24 years,1,Number,2023,363637.90721815254,402038.69465695304,324747.724751444
1,All Population,44,Population,197,Eswatini,3,Both,162,10-19 years,1,Number,2023,252286.48921027896,278928.3756955435,225305.0678443624
1,All Population,44,Population,13,Malaysia,3,Both,157,25+ years,1,Number,2023,20786181.6364407,22636691.552549414,19086896.286442325
1,All Population,44,Population,13,Malaysia,3,Both,158,<20 years,1,Number,2023,10391141.584026752,11316223.009622522,9541658.260329634
1,All Population,44,Population,13,Malaysia,3,Both,159,10-24 years,1,Number,2023,8430342.039954033,9180861.390452424,7741155.49407805
1,All Population,44,Population,13,Malaysia,3,Both,162,10-19 years,1,Number,2023,5442916.685497502,5927477.605594966,4997954.318349084
1,All Population,44,Population,13,Malaysia,3,Both,235,95+ years,1,Number,2023,11196.06522807654,12192.805759277986,10280.77881557146
1,All Population,44,Population,14,Maldives,3,Both,1,<5 years,1,Number,2023,31902.204965732137,34361.95504045521,29496.632341825803
1,All Population,44,Population,186,Seychelles,3,Both,30,80-84 years,1,Number,2023,1071.8404586189608,1150.6333178449195,993.434407311131
1,All Population,44,Population,186,Seychelles,3,Both,31,85-89 years,1,Number,2023,595.1832400037669,638.936196767212,551.6450741526443
1,All Population,44,Population,186,Seychelles,3,Both,32,90-94 years,1,Number,2023,276.0276892324471,296.3189654996089,255.8360263871889
1,All Population,44,Population,186,Seychelles,3,Both,34,2-4 years,1,Number,2023,4521.656739165611,4854.051602647656,4190.893660167631
1,All Population,44,Population,435,South Sudan,3,Both,157,25+ years,1,Number,2023,3593636.439074534,4161104.169043333,3025100.7689374997
1,All Population,44,Population,435,South Sudan,3,Both,158,<20 years,1,Number,2023,5269107.970458214,6101147.824697464,4435502.267211192
1,All Population,44,Population,435,South Sudan,3,Both,159,10-24 years,1,Number,2023,3583135.3331757863,4148944.843447753,3016261.00340541
1,All Population,44,Population,435,South Sudan,3,Both,162,10-19 years,1,Number,2023,2594236.5780389314,3003890.0215355414,2183812.191378048
1,All Population,44,Population,435,South Sudan,3,Both,235,95+ years,1,Number,2023,1623.3263414560909,1879.664268122338,1366.5060022153978
1,All Population,44,Population,125,Colombia,3,Both,7,10-14 years,1,Number,2023,3742325.103610511,4108596.436381464,3388805.826321082
1,All Population,44,Population,125,Colombia,3,Both,8,15-19 years,1,Number,2023,4069671.106934479,4467980.665566417,3685229.042523476
1,All Population,44,Population,125,Colombia,3,Both,9,20-24 years,1,Number,2023,4449506.762389041,4884991.84904313,4029183.468344753
1,All Population,44,Population,125,Colombia,3,Both,10,25-29 years,1,Number,2023,4694168.842421059,5153599.658975895,4250733.509919823
1,All Population,44,Population,125,Colombia,3,Both,11,30-34 years,1,Number,2023,4260007.969470128,4676946.304166743,3857585.706059251
1,All Population,44,Population,125,Colombia,3,Both,12,35-39 years,1,Number,2023,3791564.262310149,4162654.762786236,3433393.6008368502
1,All Population,44,Population,125,Colombia,3,Both,13,40-44 years,1,Number,2023,3498088.374714056,3840455.6078336397,3167640.95502559
1,All Population,44,Population,125,Colombia,3,Both,14,45-49 years,1,Number,2023,2975903.6559348255,3267163.2787841614,2694784.490549097
1,All Population,44,Population,125,Colombia,3,Both,15,50-54 years,1,Number,2023,2827280.6710615484,3103994.1662381673,2560201.1972435857
1,All Population,44,Population,125,Colombia,3,Both,16,55-59 years,1,Number,2023,2706638.497081576,2971544.421128311,2450955.5035199327
1,All Population,44,Population,125,Colombia,3,Both,17,60-64 years,1,Number,2023,2328324.911400017,2556204.2764502456,2108379.364932397
1,All Population,44,Population,125,Colombia,3,Both,18,65-69 years,1,Number,2023,1833882.38513477,2013369.3422407801,1660644.4227778444
1,All Population,44,Population,125,Colombia,3,Both,19,70-74 years,1,Number,2023,1342597.9543032157,1474001.5946827643,1215769.2461191986
1,All Population,44,Population,125,Colombia,3,Both,20,75-79 years,1,Number,2023,921058.2616444897,1011204.688721803,834050.3609455702
1,All Population,44,Population,125,Colombia,3,Both,21,80+ years,1,Number,2023,1157274.1061232784,1270539.6075149504,1047952.0418195218
1,All Population,44,Population,125,Colombia,3,Both,23,5-14 years,1,Number,2023,7549380.19421881,8288258.156121004,6836226.9121406395
1,All Population,44,Population,125,Colombia,3,Both,24,15-49 years,1,Number,2023,27738910.974173736,30453792.127156224,25118550.773258843
1,All Population,44,Population,125,Colombia,3,Both,25,50-69 years,1,Number,2023,9696126.464677911,10645112.206057504,8780180.48847376
1,All Population,44,Population,125,Colombia,3,Both,26,70+ years,1,Number,2023,3420930.3220709837,3755745.890919518,3097771.648884291
1,All Population,44,Population,125,Colombia,3,Both,28,<1 year,1,Number,2023,716795.0973740054,786949.7441163653,649082.945764358
1,All Population,44,Population,125,Colombia,3,Both,30,80-84 years,1,Number,2023,594559.316453492,652750.421507061,538394.1854082093
1,All Population,44,Population,125,Colombia,3,Both,31,85-89 years,1,Number,2023,338827.1064069488,371989.0184286668,306819.7552370866
1,All Population,44,Population,125,Colombia,3,Both,32,90-94 years,1,Number,2023,159779.23914989264,175417.25916480226,144685.67042289206
1,All Population,44,Population,125,Colombia,3,Both,34,2-4 years,1,Number,2023,2268869.1152111012,2490929.383013455,2054540.069052098
1,All Population,44,Population,10,Cambodia,3,Both,157,25+ years,1,Number,2023,9298400.474724606,10206968.015811902,8418676.070814189
1,All Population,44,Population,10,Cambodia,3,Both,158,<20 years,1,Number,2023,6515587.810567924,7152240.492056285,5899146.131339475
1,All Population,44,Population,10,Cambodia,3,Both,159,10-24 years,1,Number,2023,4523980.643077476,4966028.926540894,4095965.503769177
1,All Population,44,Population,10,Cambodia,3,Both,162,10-19 years,1,Number,2023,3146361.0465739747,3453799.0330566172,2848682.9024987454
1,All Population,44,Population,202,Cameroon,3,Both,6,5-9 years,1,Number,2023,4786140.582868374,5628032.748595868,3928694.2511956706
1,All Population,44,Population,202,Cameroon,3,Both,7,10-14 years,1,Number,2023,4306582.821707855,5064119.771548044,3535050.189395363
1,All Population,44,Population,202,Cameroon,3,Both,8,15-19 years,1,Number,2023,3703944.0194258,4355475.540127384,3040375.2927683108
1,All Population,44,Population,202,Cameroon,3,Both,9,20-24 years,1,Number,2023,3106730.315479987,3653210.6932174913,2550153.5776299206
1,All Population,44,Population,202,Cameroon,3,Both,10,25-29 years,1,Number,2023,2659622.4467238416,3127455.612699898,2183145.947320428
1,All Population,44,Population,202,Cameroon,3,Both,11,30-34 years,1,Number,2023,2330662.3612787607,2740630.758350079,1913119.6966944195
1,All Population,44,Population,202,Cameroon,3,Both,12,35-39 years,1,Number,2023,1968712.8319679212,2315013.5477750744,1616014.1248028676
1,All Population,44,Population,202,Cameroon,3,Both,13,40-44 years,1,Number,2023,1562378.1764598854,1837203.7742230177,1282475.1078191083
1,All Population,44,Population,202,Cameroon,3,Both,14,45-49 years,1,Number,2023,1206875.0208915814,1419166.8680508004,990661.0293604925
1,All Population,44,Population,202,Cameroon,3,Both,15,50-54 years,1,Number,2023,922373.4757134393,1084620.9044366044,757128.4856240122
1,All Population,44,Population,202,Cameroon,3,Both,16,55-59 years,1,Number,2023,716571.2046058655,842617.5822452878,588196.088970762
1,All Population,44,Population,202,Cameroon,3,Both,17,60-64 years,1,Number,2023,553427.2806193399,650776.2998940853,454279.7141409938
1,All Population,44,Population,202,Cameroon,3,Both,18,65-69 years,1,Number,2023,389515.3296230114,458031.8929713962,319732.90582396527
1,All Population,44,Population,202,Cameroon,3,Both,19,70-74 years,1,Number,2023,246455.09740814695,289807.06589277845,202302.19058567178
1,All Population,44,Population,202,Cameroon,3,Both,20,75-79 years,1,Number,2023,151012.76659298255,177576.22893141495,123958.53771922528
1,All Population,44,Population,202,Cameroon,3,Both,21,80+ years,1,Number,2023,133672.13464136806,157185.3434538,109724.51348177186
1,All Population,44,Population,202,Cameroon,3,Both,23,5-14 years,1,Number,2023,9092723.404576229,10692152.520143913,7463744.4405910345
1,All Population,44,Population,202,Cameroon,3,Both,24,15-49 years,1,Number,2023,16538925.172227778,19448156.794443745,13575944.776395546
1,All Population,44,Population,202,Cameroon,3,Both,25,50-69 years,1,Number,2023,2581887.290561656,3036046.679547373,2119337.194559733
1,All Population,44,Population,202,Cameroon,3,Both,26,70+ years,1,Number,2023,531139.9986424976,624568.6382779937,435985.24178666895
1,All Population,44,Population,202,Cameroon,3,Both,28,<1 year,1,Number,2023,1057241.763572527,1243212.8069676207,867834.8591637242
1,All Population,44,Population,202,Cameroon,3,Both,30,80-84 years,1,Number,2023,80728.60462025576,94928.93547204489,66265.91914451699
1,All Population,44,Population,202,Cameroon,3,Both,31,85-89 years,1,Number,2023,37511.56404541027,44109.92682795301,30791.294878814573
1,All Population,44,Population,203,Cabo Verde,3,Both,26,70+ years,1,Number,2023,21497.64804286197,23281.324912441454,19774.462773004416
1,All Population,44,Population,203,Cabo Verde,3,Both,28,<1 year,1,Number,2023,6825.084441973695,7391.367098932413,6278.0066894449465
1,All Population,44,Population,203,Cabo Verde,3,Both,30,80-84 years,1,Number,2023,3788.222845154056,4102.5346923031875,3484.570566881931
1,All Population,44,Population,203,Cabo Verde,3,Both,31,85-89 years,1,Number,2023,3435.053387928598,3720.0624857425923,3159.710085840338
1,All Population,44,Population,203,Cabo Verde,3,Both,32,90-94 years,1,Number,2023,1514.914605624352,1640.60826923131,1393.4837156823835
1,All Population,44,Population,203,Cabo Verde,3,Both,34,2-4 years,1,Number,2023,23913.846176602972,25897.996917318596,21996.985904493155
1,All Population,44,Population,16,Philippines,3,Both,157,25+ years,1,Number,2023,59727192.09750235,65159366.81399187,54491354.30614826
1,All Population,44,Population,16,Philippines,3,Both,158,<20 years,1,Number,2023,44233826.45478322,48256883.04329652,40356176.55906953
1,All Population,44,Population,16,Philippines,3,Both,159,10-24 years,1,Number,2023,33505533.398175564,36552854.140977986,30568352.99801107
1,All Population,44,Population,17,Sri Lanka,3,Both,157,25+ years,1,Number,2023,14273432.558396313,16220255.74175738,12212420.951196304
1,All Population,44,Population,17,Sri Lanka,3,Both,158,<20 years,1,Number,2023,6692458.516598494,7605275.622118905,5726101.291244161
1,All Population,44,Population,17,Sri Lanka,3,Both,159,10-24 years,1,Number,2023,5311132.348155647,6035543.630654466,4544231.648401745
1,All Population,44,Population,17,Sri Lanka,3,Both,162,10-19 years,1,Number,2023,3621941.6318010325,4115955.9418643075,3098951.544223836
1,All Population,44,Population,17,Sri Lanka,3,Both,235,95+ years,1,Number,2023,18614.592490249095,21153.527680545558,15926.739303656392
1,All Population,44,Population,18,Thailand,3,Both,1,<5 years,1,Number,2023,2644486.3705035816,3043834.723019027,2262812.0143947983
1,All Population,44,Population,18,Thailand,3,Both,6,5-9 years,1,Number,2023,3110905.557752952,3580688.659370228,2661913.6896479595
1,All Population,44,Population,18,Thailand,3,Both,7,10-14 years,1,Number,2023,3557276.478385379,4094466.806507445,3043860.6315379203
1,All Population,44,Population,18,Thailand,3,Both,8,15-19 years,1,Number,2023,3746093.4652391253,4311797.365398478,3205425.974108818
1,All Population,44,Population,18,Thailand,3,Both,9,20-24 years,1,Number,2023,3839724.4486969537,4419567.721781553,3285543.3521566507
1,All Population,44,Population,18,Thailand,3,Both,10,25-29 years,1,Number,2023,4129398.424325806,4752985.853638351,3533409.1606635973
1,All Population,44,Population,68,Republic of Korea,3,Both,157,25+ years,1,Number,2023,40985326.49949784,44544842.57092856,37207275.13177209
1,All Population,44,Population,68,Republic of Korea,3,Both,158,<20 years,1,Number,2023,7953795.896588012,8644571.516568292,7220610.338920585
1,All Population,44,Population,68,Republic of Korea,3,Both,159,10-24 years,1,Number,2023,7362889.258671915,8002345.49549678,6684173.820489922
1,All Population,44,Population,68,Republic of Korea,3,Both,162,10-19 years,1,Number,2023,4603228.8075666595,5003012.542880009,4178900.4838043754
1,All Population,44,Population,68,Republic of Korea,3,Both,235,95+ years,1,Number,2023,59957.87103003497,65165.12503453328,54430.91941105192
1,All Population,44,Population,69,Singapore,3,Both,1,<5 years,1,Number,2023,251740.5846674753,273958.846240576,229944.46982067675
1,All Population,44,Population,69,Singapore,3,Both,6,5-9 years,1,Number,2023,290481.61574211007,316119.1049425909,265331.23855536536
1,All Population,44,Population,69,Singapore,3,Both,7,10-14 years,1,Number,2023,260403.38811304097,283386.2162464528,237857.23346219488
1,All Population,44,Population,69,Singapore,3,Both,8,15-19 years,1,Number,2023,215035.27515351682,234013.97895336463,196417.1665177958
1,All Population,44,Population,69,Singapore,3,Both,9,20-24 years,1,Number,2023,254742.41550804122,277225.61434940953,232686.39719816748
1,All Population,44,Population,69,Singapore,3,Both,10,25-29 years,1,Number,2023,300973.2657420873,327536.73286679044,274914.50420152856
1,All Population,44,Population,69,Singapore,3,Both,11,30-34 years,1,Number,2023,493169.5521306908,536695.9867880275,450470.11925464735
1,All Population,44,Population,69,Singapore,3,Both,12,35-39 years,1,Number,2023,452501.59646662796,492438.73590650526,413323.26223826304
1,All Population,44,Population,69,Singapore,3,Both,13,40-44 years,1,Number,2023,682196.2466380213,742405.9052117958,623130.5709170483
1,All Population,44,Population,69,Singapore,3,Both,14,45-49 years,1,Number,2023,429700.48345301475,467625.2294849579,392496.3071798957
1,All Population,44,Population,69,Singapore,3,Both,15,50-54 years,1,Number,2023,436138.44400147867,474631.39516272995,398376.85849027894
1,All Population,44,Population,71,Australia,3,Both,157,25+ years,1,Number,2023,18880581.575275652,20360843.816356424,17288103.211840846
1,All Population,44,Population,71,Australia,3,Both,158,<20 years,1,Number,2023,6443723.829122726,6948920.188576687,5900229.406722901
1,All Population,44,Population,71,Australia,3,Both,159,10-24 years,1,Number,2023,4914171.594745736,5299449.062438763,4499686.908051214
1,All Population,44,Population,71,Australia,3,Both,162,10-19 years,1,Number,2023,3288557.259425586,3546384.4412500267,3011184.644515801
1,All Population,44,Population,71,Australia,3,Both,235,95+ years,1,Number,2023,60990.03496895209,65771.7333232528,55845.844325991435
1,All Population,44,Population,72,New Zealand,3,Both,1,<5 years,1,Number,2023,298054.2996019968,319101.8651174466,277571.2344892359
1,All Population,44,Population,72,New Zealand,3,Both,6,5-9 years,1,Number,2023,322088.0384060636,344832.7835721183,299953.31237955607
1,All Population,44,Population,72,New Zealand,3,Both,7,10-14 years,1,Number,2023,346722.8570074897,371207.22800402937,322895.1623033692
1,All Population,44,Population,72,New Zealand,3,Both,8,15-19 years,1,Number,2023,330444.4763108018,353779.32426856464,307735.4741811074
1,All Population,44,Population,72,New Zealand,3,Both,9,20-24 years,1,Number,2023,321525.6548394771,344230.6864198585,299429.5772714152
1,All Population,44,Population,72,New Zealand,3,Both,10,25-29 years,1,Number,2023,345562.8468115245,369965.30189331045,321814.871019049
1,All Population,44,Population,72,New Zealand,3,Both,11,30-34 years,1,Number,2023,384732.4484198221,411900.92552231235,358292.63593431783
1,All Population,44,Population,72,New Zealand,3,Both,12,35-39 years,1,Number,2023,355500.7583081887,380604.9943862298,331069.8234423402
1,All Population,44,Population,72,New Zealand,3,Both,13,40-44 years,1,Number,2023,324431.1900964629,347341.40054445504,302135.4366037936
1,All Population,44,Population,74,Andorra,3,Both,6,5-9 years,1,Number,2023,3531.0384250922802,3581.9109730843875,3480.526581092762
1,All Population,44,Population,75,Austria,3,Both,6,5-9 years,1,Number,2023,444593.214261681,451162.6909175285,438707.1389918008
1,All Population,44,Population,75,Austria,3,Both,7,10-14 years,1,Number,2023,432555.56004355574,438947.16379032505,426828.85413993616
1,All Population,44,Population,75,Austria,3,Both,8,15-19 years,1,Number,2023,442198.2759058259,448732.36405119614,436343.9077942582
1,All Population,44,Population,75,Austria,3,Both,9,20-24 years,1,Number,2023,495831.2551562057,503157.84438766213,489266.8272805907
1,All Population,44,Population,75,Austria,3,Both,10,25-29 years,1,Number,2023,587461.4674127393,596142.0191453764,579683.9253711047
1,All Population,44,Population,75,Austria,3,Both,11,30-34 years,1,Number,2023,631618.5775444423,640951.6113548403,623256.4290230008
1,All Population,44,Population,75,Austria,3,Both,12,35-39 years,1,Number,2023,619640.0516760012,628796.0862800688,611436.4897065405
1,All Population,44,Population,75,Austria,3,Both,13,40-44 years,1,Number,2023,604797.2836720695,613733.9959500601,596790.2286372222
1,All Population,44,Population,75,Austria,3,Both,14,45-49 years,1,Number,2023,583329.8848298172,591949.3867432948,575607.0417923211
1,All Population,44,Population,75,Austria,3,Both,15,50-54 years,1,Number,2023,671658.6896520738,681583.3712280036,662766.4405665213
1,All Population,44,Population,75,Austria,3,Both,16,55-59 years,1,Number,2023,710450.4054521454,720948.288019935,701044.5836180161
1,All Population,44,Population,75,Austria,3,Both,17,60-64 years,1,Number,2023,629266.4245248226,638564.7020369739,620935.4167164546
1,All Population,44,Population,75,Austria,3,Both,18,65-69 years,1,Number,2023,498941.0420009582,506313.5826131959,492335.4429179241
1,All Population,44,Population,75,Austria,3,Both,19,70-74 years,1,Number,2023,413288.45143042837,419395.3571291858,407816.82735867647
1,All Population,44,Population,75,Austria,3,Both,20,75-79 years,1,Number,2023,333544.84335547837,338473.4274899461,329128.9638708329
1,All Population,44,Population,75,Austria,3,Both,21,80+ years,1,Number,2023,534153.8620417094,542046.7205351554,527082.0720619725
1,All Population,44,Population,75,Austria,3,Both,23,5-14 years,1,Number,2023,877148.7743052368,890109.8547078536,865535.9931317369
1,All Population,44,Population,75,Austria,3,Both,24,15-49 years,1,Number,2023,3964876.796197101,4023463.3079124982,3912384.849605038
1,All Population,44,Population,75,Austria,3,Both,25,50-69 years,1,Number,2023,2510316.56163,2547409.9438981093,2477081.883818916
1,All Population,44,Population,75,Austria,3,Both,26,70+ years,1,Number,2023,1280987.156827616,1299915.5051542867,1264027.8632914822
1,All Population,44,Population,75,Austria,3,Both,28,<1 year,1,Number,2023,82562.22011233351,83782.1905488676,81469.15925031238
1,All Population,44,Population,75,Austria,3,Both,30,80-84 years,1,Number,2023,311458.6333037979,316060.8632864335,307335.15840523335
1,All Population,44,Population,75,Austria,3,Both,31,85-89 years,1,Number,2023,139934.32667752064,142002.04895255883,138081.70285591838
1,All Population,44,Population,75,Austria,3,Both,32,90-94 years,1,Number,2023,65170.482368072444,66133.46594234573,64307.674857098835
1,All Population,44,Population,75,Austria,3,Both,34,2-4 years,1,Number,2023,262229.5423065342,266104.34471330774,258757.82304836754
1,All Population,44,Population,140,Bahrain,3,Both,157,25+ years,1,Number,2023,1051821.8866613635,1144280.6863905138,958521.7911096137
1,All Population,44,Population,140,Bahrain,3,Both,158,<20 years,1,Number,2023,393073.92835839477,427626.4928959116,358206.9651017658
1,All Population,44,Population,140,Bahrain,3,Both,159,10-24 years,1,Number,2023,326946.19393794227,355685.9007750644,297944.98040404683
1,All Population,44,Population,140,Bahrain,3,Both,162,10-19 years,1,Number,2023,205698.04090349385,223779.61365811923,187451.9413361794
1,All Population,44,Population,140,Bahrain,3,Both,235,95+ years,1,Number,2023,58.14122995874936,63.252046157702665,52.983909713335954
1,All Population,44,Population,141,Egypt,3,Both,1,<5 years,1,Number,2023,12489621.995085983,13735603.229435544,11237356.619262414
1,All Population,44,Population,130,Mexico,3,Both,1,<5 years,1,Number,2023,9191611.840562576,10019652.668980243,8388367.744488657
1,All Population,44,Population,130,Mexico,3,Both,6,5-9 years,1,Number,2023,10397218.537531374,11333868.343941178,9488617.896998754
1,All Population,44,Population,130,Mexico,3,Both,7,10-14 years,1,Number,2023,11331709.764509967,12352544.6848213,10341445.040036058
1,All Population,44,Population,130,Mexico,3,Both,8,15-19 years,1,Number,2023,11126792.663445964,12129167.303986432,10154435.40226243
1,All Population,44,Population,130,Mexico,3,Both,9,20-24 years,1,Number,2023,10975933.498994458,11964717.754119001,10016759.641906556
1,All Population,44,Population,130,Mexico,3,Both,10,25-29 years,1,Number,2023,10502302.829352811,11448419.319687355,9584518.996746829
1,All Population,44,Population,130,Mexico,3,Both,11,30-34 years,1,Number,2023,10091119.24016782,11000193.609302476,9209268.25548279
1,All Population,44,Population,130,Mexico,3,Both,12,35-39 years,1,Number,2023,9665421.898676384,10536146.65237708,8820772.101573968
1,All Population,44,Population,130,Mexico,3,Both,13,40-44 years,1,Number,2023,9038409.082696524,9852648.399394618,8248553.194577067
1,All Population,44,Population,130,Mexico,3,Both,14,45-49 years,1,Number,2023,8471792.893957667,9234987.698936101,7731452.924943488
1,All Population,44,Population,130,Mexico,3,Both,15,50-54 years,1,Number,2023,7579627.619136452,8262450.310272096,6917252.919125456
1,All Population,44,Population,130,Mexico,3,Both,16,55-59 years,1,Number,2023,6536345.882382693,7125182.895210827,5965142.340393302
1,All Population,44,Population,130,Mexico,3,Both,17,60-64 years,1,Number,2023,5303279.852727068,5781034.170332594,4839832.493828364
1,All Population,44,Population,130,Mexico,3,Both,18,65-69 years,1,Number,2023,4170380.4572893134,4546075.748666994,3805935.837694209
1,All Population,44,Population,130,Mexico,3,Both,19,70-74 years,1,Number,2023,3017879.7397895125,3289750.188971498,2754150.7958681113
1,All Population,44,Population,130,Mexico,3,Both,20,75-79 years,1,Number,2023,2092111.643667455,2280582.815929079,1909284.4795908078
1,All Population,44,Population,130,Mexico,3,Both,21,80+ years,1,Number,2023,2424241.923983809,2642633.575615775,2212390.28722282
1,All Population,44,Population,130,Mexico,3,Both,23,5-14 years,1,Number,2023,21728928.30204134,23686413.02876248,19830062.93703481
1,All Population,44,Population,131,Nicaragua,3,Both,20,75-79 years,1,Number,2023,71800.99545783669,84935.94238017547,59540.98249968862
1,All Population,44,Population,131,Nicaragua,3,Both,21,80+ years,1,Number,2023,74692.61015217836,88356.53589003146,61938.85426753537
1,All Population,44,Population,131,Nicaragua,3,Both,23,5-14 years,1,Number,2023,1336828.5058631266,1581381.820992202,1108565.1691197245
1,All Population,44,Population,131,Nicaragua,3,Both,24,15-49 years,1,Number,2023,3692745.501820614,4368279.5366182495,3062209.568233883
1,All Population,44,Population,131,Nicaragua,3,Both,25,50-69 years,1,Number,2023,893993.5628994285,1057536.671497304,741344.249393961
1,All Population,44,Population,131,Nicaragua,3,Both,26,70+ years,1,Number,2023,253363.54538236096,299712.7178336973,210101.74476660005
1,All Population,44,Population,131,Nicaragua,3,Both,28,<1 year,1,Number,2023,123313.25685243984,145871.6221404067,102257.53029485843
1,All Population,44,Population,131,Nicaragua,3,Both,30,80-84 years,1,Number,2023,44339.01485875871,52450.192190562986,36768.132404362725
1,All Population,44,Population,131,Nicaragua,3,Both,31,85-89 years,1,Number,2023,22682.452671320545,26831.877202366366,18809.426094185277
1,All Population,44,Population,131,Nicaragua,3,Both,32,90-94 years,1,Number,2023,6867.0929271064515,8123.327614845263,5694.537480844277
1,All Population,44,Population,131,Nicaragua,3,Both,34,2-4 years,1,Number,2023,386002.81368265266,456616.40945894487,320092.8709659125
1,All Population,44,Population,10,Cambodia,3,Both,235,95+ years,1,Number,2023,4737.862888628883,5200.810085453916,4289.612287158443
1,All Population,44,Population,11,Indonesia,3,Both,1,<5 years,1,Number,2023,21804804.678087357,23686387.854537565,20035884.033950206
1,All Population,44,Population,11,Indonesia,3,Both,6,5-9 years,1,Number,2023,22494989.933386244,24436130.669932805,20670077.824780516
1,All Population,44,Population,11,Indonesia,3,Both,7,10-14 years,1,Number,2023,22683233.19158142,24640617.841014586,20843049.798024643
1,All Population,44,Population,11,Indonesia,3,Both,8,15-19 years,1,Number,2023,22955611.049818788,24936499.766509745,21093330.929253668
1,All Population,44,Population,11,Indonesia,3,Both,9,20-24 years,1,Number,2023,23719654.070509315,25766473.691651817,21795390.75439342
1,All Population,44,Population,11,Indonesia,3,Both,10,25-29 years,1,Number,2023,24067193.454853103,26144002.99190585,22114735.912708007
1,All Population,44,Population,11,Indonesia,3,Both,11,30-34 years,1,Number,2023,23338508.55941152,25352438.320174683,21445165.775396448
1,All Population,44,Population,11,Indonesia,3,Both,12,35-39 years,1,Number,2023,22219900.287161916,24137302.950472187,20417304.900094338
1,All Population,44,Population,11,Indonesia,3,Both,13,40-44 years,1,Number,2023,21284273.764070112,23120939.2159593,19557581.330334768
1,All Population,44,Population,11,Indonesia,3,Both,14,45-49 years,1,Number,2023,19597630.488593757,21288751.88912997,18007767.444221552
1,All Population,44,Population,11,Indonesia,3,Both,15,50-54 years,1,Number,2023,17271070.9930917,18761428.604620147,15869950.713544294
1,All Population,44,Population,12,Lao People's Democratic Republic,3,Both,12,35-39 years,1,Number,2023,566107.2882485929,632824.8370220718,496721.47627369495
1,All Population,44,Population,12,Lao People's Democratic Republic,3,Both,13,40-44 years,1,Number,2023,462331.095595823,516818.28920772584,405664.772559414
1,All Population,44,Population,12,Lao People's Democratic Republic,3,Both,14,45-49 years,1,Number,2023,381488.5599069807,426448.20294719114,334730.8268098285
1,All Population,44,Population,12,Lao People's Democratic Republic,3,Both,15,50-54 years,1,Number,2023,320772.9538782504,358577.06917553884,281456.92257738643
1,All Population,44,Population,12,Lao People's Democratic Republic,3,Both,16,55-59 years,1,Number,2023,261494.97831050848,292312.9951981308,229444.44341355196
1,All Population,44,Population,12,Lao People's Democratic Republic,3,Both,17,60-64 years,1,Number,2023,207576.38425300288,232039.92292862703,182134.4649080547
1,All Population,44,Population,12,Lao People's Democratic Republic,3,Both,18,65-69 years,1,Number,2023,147289.61747125376,164648.16847643044,129236.8385795832
1,All Population,44,Population,12,Lao People's Democratic Republic,3,Both,19,70-74 years,1,Number,2023,97847.54306157106,109379.18796720734,85854.70819438496
1,All Population,44,Population,12,Lao People's Democratic Republic,3,Both,20,75-79 years,1,Number,2023,56023.54088855974,62626.09379555241,49156.92928515177
1,All Population,44,Population,12,Lao People's Democratic Republic,3,Both,21,80+ years,1,Number,2023,65305.5247937992,73001.98909668355,57301.25253246987
1,All Population,44,Population,12,Lao People's Democratic Republic,3,Both,23,5-14 years,1,Number,2023,1477841.3247871469,1652009.6365412471,1296707.4259326484
1,All Population,44,Population,12,Lao People's Democratic Republic,3,Both,24,15-49 years,1,Number,2023,4084118.127591516,4565444.469842355,3583541.8969603037
1,All Population,44,Population,12,Lao People's Democratic Republic,3,Both,25,50-69 years,1,Number,2023,937133.9339130155,1047578.1557787269,822272.6694785764
1,All Population,44,Population,12,Lao People's Democratic Republic,3,Both,26,70+ years,1,Number,2023,219176.60874393,245007.27085944326,192312.89001200662
1,All Population,44,Population,12,Lao People's Democratic Republic,3,Both,28,<1 year,1,Number,2023,163123.00921786032,182347.575920118,143129.5862725621
1,All Population,44,Population,12,Lao People's Democratic Republic,3,Both,30,80-84 years,1,Number,2023,36156.33102175245,40417.4699056499,31724.774604701284
1,All Population,44,Population,135,Brazil,3,Both,1,<5 years,1,Number,2023,14859303.73573342,15990129.254383845,13790955.955430409
1,All Population,44,Population,136,Paraguay,3,Both,6,5-9 years,1,Number,2023,567266.6435379096,609830.0067444203,523293.80793703004
1,All Population,44,Population,136,Paraguay,3,Both,7,10-14 years,1,Number,2023,574149.01880981,617228.7829747738,529642.6817950499
1,All Population,44,Population,136,Paraguay,3,Both,8,15-19 years,1,Number,2023,560521.5471874096,602578.8097989007,517071.5715436797
1,All Population,44,Population,136,Paraguay,3,Both,9,20-24 years,1,Number,2023,540761.0022422186,581335.5842462,498842.8057082904
1,All Population,44,Population,136,Paraguay,3,Both,10,25-29 years,1,Number,2023,527787.0743985041,567388.1917905299,486874.5784511841
1,All Population,44,Population,136,Paraguay,3,Both,11,30-34 years,1,Number,2023,510845.91426154383,549175.8961826877,471246.64703668945
1,All Population,44,Population,136,Paraguay,3,Both,12,35-39 years,1,Number,2023,475756.89368963265,511454.0630804147,438877.6237545563
1,All Population,44,Population,136,Paraguay,3,Both,13,40-44 years,1,Number,2023,416909.4995674004,448191.20924745494,384591.9059035362
1,All Population,44,Population,136,Paraguay,3,Both,14,45-49 years,1,Number,2023,345365.52840227634,371279.1240487869,318593.8121809096
1,All Population,44,Population,136,Paraguay,3,Both,15,50-54 years,1,Number,2023,296468.34944961837,318713.07365578535,273486.99819316826
1,All Population,44,Population,136,Paraguay,3,Both,16,55-59 years,1,Number,2023,265087.12951473036,284977.2462762896,244538.35778833274
1,All Population,44,Population,136,Paraguay,3,Both,17,60-64 years,1,Number,2023,227841.74468004404,244937.25178044295,210180.1252353541
1,All Population,44,Population,136,Paraguay,3,Both,18,65-69 years,1,Number,2023,176737.9275902883,189998.99395138258,163037.72518477082
1,All Population,44,Population,136,Paraguay,3,Both,19,70-74 years,1,Number,2023,126571.9344163337,136068.9271933346,116760.45170854992
1,All Population,44,Population,197,Eswatini,3,Both,235,95+ years,1,Number,2023,619.2052919255223,684.5944340480116,552.9828043648718
1,All Population,44,Population,198,Zimbabwe,3,Both,235,95+ years,1,Number,2023,12300.237253682095,13222.624403219475,11450.73335882967
1,All Population,44,Population,15,Myanmar,3,Both,1,<5 years,1,Number,2023,5348170.898926007,5979262.776132344,4724545.675235585
1,All Population,44,Population,15,Myanmar,3,Both,6,5-9 years,1,Number,2023,5324458.920372308,5952752.749920757,4703598.639726745
1,All Population,44,Population,15,Myanmar,3,Both,7,10-14 years,1,Number,2023,5256083.953767981,5876309.4386722995,4643196.558553587
1,All Population,44,Population,15,Myanmar,3,Both,8,15-19 years,1,Number,2023,5157801.048716292,5766429.009117641,4556373.963915709
1,All Population,44,Population,15,Myanmar,3,Both,9,20-24 years,1,Number,2023,5001602.088204394,5591798.34605358,4418388.634480746
1,All Population,44,Population,15,Myanmar,3,Both,10,25-29 years,1,Number,2023,4577851.598247238,5118044.687306911,4044049.709539497
1,All Population,44,Population,15,Myanmar,3,Both,11,30-34 years,1,Number,2023,4141705.5888221106,4630432.819922863,3658760.6487477883
1,All Population,44,Population,15,Myanmar,3,Both,12,35-39 years,1,Number,2023,3893690.1861345363,4353151.242123042,3439665.1635241024
1,All Population,44,Population,15,Myanmar,3,Both,13,40-44 years,1,Number,2023,3670894.3552793814,4104065.1819941066,3242848.5136787095
1,All Population,44,Population,15,Myanmar,3,Both,14,45-49 years,1,Number,2023,3332000.38689118,3725181.2367098858,2943471.3877470316
1,All Population,44,Population,15,Myanmar,3,Both,15,50-54 years,1,Number,2023,3030694.3898932207,3388320.6976352776,2677299.275459984
1,All Population,44,Population,15,Myanmar,3,Both,16,55-59 years,1,Number,2023,2638809.8412307417,2950193.2072012066,2331110.5532658654
1,All Population,44,Population,15,Myanmar,3,Both,17,60-64 years,1,Number,2023,2142893.1064609345,2395757.582702807,1893020.3521834444
1,All Population,44,Population,15,Myanmar,3,Both,18,65-69 years,1,Number,2023,1634789.080337906,1827696.5488995505,1444163.962857626
1,All Population,44,Population,15,Myanmar,3,Both,19,70-74 years,1,Number,2023,1101771.0917845368,1231781.6691775683,973298.71187092
1,All Population,44,Population,15,Myanmar,3,Both,20,75-79 years,1,Number,2023,641908.587463626,717654.7263049708,567058.6258578377
1,All Population,44,Population,15,Myanmar,3,Both,21,80+ years,1,Number,2023,616508.2750809955,689257.1404383531,544620.1252405351
1,All Population,44,Population,15,Myanmar,3,Both,23,5-14 years,1,Number,2023,10580542.87414029,11829062.188593056,9346795.198280333
1,All Population,44,Population,15,Myanmar,3,Both,24,15-49 years,1,Number,2023,29775545.252295133,33289102.52322804,26303558.021633588
1,All Population,44,Population,15,Myanmar,3,Both,25,50-69 years,1,Number,2023,9447186.417922802,10561968.036438841,8345594.14376692
1,All Population,44,Population,15,Myanmar,3,Both,26,70+ years,1,Number,2023,2360187.954329158,2638693.5359208914,2084977.462969293
1,All Population,44,Population,15,Myanmar,3,Both,28,<1 year,1,Number,2023,1067460.541494459,1193422.4244834103,942988.9545629603
1,All Population,44,Population,15,Myanmar,3,Both,30,80-84 years,1,Number,2023,357852.36042937747,400079.4549209626,316124.8684440838
1,All Population,44,Population,15,Myanmar,3,Both,31,85-89 years,1,Number,2023,176404.0253425635,197219.95467693626,155834.37604690646
1,All Population,44,Population,15,Myanmar,3,Both,32,90-94 years,1,Number,2023,64318.89237365166,71908.61441040848,56818.96680992416
1,All Population,44,Population,15,Myanmar,3,Both,34,2-4 years,1,Number,2023,3214576.432590232,3593901.0864964887,2839739.6921923873
1,All Population,44,Population,195,Namibia,3,Both,157,25+ years,1,Number,2023,1380048.6965230631,1476427.0898809542,1289227.0449281924
1,All Population,44,Population,195,Namibia,3,Both,158,<20 years,1,Number,2023,1359160.867147854,1454080.518186732,1269713.8533950148
1,All Population,44,Population,195,Namibia,3,Both,159,10-24 years,1,Number,2023,903442.209807408,966535.8592505859,843986.2545052841
1,All Population,44,Population,195,Namibia,3,Both,162,10-19 years,1,Number,2023,631493.7756743444,675595.3756166799,589934.8742941805
1,All Population,44,Population,195,Namibia,3,Both,235,95+ years,1,Number,2023,1460.9897562846766,1563.0208264764817,1364.8413356070107
1,All Population,44,Population,196,South Africa,3,Both,1,<5 years,1,Number,2023,5225580.757914185,5613654.842536533,4861016.915762115
1,All Population,44,Population,196,South Africa,3,Both,6,5-9 years,1,Number,2023,5257017.368054434,5647426.070448277,4890260.343573376
1,All Population,44,Population,196,South Africa,3,Both,7,10-14 years,1,Number,2023,5610398.8243254395,6027051.152359778,5218988.061358312
1,All Population,44,Population,197,Eswatini,3,Both,6,5-9 years,1,Number,2023,131655.3549113319,145558.38646765676,117575.13754788379
1,All Population,44,Population,197,Eswatini,3,Both,7,10-14 years,1,Number,2023,130358.18100619935,144124.2287706439,116416.6932109846
1,All Population,44,Population,197,Eswatini,3,Both,8,15-19 years,1,Number,2023,121928.3082040796,134804.14692489957,108888.37463337781
1,All Population,44,Population,197,Eswatini,3,Both,9,20-24 years,1,Number,2023,111351.4180078736,123110.31896140962,99442.6569070816
1,All Population,44,Population,197,Eswatini,3,Both,10,25-29 years,1,Number,2023,102363.24354394965,113172.97783966268,91415.74566133725
1,All Population,44,Population,197,Eswatini,3,Both,11,30-34 years,1,Number,2023,93671.83253937267,103563.73890816998,83653.85975068394
1,All Population,44,Population,197,Eswatini,3,Both,12,35-39 years,1,Number,2023,83439.41389096035,92250.75927944496,74515.77318485554
1,All Population,44,Population,197,Eswatini,3,Both,13,40-44 years,1,Number,2023,68015.65686684134,75198.22702800737,60741.54915243952
1,All Population,44,Population,197,Eswatini,3,Both,14,45-49 years,1,Number,2023,51155.923620925656,56558.07699990269,45684.92303385735
1,All Population,44,Population,197,Eswatini,3,Both,15,50-54 years,1,Number,2023,40164.22857528764,44405.64008258065,35868.76281959441
1,All Population,44,Population,141,Egypt,3,Both,6,5-9 years,1,Number,2023,12592993.85981754,13849287.60832213,11330363.958383143
1,All Population,44,Population,141,Egypt,3,Both,7,10-14 years,1,Number,2023,12327741.14345143,13557572.929609805,11091706.666016184
1,All Population,44,Population,141,Egypt,3,Both,8,15-19 years,1,Number,2023,10166526.364008404,11180752.50096103,9147184.948947623
1,All Population,44,Population,141,Egypt,3,Both,9,20-24 years,1,Number,2023,9288136.29603484,10214733.076265164,8356866.198826864
1,All Population,44,Population,141,Egypt,3,Both,10,25-29 years,1,Number,2023,8405845.256027391,9244423.51339797,7563037.605580047
1,All Population,44,Population,141,Egypt,3,Both,11,30-34 years,1,Number,2023,7902675.632057101,8691057.021227153,7110318.019129872
1,All Population,44,Population,141,Egypt,3,Both,12,35-39 years,1,Number,2023,7798414.354892616,8576394.500945194,7016510.44404569
1,All Population,44,Population,141,Egypt,3,Both,13,40-44 years,1,Number,2023,6835574.0878185425,7517500.013421338,6150208.849589569
1,All Population,44,Population,141,Egypt,3,Both,14,45-49 years,1,Number,2023,5401286.129024268,5940125.587957829,4859729.018092135
1,All Population,44,Population,141,Egypt,3,Both,15,50-54 years,1,Number,2023,4433520.78774031,4875814.694297015,3988996.1593996263
1,All Population,44,Population,141,Egypt,3,Both,16,55-59 years,1,Number,2023,3938229.483485955,4331112.473452849,3543364.977085572
1,All Population,44,Population,141,Egypt,3,Both,17,60-64 years,1,Number,2023,3166390.9909981634,3482274.3505545612,2848914.464814524
1,All Population,44,Population,141,Egypt,3,Both,18,65-69 years,1,Number,2023,2312875.0943377917,2543610.5774511476,2080975.890311966
1,All Population,44,Population,141,Egypt,3,Both,19,70-74 years,1,Number,2023,1450663.435165192,1595383.541048626,1305213.4293487319
1,All Population,44,Population,141,Egypt,3,Both,20,75-79 years,1,Number,2023,725438.2470355086,797808.92749656,652702.5630077505
1,All Population,44,Population,141,Egypt,3,Both,21,80+ years,1,Number,2023,545903.448015036,600363.499108742,491168.7261186569
1,All Population,44,Population,141,Egypt,3,Both,23,5-14 years,1,Number,2023,24920735.003268972,27406860.537931934,22422070.624399327
1,All Population,44,Population,141,Egypt,3,Both,24,15-49 years,1,Number,2023,55798458.11986317,61364986.214175664,50203855.08421182
1,All Population,44,Population,141,Egypt,3,Both,25,50-69 years,1,Number,2023,13851016.35656222,15232812.095755573,12462251.491611686
1,All Population,44,Population,141,Egypt,3,Both,26,70+ years,1,Number,2023,2722005.1302157366,2993555.967653928,2449084.71847514
1,All Population,44,Population,141,Egypt,3,Both,28,<1 year,1,Number,2023,2572796.810356512,2829462.4281598288,2314836.692275565
1,All Population,44,Population,142,Iran (Islamic Republic of),3,Both,24,15-49 years,1,Number,2023,48676232.50966334,54182285.449557915,43404326.69606633
1,All Population,44,Population,142,Iran (Islamic Republic of),3,Both,25,50-69 years,1,Number,2023,15288967.15645713,17018391.522713296,13633087.26024662
1,All Population,44,Population,142,Iran (Islamic Republic of),3,Both,26,70+ years,1,Number,2023,3839392.244377266,4273688.324098824,3423564.7809474813
1,All Population,44,Population,142,Iran (Islamic Republic of),3,Both,28,<1 year,1,Number,2023,998666.8656733776,1111631.9073007174,890505.7080910817
1,All Population,44,Population,142,Iran (Islamic Republic of),3,Both,30,80-84 years,1,Number,2023,591403.2210628968,658300.2933322024,527350.9738253455
1,All Population,44,Population,142,Iran (Islamic Republic of),3,Both,31,85-89 years,1,Number,2023,298653.2599026062,332435.6743359621,266307.4562947021
1,All Population,44,Population,142,Iran (Islamic Republic of),3,Both,32,90-94 years,1,Number,2023,100810.50228813522,112213.76695915592,89892.1660553763
1,All Population,44,Population,142,Iran (Islamic Republic of),3,Both,34,2-4 years,1,Number,2023,3552528.5855701333,3954375.841492307,3167770.0465949015
1,All Population,44,Population,11,Indonesia,3,Both,157,25+ years,1,Number,2023,173808803.75731894,188807136.73469982,159708517.8048344
1,All Population,44,Population,205,Côte d'Ivoire,3,Both,157,25+ years,1,Number,2023,13538991.064018676,14637810.051633509,12415422.351011086
1,All Population,44,Population,205,Côte d'Ivoire,3,Both,158,<20 years,1,Number,2023,16893952.021471873,18265058.270768497,15491963.066709757
1,All Population,44,Population,205,Côte d'Ivoire,3,Both,159,10-24 years,1,Number,2023,11085556.971140588,11985256.249364324,10165592.92654215
1,All Population,44,Population,205,Côte d'Ivoire,3,Both,162,10-19 years,1,Number,2023,7682438.226249488,8305941.776422841,7044890.923809261
1,All Population,44,Population,205,Côte d'Ivoire,3,Both,235,95+ years,1,Number,2023,5404.102447852156,5842.697196355754,4955.628820564588
1,All Population,44,Population,12,Lao People's Democratic Republic,3,Both,31,85-89 years,1,Number,2023,18636.64919539013,20833.03772010676,16352.419573626934
1,All Population,44,Population,12,Lao People's Democratic Republic,3,Both,32,90-94 years,1,Number,2023,7985.047602223462,8926.110919934985,7006.347940446295
1,All Population,44,Population,12,Lao People's Democratic Republic,3,Both,34,2-4 years,1,Number,2023,478840.88231198856,535273.8069246055,420151.011830399
1,All Population,44,Population,128,Guatemala,3,Both,157,25+ years,1,Number,2023,7986233.151663071,8756484.996429238,7191094.380589132
1,All Population,44,Population,128,Guatemala,3,Both,158,<20 years,1,Number,2023,6837606.292625237,7497076.0026452355,6156829.039900867
1,All Population,44,Population,128,Guatemala,3,Both,159,10-24 years,1,Number,2023,4971881.757611993,5451407.088645237,4476862.907598919
1,All Population,44,Population,128,Guatemala,3,Both,162,10-19 years,1,Number,2023,3323076.4185259566,3643578.674478195,2992218.697566323
1,All Population,44,Population,128,Guatemala,3,Both,235,95+ years,1,Number,2023,3607.238451510374,3955.1474117200714,3248.088512504733
1,All Population,44,Population,129,Honduras,3,Both,1,<5 years,1,Number,2023,1209887.9777596863,1368749.24268382,1057590.4728303323
1,All Population,44,Population,136,Paraguay,3,Both,20,75-79 years,1,Number,2023,81822.66742565349,87962.01644579535,75480.01579238634
1,All Population,44,Population,136,Paraguay,3,Both,21,80+ years,1,Number,2023,85093.47011622146,91478.23522856856,78497.27551399311
1,All Population,44,Population,136,Paraguay,3,Both,23,5-14 years,1,Number,2023,1141415.6623477198,1227058.7897191942,1052936.48973208
1,All Population,44,Population,136,Paraguay,3,Both,24,15-49 years,1,Number,2023,3377947.4597489857,3631402.878394976,3116098.9445788465
1,All Population,44,Population,136,Paraguay,3,Both,25,50-69 years,1,Number,2023,966135.1512346811,1038626.5656639006,891243.206401626
1,All Population,44,Population,136,Paraguay,3,Both,26,70+ years,1,Number,2023,293488.07195820863,315509.1788676985,270737.7430149294
1,All Population,44,Population,136,Paraguay,3,Both,28,<1 year,1,Number,2023,106592.8896821081,114590.80729361293,98330.12354274707
1,All Population,44,Population,136,Paraguay,3,Both,30,80-84 years,1,Number,2023,50488.90046057414,54277.20254510728,46575.14994322396
1,All Population,44,Population,136,Paraguay,3,Both,31,85-89 years,1,Number,2023,24351.168508520903,26178.294502157536,22463.537811894294
1,All Population,44,Population,136,Paraguay,3,Both,32,90-94 years,1,Number,2023,7686.233625423973,8262.949984857072,7090.419485017648
1,All Population,44,Population,136,Paraguay,3,Both,34,2-4 years,1,Number,2023,328693.34317341004,353355.9851750583,303214.005533664
1,All Population,44,Population,77,Cyprus,3,Both,157,25+ years,1,Number,2023,995426.1654091049,1135861.0989042644,859948.7701112127
1,All Population,44,Population,78,Denmark,3,Both,157,25+ years,1,Number,2023,4250704.684638665,4316784.4008052945,4182934.6269901753
1,All Population,44,Population,78,Denmark,3,Both,158,<20 years,1,Number,2023,1286013.7067602295,1306005.5497683333,1265510.4656485037
1,All Population,44,Population,78,Denmark,3,Both,159,10-24 years,1,Number,2023,1047211.6452751979,1063491.1691236196,1030515.6857024375
1,All Population,44,Population,78,Denmark,3,Both,162,10-19 years,1,Number,2023,674826.467603077,685317.0438132023,664067.5389065107
1,All Population,44,Population,69,Singapore,3,Both,16,55-59 years,1,Number,2023,409877.5844991946,446052.7900084013,374389.7074980609
1,All Population,44,Population,69,Singapore,3,Both,17,60-64 years,1,Number,2023,362844.7799226239,394868.9378127941,331429.08068127447
1,All Population,44,Population,69,Singapore,3,Both,18,65-69 years,1,Number,2023,305393.5280561485,332347.12116886134,278952.05291707517
1,All Population,44,Population,69,Singapore,3,Both,19,70-74 years,1,Number,2023,232870.34026245688,253423.14123176638,212708.04228623645
1,All Population,44,Population,69,Singapore,3,Both,20,75-79 years,1,Number,2023,142603.228942799,155189.1846241406,130256.4062814185
1,All Population,44,Population,69,Singapore,3,Both,21,80+ years,1,Number,2023,171239.8187018365,186353.19856735686,156413.5928880676
1,All Population,44,Population,69,Singapore,3,Both,23,5-14 years,1,Number,2023,550885.003855151,599505.3211890437,503188.47201756027
1,All Population,44,Population,69,Singapore,3,Both,24,15-49 years,1,Number,2023,2828318.835092,3077942.1835608515,2583438.3275073464
1,All Population,44,Population,197,Eswatini,3,Both,16,55-59 years,1,Number,2023,32521.86788979283,35956.23298528732,29043.733868871106
1,All Population,44,Population,197,Eswatini,3,Both,17,60-64 years,1,Number,2023,26665.079036934963,29480.957172329312,23813.314221850687
1,All Population,44,Population,197,Eswatini,3,Both,18,65-69 years,1,Number,2023,20817.51337236148,23015.878532176524,18591.131365744684
1,All Population,44,Population,197,Eswatini,3,Both,19,70-74 years,1,Number,2023,15106.780288886652,16702.082228654384,13491.1471817287
1,All Population,44,Population,197,Eswatini,3,Both,20,75-79 years,1,Number,2023,10644.010522925333,11768.036311969385,9505.659698664875
1,All Population,44,Population,197,Eswatini,3,Both,21,80+ years,1,Number,2023,12493.484316248921,13812.817713771876,11157.336805058902
1,All Population,44,Population,197,Eswatini,3,Both,23,5-14 years,1,Number,2023,262013.53591753126,289682.61523830064,233991.83075886837
1,All Population,44,Population,197,Eswatini,3,Both,24,15-49 years,1,Number,2023,631925.7966740029,698658.2459414967,564342.8823236332
1,All Population,44,Population,197,Eswatini,3,Both,25,50-69 years,1,Number,2023,120168.68887437692,132858.7087723738,107316.94227606089
1,All Population,44,Population,197,Eswatini,3,Both,26,70+ years,1,Number,2023,38244.2751280609,42282.93625439566,34154.14368545247
1,All Population,44,Population,197,Eswatini,3,Both,28,<1 year,1,Number,2023,26991.538704187704,29841.891541038283,24104.85982823281
1,All Population,44,Population,197,Eswatini,3,Both,30,80-84 years,1,Number,2023,7053.3932033725405,7798.243637687953,6299.050096552166
1,All Population,44,Population,197,Eswatini,3,Both,31,85-89 years,1,Number,2023,3492.264750319177,3861.0539048463756,3118.7755989791613
1,All Population,44,Population,197,Eswatini,3,Both,32,90-94 years,1,Number,2023,1328.6210706316815,1468.9257371895355,1186.5283051627011
1,All Population,44,Population,197,Eswatini,3,Both,34,2-4 years,1,Number,2023,80027.07575638164,88478.07237821071,71468.3762460589
1,All Population,44,Population,202,Cameroon,3,Both,157,25+ years,1,Number,2023,12841278.126526143,15100085.878924232,10540738.34234372
1,All Population,44,Population,202,Cameroon,3,Both,158,<20 years,1,Number,2023,17932225.256967336,21086541.28603261,14719632.459264703
1,All Population,44,Population,202,Cameroon,3,Both,159,10-24 years,1,Number,2023,11117257.156613642,13072806.004892917,9125579.059793593
1,All Population,44,Population,202,Cameroon,3,Both,162,10-19 years,1,Number,2023,8010526.841133655,9419595.311675427,6575425.482163674
1,All Population,44,Population,202,Cameroon,3,Both,235,95+ years,1,Number,2023,2870.464226032085,3375.38490315293,2356.2150145444707
1,All Population,44,Population,203,Cabo Verde,3,Both,1,<5 years,1,Number,2023,37884.29559949129,41027.585583883854,34847.60712055563
1,All Population,44,Population,203,Cabo Verde,3,Both,6,5-9 years,1,Number,2023,45628.14409247904,49413.947314176934,41970.73256381628
1,All Population,44,Population,203,Cabo Verde,3,Both,7,10-14 years,1,Number,2023,45796.222653042605,49595.971485913964,42125.33846452587
1,All Population,44,Population,203,Cabo Verde,3,Both,8,15-19 years,1,Number,2023,44424.899569026835,48110.86864046557,40863.93641623829
1,All Population,44,Population,203,Cabo Verde,3,Both,9,20-24 years,1,Number,2023,41075.350657355695,44483.40500503669,37782.877031130774
1,All Population,44,Population,203,Cabo Verde,3,Both,10,25-29 years,1,Number,2023,41174.965051241394,44591.28448400969,37874.50664194311
1,All Population,44,Population,203,Cabo Verde,3,Both,11,30-34 years,1,Number,2023,42314.64519384416,45825.52478989295,38922.833533708086
1,All Population,44,Population,203,Cabo Verde,3,Both,12,35-39 years,1,Number,2023,41382.50792096344,44816.04734986488,38065.41351431066
1,All Population,44,Population,203,Cabo Verde,3,Both,13,40-44 years,1,Number,2023,32546.2707996788,35246.66064235895,29937.461951427926
1,All Population,44,Population,203,Cabo Verde,3,Both,14,45-49 years,1,Number,2023,25983.669447776287,28139.555063188367,23900.89851581275
1,All Population,44,Population,203,Cabo Verde,3,Both,15,50-54 years,1,Number,2023,23807.253720601515,25782.560400894232,21898.93757153685
1,All Population,44,Population,203,Cabo Verde,3,Both,16,55-59 years,1,Number,2023,21220.328495194506,22980.99594245623,19519.372306333695
1,All Population,44,Population,203,Cabo Verde,3,Both,17,60-64 years,1,Number,2023,17035.807239562724,18449.28164696015,15670.269389244522
1,All Population,44,Population,203,Cabo Verde,3,Both,18,65-69 years,1,Number,2023,12923.651201465309,13995.936768361114,11887.73111668486
1,All Population,44,Population,203,Cabo Verde,3,Both,19,70-74 years,1,Number,2023,7925.66372173553,8583.262312443636,7290.366923131843
1,All Population,44,Population,203,Cabo Verde,3,Both,20,75-79 years,1,Number,2023,4418.08474635819,4784.65673387092,4063.9446776061286
1,All Population,44,Population,203,Cabo Verde,3,Both,21,80+ years,1,Number,2023,9153.899574768247,9913.405866126895,8420.151172266447
1,All Population,44,Population,203,Cabo Verde,3,Both,23,5-14 years,1,Number,2023,91424.36674552163,99009.91880009089,84096.07102834215
1,All Population,44,Population,203,Cabo Verde,3,Both,24,15-49 years,1,Number,2023,268902.3086398866,291213.34597481706,247347.92760457165
1,All Population,44,Population,203,Cabo Verde,3,Both,25,50-69 years,1,Number,2023,74987.04065682406,81208.77475867176,68976.31038379992
1,All Population,44,Population,18,Thailand,3,Both,11,30-34 years,1,Number,2023,3878372.87908441,4464052.516906862,3318613.718331986
1,All Population,44,Population,18,Thailand,3,Both,12,35-39 years,1,Number,2023,4247602.385037885,4889039.994066871,3634552.9386885935
1,All Population,44,Population,18,Thailand,3,Both,13,40-44 years,1,Number,2023,4955571.417831914,5703920.626040143,4240341.968684891
1,All Population,44,Population,18,Thailand,3,Both,14,45-49 years,1,Number,2023,5323147.50779103,6127005.002064387,4554866.407850506
1,All Population,44,Population,18,Thailand,3,Both,15,50-54 years,1,Number,2023,5456432.201347615,6280417.242270876,4668914.341422323
1,All Population,44,Population,18,Thailand,3,Both,16,55-59 years,1,Number,2023,5329217.316999665,6133991.423411616,4560060.171507442
1,All Population,44,Population,18,Thailand,3,Both,17,60-64 years,1,Number,2023,4827945.560517681,5557021.772492957,4131136.1408541026
1,All Population,44,Population,18,Thailand,3,Both,18,65-69 years,1,Number,2023,3782353.7004211643,4353533.3199274875,3236452.8293537083
1,All Population,44,Population,18,Thailand,3,Both,19,70-74 years,1,Number,2023,2713428.674712349,3123188.121008229,2321803.989548731
1,All Population,44,Population,18,Thailand,3,Both,20,75-79 years,1,Number,2023,1844974.5998388606,2123587.32974232,1578692.4588965112
1,All Population,44,Population,18,Thailand,3,Both,21,80+ years,1,Number,2023,2337033.6579558426,2689953.0571585274,1999733.444744688
1,All Population,44,Population,18,Thailand,3,Both,23,5-14 years,1,Number,2023,6668182.036138331,7675155.465877674,5705774.321185879
1,All Population,44,Population,18,Thailand,3,Both,24,15-49 years,1,Number,2023,30119910.528007124,34668369.079896644,25772753.52048504
1,All Population,44,Population,18,Thailand,3,Both,25,50-69 years,1,Number,2023,19395948.779286124,22324963.75810294,16596563.483137578
1,All Population,44,Population,18,Thailand,3,Both,26,70+ years,1,Number,2023,6895436.932507052,7936728.507909075,5900229.893189931
1,All Population,44,Population,18,Thailand,3,Both,28,<1 year,1,Number,2023,499580.4200411396,575022.9029057468,427476.8020113567
1,All Population,44,Population,18,Thailand,3,Both,30,80-84 years,1,Number,2023,1184763.085021022,1363676.1591822498,1013768.1830768898
1,All Population,44,Population,18,Thailand,3,Both,31,85-89 years,1,Number,2023,710951.0676713748,818312.9889731646,608340.6726982854
1,All Population,44,Population,18,Thailand,3,Both,32,90-94 years,1,Number,2023,323523.42889876146,372379.24822607596,276829.826016805
1,All Population,44,Population,18,Thailand,3,Both,34,2-4 years,1,Number,2023,1633380.0672461414,1880039.5494661622,1397637.0161944637
1,All Population,44,Population,19,Timor-Leste,3,Both,34,2-4 years,1,Number,2023,110116.76518928635,118219.51956809805,101742.01126953404
1,All Population,44,Population,133,Venezuela (Bolivarian Republic of),3,Both,157,25+ years,1,Number,2023,16338254.117910407,18686997.74043469,14172398.652798614
1,All Population,44,Population,133,Venezuela (Bolivarian Republic of),3,Both,158,<20 years,1,Number,2023,7843251.579357254,8970776.405077428,6803523.027285362
1,All Population,44,Population,133,Venezuela (Bolivarian Republic of),3,Both,159,10-24 years,1,Number,2023,5792264.138979748,6624944.507287347,5024421.574514553
1,All Population,44,Population,133,Venezuela (Bolivarian Republic of),3,Both,162,10-19 years,1,Number,2023,4319263.4060100885,4940189.136853487,3746686.912484427
1,All Population,44,Population,133,Venezuela (Bolivarian Republic of),3,Both,235,95+ years,1,Number,2023,4483.066341077094,5127.539942844329,3888.7755640327714
1,All Population,44,Population,74,Andorra,3,Both,157,25+ years,1,Number,2023,70890.1587749068,71911.49090735178,69876.06824117222
1,All Population,44,Population,74,Andorra,3,Both,158,<20 years,1,Number,2023,14576.107624556877,14786.10922901379,14367.595004241066
1,All Population,44,Population,74,Andorra,3,Both,159,10-24 years,1,Number,2023,13597.610241389584,13793.514390907572,13403.095120172413
1,All Population,44,Population,74,Andorra,3,Both,162,10-19 years,1,Number,2023,8684.663258909703,8809.785360468997,8560.42831640524
1,All Population,44,Population,74,Andorra,3,Both,235,95+ years,1,Number,2023,548.0033576865898,555.8985782301097,540.1641169924152
1,All Population,44,Population,75,Austria,3,Both,1,<5 years,1,Number,2023,429575.3730888482,435922.94047158625,423888.12258888985
1,All Population,44,Population,76,Belgium,3,Both,1,<5 years,1,Number,2023,586381.3930553225,632812.4115384924,542940.0794260737
1,All Population,44,Population,76,Belgium,3,Both,6,5-9 years,1,Number,2023,639146.9433741688,689756.0586918299,591796.5616070696
1,All Population,44,Population,76,Belgium,3,Both,7,10-14 years,1,Number,2023,684789.6310621887,739012.8386767111,634057.8693021024
1,All Population,44,Population,76,Belgium,3,Both,8,15-19 years,1,Number,2023,660418.9371735388,712712.4175630965,611492.6470213815
1,All Population,44,Population,76,Belgium,3,Both,9,20-24 years,1,Number,2023,668666.4431593788,721612.9799170338,619129.1471014523
1,All Population,44,Population,76,Belgium,3,Both,10,25-29 years,1,Number,2023,717505.7108023291,774319.4523613143,664350.2202242023
1,All Population,44,Population,76,Belgium,3,Both,11,30-34 years,1,Number,2023,772499.4536078604,833667.7253734708,715269.8221085601
1,All Population,44,Population,76,Belgium,3,Both,12,35-39 years,1,Number,2023,746416.5774915112,805519.5475313246,691119.2624250693
1,All Population,44,Population,76,Belgium,3,Both,13,40-44 years,1,Number,2023,763627.3206966558,824093.0767070528,707054.9697879757
1,All Population,44,Population,76,Belgium,3,Both,14,45-49 years,1,Number,2023,736435.6532562621,794748.3109104261,681877.7621639578
1,All Population,44,Population,76,Belgium,3,Both,15,50-54 years,1,Number,2023,780932.4714374592,842768.4888228187,723078.0906253136
1,All Population,44,Population,76,Belgium,3,Both,16,55-59 years,1,Number,2023,797818.5360816944,860991.6306473498,738713.1728221832
1,All Population,44,Population,76,Belgium,3,Both,17,60-64 years,1,Number,2023,754842.5789236033,814612.7390087799,698921.0343451287
1,All Population,44,Population,76,Belgium,3,Both,18,65-69 years,1,Number,2023,656101.1983017639,708052.7902621606,607494.7822975918
1,All Population,44,Population,76,Belgium,3,Both,19,70-74 years,1,Number,2023,563069.2889181697,607654.4017315947,521355.0226324647
1,All Population,44,Population,76,Belgium,3,Both,20,75-79 years,1,Number,2023,448433.65174388175,483941.6528830501,415212.0196490902
1,All Population,44,Population,76,Belgium,3,Both,21,80+ years,1,Number,2023,634004.764668666,684206.7105274275,587035.3346175128
1,All Population,44,Population,206,Gambia,3,Both,1,<5 years,1,Number,2023,363144.7368305754,411546.6870153972,315718.32478292746
1,All Population,44,Population,206,Gambia,3,Both,6,5-9 years,1,Number,2023,334946.3977290117,379589.91645093897,291202.66620418243
1,All Population,44,Population,206,Gambia,3,Both,7,10-14 years,1,Number,2023,320377.7278999521,363079.45328217786,278536.6529971888
1,All Population,44,Population,206,Gambia,3,Both,8,15-19 years,1,Number,2023,289433.39410405204,328010.68657844135,251633.62443388806
1,All Population,44,Population,206,Gambia,3,Both,9,20-24 years,1,Number,2023,250806.95109272088,284235.89641834353,218051.76397159454
1,All Population,44,Population,206,Gambia,3,Both,10,25-29 years,1,Number,2023,208432.30236105615,236213.31883354424,181211.2104567907
1,All Population,44,Population,206,Gambia,3,Both,11,30-34 years,1,Number,2023,172764.3138319077,195791.30242270825,150201.43268861322
1,All Population,44,Population,206,Gambia,3,Both,12,35-39 years,1,Number,2023,142923.3932952347,161973.01803411427,124257.71249581758
1,All Population,44,Population,206,Gambia,3,Both,13,40-44 years,1,Number,2023,113295.00726411818,128395.59593200593,98498.76997221936
1,All Population,44,Population,206,Gambia,3,Both,14,45-49 years,1,Number,2023,87543.09424687334,99211.32472638931,76110.03618877092
1,All Population,44,Population,207,Ghana,3,Both,12,35-39 years,1,Number,2023,2213195.442160894,2393914.776986541,2026026.9426767034
1,All Population,44,Population,207,Ghana,3,Both,13,40-44 years,1,Number,2023,1806172.000734253,1953655.6781065082,1653425.2090375747
1,All Population,44,Population,207,Ghana,3,Both,14,45-49 years,1,Number,2023,1397816.7935084635,1511956.0675729022,1279604.336166993
1,All Population,44,Population,207,Ghana,3,Both,15,50-54 years,1,Number,2023,1089362.8953070084,1178315.2463164644,997236.1835741802
1,All Population,44,Population,207,Ghana,3,Both,16,55-59 years,1,Number,2023,847001.0217858562,916163.2197272776,775370.6961086764
1,All Population,44,Population,207,Ghana,3,Both,17,60-64 years,1,Number,2023,674940.4262175593,730052.9492913841,617861.1532307062
1,All Population,44,Population,207,Ghana,3,Both,18,65-69 years,1,Number,2023,505920.18594046676,547231.295540783,463134.84477385704
1,All Population,44,Population,207,Ghana,3,Both,19,70-74 years,1,Number,2023,349540.0823238875,378081.91372708214,319979.7048389847
1,All Population,44,Population,207,Ghana,3,Both,20,75-79 years,1,Number,2023,215946.46217887287,233579.65455740684,197684.01028466696
1,All Population,44,Population,207,Ghana,3,Both,21,80+ years,1,Number,2023,228889.97686662065,247580.07697237824,209532.90035137717
1,All Population,44,Population,207,Ghana,3,Both,23,5-14 years,1,Number,2023,7596312.976058649,8216592.867300606,6953897.726932258
1,All Population,44,Population,207,Ghana,3,Both,24,15-49 years,1,Number,2023,17464483.317665912,18890552.49715085,15987523.319211073
1,All Population,44,Population,207,Ghana,3,Both,25,50-69 years,1,Number,2023,3117224.529250891,3371762.710875909,2853602.8776874198
1,All Population,44,Population,207,Ghana,3,Both,26,70+ years,1,Number,2023,794376.5213693811,859241.6452568673,727196.6154750289
1,All Population,44,Population,207,Ghana,3,Both,28,<1 year,1,Number,2023,878837.8676924353,950599.7156717974,804515.120657824
1,All Population,44,Population,207,Ghana,3,Both,30,80-84 years,1,Number,2023,131047.98569169841,141748.7599447492,119965.3427515013
1,All Population,44,Population,207,Ghana,3,Both,31,85-89 years,1,Number,2023,65474.920234851044,70821.30031823476,59937.748803556715
1,All Population,44,Population,207,Ghana,3,Both,32,90-94 years,1,Number,2023,23884.736280434183,25835.05371325505,21864.819663481616
1,All Population,44,Population,207,Ghana,3,Both,34,2-4 years,1,Number,2023,2545786.304608252,2753663.475694347,2330490.81214343
1,All Population,44,Population,75,Austria,3,Both,157,25+ years,1,Number,2023,6818150.983592685,6918898.548526038,6727883.861640589
1,All Population,44,Population,75,Austria,3,Both,158,<20 years,1,Number,2023,1748922.423299911,1774765.159230636,1725768.023514885
1,All Population,44,Population,75,Austria,3,Both,159,10-24 years,1,Number,2023,1370585.0911055873,1390837.372229183,1352439.589214785
1,All Population,44,Population,75,Austria,3,Both,162,10-19 years,1,Number,2023,874753.8359493817,887679.5278415211,863172.7619341944
1,All Population,44,Population,75,Austria,3,Both,235,95+ years,1,Number,2023,17590.41969231833,17850.342353817225,17357.53594372196
1,All Population,44,Population,76,Belgium,3,Both,235,95+ years,1,Number,2023,26261.669168851637,28341.128137057334,24316.10708195229
1,All Population,44,Population,77,Cyprus,3,Both,1,<5 years,1,Number,2023,76253.19217266653,87011.00861720511,65875.14082371816
1,All Population,44,Population,77,Cyprus,3,Both,6,5-9 years,1,Number,2023,76587.6611209728,87392.66451532624,66164.08858371412
1,All Population,44,Population,77,Cyprus,3,Both,7,10-14 years,1,Number,2023,73241.34200471216,83574.24599192123,63273.203143461214
1,All Population,44,Population,77,Cyprus,3,Both,8,15-19 years,1,Number,2023,69783.86672610635,79628.98937132848,60286.289882742334
1,All Population,44,Population,77,Cyprus,3,Both,9,20-24 years,1,Number,2023,76741.59640800869,87568.31702514435,66297.07329454784
1,All Population,44,Population,77,Cyprus,3,Both,10,25-29 years,1,Number,2023,98666.92398965024,112586.87444922428,85238.36612300099
1,All Population,44,Population,11,Indonesia,3,Both,158,<20 years,1,Number,2023,89938638.85287382,97699636.13199471,82642342.58600903
1,All Population,44,Population,11,Indonesia,3,Both,159,10-24 years,1,Number,2023,69358498.31190953,75343591.29917616,63731771.48167173
1,All Population,44,Population,11,Indonesia,3,Both,162,10-19 years,1,Number,2023,45638844.241400205,49577117.60752433,41936380.72727831
1,All Population,44,Population,11,Indonesia,3,Both,235,95+ years,1,Number,2023,140358.64925482933,152470.4969418928,128972.0160831236
1,All Population,44,Population,12,Lao People's Democratic Republic,3,Both,1,<5 years,1,Number,2023,803503.4605288479,898198.9050678908,705020.8209466626
1,All Population,44,Population,12,Lao People's Democratic Republic,3,Both,6,5-9 years,1,Number,2023,762153.8974174573,851976.1641138671,668739.3307445034
1,All Population,44,Population,12,Lao People's Democratic Republic,3,Both,7,10-14 years,1,Number,2023,715687.4273696896,800033.4724273803,627968.0951881452
1,All Population,44,Population,12,Lao People's Democratic Republic,3,Both,8,15-19 years,1,Number,2023,682342.7929257088,762759.0665053946,598710.3972382336
1,All Population,44,Population,12,Lao People's Democratic Republic,3,Both,9,20-24 years,1,Number,2023,674936.4177929598,754479.8264503751,592211.795884491
1,All Population,44,Population,12,Lao People's Democratic Republic,3,Both,10,25-29 years,1,Number,2023,669056.2708707411,747906.685466391,587052.3582292242
1,All Population,44,Population,12,Lao People's Democratic Republic,3,Both,11,30-34 years,1,Number,2023,647855.7022507096,724207.5622432057,568450.269965419
1,All Population,44,Population,13,Malaysia,3,Both,8,15-19 years,1,Number,2023,2741592.006072818,2985664.8849640503,2517464.880991564
1,All Population,44,Population,13,Malaysia,3,Both,9,20-24 years,1,Number,2023,2987425.35445653,3253383.7848574603,2743201.175728966
1,All Population,44,Population,13,Malaysia,3,Both,10,25-29 years,1,Number,2023,3163932.597860901,3445604.7562517845,2905278.8246011785
1,All Population,44,Population,13,Malaysia,3,Both,11,30-34 years,1,Number,2023,3100338.7063726094,3376349.3570916504,2846883.7796372524
1,All Population,44,Population,13,Malaysia,3,Both,12,35-39 years,1,Number,2023,2915030.014548158,3174543.379822473,2676724.207105235
1,All Population,44,Population,13,Malaysia,3,Both,13,40-44 years,1,Number,2023,2399238.3751630927,2612832.891077662,2203098.906482558
1,All Population,44,Population,13,Malaysia,3,Both,14,45-49 years,1,Number,2023,1906991.4597167238,2076763.2180830527,1751093.5316245519
1,All Population,44,Population,13,Malaysia,3,Both,15,50-54 years,1,Number,2023,1696038.3129332925,1847029.7634593053,1557385.9568338478
1,All Population,44,Population,13,Malaysia,3,Both,16,55-59 years,1,Number,2023,1528965.4612541175,1665083.089634611,1403971.4313545725
1,All Population,44,Population,13,Malaysia,3,Both,17,60-64 years,1,Number,2023,1335245.8994752092,1454117.4565817157,1226088.5835569329
1,All Population,44,Population,13,Malaysia,3,Both,18,65-69 years,1,Number,2023,1045234.887137011,1138287.9334896365,959786.1807759869
1,All Population,44,Population,13,Malaysia,3,Both,19,70-74 years,1,Number,2023,750848.6415303526,817693.6677574302,689466.2232038479
1,All Population,44,Population,13,Malaysia,3,Both,20,75-79 years,1,Number,2023,499947.4330613185,544455.7366350327,459076.36960053234
1,All Population,44,Population,13,Malaysia,3,Both,21,80+ years,1,Number,2023,444369.8473879136,483930.30266505986,408042.291665823
1,All Population,44,Population,13,Malaysia,3,Both,23,5-14 years,1,Number,2023,5346163.716676005,5822111.11018409,4909110.974554579
1,All Population,44,Population,13,Malaysia,3,Both,24,15-49 years,1,Number,2023,19214548.514190834,20925142.272148132,17643745.306171305
1,All Population,44,Population,78,Denmark,3,Both,235,95+ years,1,Number,2023,11207.026278519916,11381.246124521635,11028.349829951718
1,All Population,44,Population,79,Finland,3,Both,1,<5 years,1,Number,2023,235520.88422058558,253705.60304272157,218641.1359803201
1,All Population,44,Population,79,Finland,3,Both,6,5-9 years,1,Number,2023,274184.6065889635,295354.57626141293,254533.834871228
1,All Population,44,Population,79,Finland,3,Both,7,10-14 years,1,Number,2023,314466.22734625346,338746.36684332526,291928.47760385973
1,All Population,44,Population,79,Finland,3,Both,8,15-19 years,1,Number,2023,310707.0717517599,334696.9644296558,288438.7401556212
1,All Population,44,Population,79,Finland,3,Both,9,20-24 years,1,Number,2023,303429.47634858557,326857.46120864205,281682.7289788589
1,All Population,44,Population,79,Finland,3,Both,10,25-29 years,1,Number,2023,334797.5007120445,360647.4308910611,310802.61150214967
1,All Population,44,Population,79,Finland,3,Both,11,30-34 years,1,Number,2023,370164.290718107,398744.9134810536,343634.6687037552
1,All Population,44,Population,79,Finland,3,Both,12,35-39 years,1,Number,2023,360377.78260733973,388202.78279000515,334549.5582359516
1,All Population,44,Population,79,Finland,3,Both,13,40-44 years,1,Number,2023,361348.6482142159,389248.60955429013,335450.842043008
1,All Population,44,Population,79,Finland,3,Both,14,45-49 years,1,Number,2023,344059.83000304527,370624.91057881893,319401.1109715705
1,All Population,44,Population,79,Finland,3,Both,15,50-54 years,1,Number,2023,313842.51968680945,338074.50231468584,291349.470983569
1,All Population,44,Population,79,Finland,3,Both,16,55-59 years,1,Number,2023,358897.89063679724,386608.62740940246,333175.7299122413
1,All Population,44,Population,79,Finland,3,Both,17,60-64 years,1,Number,2023,358040.84985500446,385685.41395809216,332380.1131212601
1,All Population,44,Population,79,Finland,3,Both,18,65-69 years,1,Number,2023,345575.4202547005,372257.5205277596,320808.0790856688
1,All Population,44,Population,79,Finland,3,Both,19,70-74 years,1,Number,2023,335842.31847790914,361772.91970805364,311772.5473274888
1,All Population,44,Population,79,Finland,3,Both,20,75-79 years,1,Number,2023,294375.9204849173,317104.8744787041,273278.0401749576
1,All Population,44,Population,79,Finland,3,Both,21,80+ years,1,Number,2023,337266.2843251105,363306.8308733926,313094.4577451556
1,All Population,44,Population,79,Finland,3,Both,23,5-14 years,1,Number,2023,588650.8339352169,634100.9431047381,546462.3124750878
1,All Population,44,Population,79,Finland,3,Both,24,15-49 years,1,Number,2023,2384884.6003550976,2569023.072933527,2213960.2605909146
1,All Population,44,Population,79,Finland,3,Both,25,50-69 years,1,Number,2023,1376356.6804333117,1482626.06420994,1277713.3931027392
1,All Population,44,Population,79,Finland,3,Both,26,70+ years,1,Number,2023,967484.5232879369,1042184.6250601505,898145.0452476017
1,All Population,44,Population,79,Finland,3,Both,28,<1 year,1,Number,2023,45603.31326865131,49124.37439192526,42334.93029936935
1,All Population,44,Population,79,Finland,3,Both,30,80-84 years,1,Number,2023,170092.15258876048,183225.0769955045,157901.67222926058
1,All Population,44,Population,79,Finland,3,Both,31,85-89 years,1,Number,2023,105006.99529291577,113114.65287953812,97481.15889043748
1,All Population,44,Population,79,Finland,3,Both,32,90-94 years,1,Number,2023,48986.493653662794,52768.77230857771,45475.63862786074
1,All Population,44,Population,79,Finland,3,Both,34,2-4 years,1,Number,2023,143278.89306908016,154341.54847745513,133010.11520187056
1,All Population,44,Population,190,Uganda,3,Both,157,25+ years,1,Number,2023,15378871.520906439,17326003.294247523,13503482.840194497
1,All Population,44,Population,190,Uganda,3,Both,158,<20 years,1,Number,2023,25815425.634239297,29083938.244310733,22667343.08758442
1,All Population,44,Population,190,Uganda,3,Both,159,10-24 years,1,Number,2023,15930071.161640756,17946990.782059498,13987466.003722385
1,All Population,44,Population,190,Uganda,3,Both,162,10-19 years,1,Number,2023,11522516.455861475,12981391.892173786,10117394.051056702
1,All Population,44,Population,190,Uganda,3,Both,235,95+ years,1,Number,2023,10089.002440670085,11366.37946972186,8858.691039005378
1,All Population,44,Population,191,Zambia,3,Both,1,<5 years,1,Number,2023,3229105.5566922487,3470476.1957980236,2982614.3117813696
1,All Population,44,Population,191,Zambia,3,Both,6,5-9 years,1,Number,2023,3105687.6983675896,3337833.0437138746,2868617.459059836
1,All Population,44,Population,191,Zambia,3,Both,7,10-14 years,1,Number,2023,2855391.245477758,3068827.3186310907,2637427.189968093
1,All Population,44,Population,191,Zambia,3,Both,8,15-19 years,1,Number,2023,2430567.013573398,2612248.1333620553,2245031.5832517184
1,All Population,44,Population,191,Zambia,3,Both,9,20-24 years,1,Number,2023,2022631.717074898,2173820.3052627905,1868235.7082777363
1,All Population,44,Population,191,Zambia,3,Both,10,25-29 years,1,Number,2023,1709235.5915613715,1836998.3047568218,1578762.4306773038
1,All Population,44,Population,191,Zambia,3,Both,11,30-34 years,1,Number,2023,1369635.1483731638,1472013.2544153845,1265085.1214790223
1,All Population,44,Population,191,Zambia,3,Both,12,35-39 years,1,Number,2023,1092893.7650451274,1174585.8813021989,1009468.5750128571
1,All Population,44,Population,191,Zambia,3,Both,13,40-44 years,1,Number,2023,885044.2759929844,951199.9648618738,817485.1140019385
1,All Population,44,Population,191,Zambia,3,Both,14,45-49 years,1,Number,2023,701762.098138886,754217.7280816566,648193.6377201703
1,All Population,44,Population,191,Zambia,3,Both,15,50-54 years,1,Number,2023,501000.4447222416,538449.4520129036,462756.96795990586
1,All Population,44,Population,191,Zambia,3,Both,16,55-59 years,1,Number,2023,346531.11453208735,372433.7786340085,320078.9331704889
1,All Population,44,Population,191,Zambia,3,Both,17,60-64 years,1,Number,2023,252906.53451835914,271810.90627053374,233601.11218234114
1,All Population,44,Population,191,Zambia,3,Both,18,65-69 years,1,Number,2023,183190.0559931174,196883.22895280694,169206.386470932
1,All Population,44,Population,191,Zambia,3,Both,19,70-74 years,1,Number,2023,124080.09414691172,133354.88900844095,114608.53729069646
1,All Population,44,Population,191,Zambia,3,Both,20,75-79 years,1,Number,2023,77430.29727873052,83218.09207583274,71519.71614876446
1,All Population,44,Population,191,Zambia,3,Both,21,80+ years,1,Number,2023,62825.7443236297,67521.87140695246,58029.99031097761
1,All Population,44,Population,191,Zambia,3,Both,23,5-14 years,1,Number,2023,5961078.9438453475,6406660.362344966,5506044.649027929
1,All Population,44,Population,191,Zambia,3,Both,24,15-49 years,1,Number,2023,10211769.609759828,10975083.572042784,9432262.170420747
1,All Population,44,Population,191,Zambia,3,Both,25,50-69 years,1,Number,2023,1283628.1497658056,1379577.365870253,1185643.3997836679
1,All Population,44,Population,129,Honduras,3,Both,6,5-9 years,1,Number,2023,1187633.327589099,1343572.5022523722,1038137.1792781748
1,All Population,44,Population,129,Honduras,3,Both,7,10-14 years,1,Number,2023,1104791.808865504,1249853.6885274376,965723.5322568209
1,All Population,44,Population,129,Honduras,3,Both,8,15-19 years,1,Number,2023,1074496.9210122088,1215581.0074456977,939242.0849178408
1,All Population,44,Population,129,Honduras,3,Both,9,20-24 years,1,Number,2023,1044176.0255158956,1181278.9038534942,912737.903709294
1,All Population,44,Population,129,Honduras,3,Both,10,25-29 years,1,Number,2023,948738.2481424974,1073309.9117612261,829313.5818269452
1,All Population,44,Population,129,Honduras,3,Both,11,30-34 years,1,Number,2023,803223.4962920463,908688.7153729192,702115.8428277777
1,All Population,44,Population,129,Honduras,3,Both,12,35-39 years,1,Number,2023,680425.941639798,769767.5400051659,594775.7202095207
1,All Population,44,Population,129,Honduras,3,Both,13,40-44 years,1,Number,2023,587784.0351264807,664961.523488094,513795.33234357607
1,All Population,44,Population,129,Honduras,3,Both,14,45-49 years,1,Number,2023,497084.9289890318,562353.4018109062,434513.19027054735
1,All Population,44,Population,129,Honduras,3,Both,15,50-54 years,1,Number,2023,400807.5551450977,453434.57216811227,350354.95810511184
1,All Population,44,Population,129,Honduras,3,Both,16,55-59 years,1,Number,2023,321779.72226719506,364030.1906129979,281274.9402220856
1,All Population,44,Population,129,Honduras,3,Both,17,60-64 years,1,Number,2023,267629.71910910157,302770.15896014305,233941.19652312386
1,All Population,44,Population,129,Honduras,3,Both,18,65-69 years,1,Number,2023,214982.76784140937,243210.53360482882,187921.30451016818
1,All Population,44,Population,129,Honduras,3,Both,19,70-74 years,1,Number,2023,159881.90662407706,180874.79389270977,139756.39425450843
1,All Population,44,Population,129,Honduras,3,Both,20,75-79 years,1,Number,2023,104193.33979850616,117874.18138163367,91077.75722122334
1,All Population,44,Population,129,Honduras,3,Both,21,80+ years,1,Number,2023,108337.28080179181,122562.23202288094,94700.06986967285
1,All Population,44,Population,129,Honduras,3,Both,23,5-14 years,1,Number,2023,2292425.136454603,2593426.1907798094,2003860.7115349958
1,All Population,44,Population,129,Honduras,3,Both,24,15-49 years,1,Number,2023,5635929.596717958,6375941.003737503,4926493.656105502
1,All Population,44,Population,129,Honduras,3,Both,25,50-69 years,1,Number,2023,1205199.7643628037,1363445.4553460819,1053492.3993604898
1,All Population,44,Population,129,Honduras,3,Both,26,70+ years,1,Number,2023,372412.52722437505,421311.20729722444,325534.2213454046
1,All Population,44,Population,130,Mexico,3,Both,24,15-49 years,1,Number,2023,69871772.10729162,76166280.73780307,63765760.5174931
1,All Population,44,Population,130,Mexico,3,Both,25,50-69 years,1,Number,2023,23589633.811535526,25714743.124482516,21528163.59104133
1,All Population,44,Population,130,Mexico,3,Both,26,70+ years,1,Number,2023,7534233.307440776,8212966.580516353,6875825.562681739
1,All Population,44,Population,130,Mexico,3,Both,28,<1 year,1,Number,2023,1781518.477547073,1942009.3752892443,1625833.683197805
1,All Population,44,Population,130,Mexico,3,Both,30,80-84 years,1,Number,2023,1316902.6083088892,1435537.8537527109,1201820.0456879989
1,All Population,44,Population,130,Mexico,3,Both,31,85-89 years,1,Number,2023,720231.5089540702,785114.6987222679,657291.3285582064
1,All Population,44,Population,130,Mexico,3,Both,32,90-94 years,1,Number,2023,295815.09496191377,322464.0636672461,269964.1634083073
1,All Population,44,Population,130,Mexico,3,Both,34,2-4 years,1,Number,2023,5609220.484251151,6114535.945469799,5119037.335125061
1,All Population,44,Population,139,Algeria,3,Both,157,25+ years,1,Number,2023,25721231.004415214,29851255.990064062,21636481.728071302
1,All Population,44,Population,139,Algeria,3,Both,158,<20 years,1,Number,2023,15806222.269903317,18344207.053454854,13296060.335288456
1,All Population,44,Population,139,Algeria,3,Both,159,10-24 years,1,Number,2023,9897758.55933226,11487028.922984177,8325910.691486463
1,All Population,44,Population,139,Algeria,3,Both,162,10-19 years,1,Number,2023,6942965.67654566,8057788.746783383,5840363.938002029
1,All Population,44,Population,139,Algeria,3,Both,235,95+ years,1,Number,2023,11417.173842955253,13250.41476477612,9604.029962520497
1,All Population,44,Population,140,Bahrain,3,Both,1,<5 years,1,Number,2023,86685.92062033962,94305.91434324402,78996.59148635386
1,All Population,44,Population,140,Bahrain,3,Both,6,5-9 years,1,Number,2023,100689.96683456132,109540.96489454828,91758.43227923253
1,All Population,44,Population,140,Bahrain,3,Both,7,10-14 years,1,Number,2023,103903.90771213264,113037.42234617942,94687.28592409102
1,All Population,44,Population,140,Bahrain,3,Both,8,15-19 years,1,Number,2023,101794.1331913612,110742.19131193985,92764.65541208842
1,All Population,44,Population,140,Bahrain,3,Both,9,20-24 years,1,Number,2023,121248.15303444845,131906.2871169452,110493.03906786742
1,All Population,44,Population,140,Bahrain,3,Both,10,25-29 years,1,Number,2023,146527.97227567475,159408.2903363284,133530.45436157373
1,All Population,44,Population,140,Bahrain,3,Both,11,30-34 years,1,Number,2023,164899.26801692892,179394.4868276489,150272.15514021585
1,All Population,44,Population,140,Bahrain,3,Both,12,35-39 years,1,Number,2023,150610.2666792636,163849.43260711167,137250.63568997814
1,All Population,44,Population,140,Bahrain,3,Both,13,40-44 years,1,Number,2023,158280.0877909411,172193.45765304458,144240.11818952073
1,All Population,44,Population,140,Bahrain,3,Both,14,45-49 years,1,Number,2023,148860.92531398003,161946.3180555104,135656.46671519472
1,All Population,44,Population,140,Bahrain,3,Both,15,50-54 years,1,Number,2023,95647.01027876323,104054.71492933526,87162.80272288751
1,All Population,44,Population,140,Bahrain,3,Both,16,55-59 years,1,Number,2023,68391.67955964817,74403.54590673209,62325.11038212907
1,All Population,44,Population,18,Thailand,3,Both,157,25+ years,1,Number,2023,48825478.32586422,56198696.25872864,41778577.57054707
1,All Population,44,Population,18,Thailand,3,Both,158,<20 years,1,Number,2023,13058761.871881038,15030787.55429518,11174012.309689498
1,All Population,44,Population,18,Thailand,3,Both,159,10-24 years,1,Number,2023,11143094.392321458,12825831.893687474,9534829.957803389
1,All Population,44,Population,18,Thailand,3,Both,162,10-19 years,1,Number,2023,7303369.943624504,8406264.171905922,6249286.605646739
1,All Population,44,Population,18,Thailand,3,Both,235,95+ years,1,Number,2023,117796.07636468425,135584.66077703744,100794.76295270762
1,All Population,44,Population,204,Chad,3,Both,23,5-14 years,1,Number,2023,5865073.639088033,6840417.526657957,4969799.843072189
1,All Population,44,Population,204,Chad,3,Both,24,15-49 years,1,Number,2023,8015173.999438435,9348073.030076558,6791698.269418357
1,All Population,44,Population,204,Chad,3,Both,25,50-69 years,1,Number,2023,1148359.8655216682,1339328.6145076293,973068.546219889
1,All Population,44,Population,204,Chad,3,Both,26,70+ years,1,Number,2023,261963.91377937354,305527.71498483216,221976.4486697464
1,All Population,44,Population,204,Chad,3,Both,28,<1 year,1,Number,2023,882620.8400217881,1029397.9982180386,747893.2375203018
1,All Population,44,Population,204,Chad,3,Both,30,80-84 years,1,Number,2023,39170.79491809822,45684.778841505984,33191.5713964074
1,All Population,44,Population,204,Chad,3,Both,31,85-89 years,1,Number,2023,16973.62028786035,19796.28165861709,14382.683088714268
1,All Population,44,Population,204,Chad,3,Both,32,90-94 years,1,Number,2023,5991.335752984786,6987.676645639202,5076.788684550337
1,All Population,44,Population,204,Chad,3,Both,34,2-4 years,1,Number,2023,2282352.2787566874,2661900.5131609114,1933962.7590019738
1,All Population,44,Population,76,Belgium,3,Both,23,5-14 years,1,Number,2023,1323936.5744363575,1428768.897368541,1225854.430909172
1,All Population,44,Population,76,Belgium,3,Both,24,15-49 years,1,Number,2023,5065570.096187537,5466673.510363719,4690293.830832598
1,All Population,44,Population,76,Belgium,3,Both,25,50-69 years,1,Number,2023,2989694.7847445207,3226425.6487411084,2768207.0800902173
1,All Population,44,Population,76,Belgium,3,Both,26,70+ years,1,Number,2023,1645507.7053307174,1775802.7651420727,1523602.376899068
1,All Population,44,Population,76,Belgium,3,Both,28,<1 year,1,Number,2023,112246.64940729277,121134.59557173084,103931.00031186779
1,All Population,44,Population,76,Belgium,3,Both,30,80-84 years,1,Number,2023,299316.2825500524,323016.82968880516,277141.81954936346
1,All Population,44,Population,76,Belgium,3,Both,31,85-89 years,1,Number,2023,214387.8292305023,231363.54738844358,198505.18179626248
1,All Population,44,Population,76,Belgium,3,Both,32,90-94 years,1,Number,2023,94038.98371925954,101485.20531312158,87072.22618993466
1,All Population,44,Population,76,Belgium,3,Both,34,2-4 years,1,Number,2023,358588.9112147837,386982.80051901436,332023.31152055424
1,All Population,44,Population,77,Cyprus,3,Both,11,30-34 years,1,Number,2023,123695.5517417362,141146.54628672937,106860.60029858336
1,All Population,44,Population,77,Cyprus,3,Both,12,35-39 years,1,Number,2023,131839.36355888864,150439.28879375258,113896.04019311257
1,All Population,44,Population,77,Cyprus,3,Both,13,40-44 years,1,Number,2023,122668.24397919049,139974.30572823607,105973.10901331683
1,All Population,44,Population,77,Cyprus,3,Both,14,45-49 years,1,Number,2023,100439.1463460495,114609.12230968216,86769.3892050824
1,All Population,44,Population,77,Cyprus,3,Both,15,50-54 years,1,Number,2023,87683.0978809554,100053.4478350384,75749.43758011346
1,All Population,44,Population,77,Cyprus,3,Both,16,55-59 years,1,Number,2023,79806.28111076985,91065.368092556,68944.65473504068
1,All Population,44,Population,77,Cyprus,3,Both,17,60-64 years,1,Number,2023,77232.32221788871,88128.27453584725,66721.01137386756
1,All Population,44,Population,77,Cyprus,3,Both,18,65-69 years,1,Number,2023,52423.76216794702,59819.717598349,45288.89370956091
1,All Population,44,Population,77,Cyprus,3,Both,19,70-74 years,1,Number,2023,42953.57118611233,49013.47007416511,37107.594713668004
1,All Population,44,Population,77,Cyprus,3,Both,20,75-79 years,1,Number,2023,38479.12583079694,43907.769023814624,33242.12089557532
1,All Population,44,Population,77,Cyprus,3,Both,21,80+ years,1,Number,2023,39538.7753991196,45116.91417686949,34157.55227029054
1,All Population,44,Population,77,Cyprus,3,Both,23,5-14 years,1,Number,2023,149829.00312568495,170966.91050724746,129437.29172717535
1,All Population,44,Population,77,Cyprus,3,Both,24,15-49 years,1,Number,2023,723834.6927496301,825953.4439640974,625320.8680103865
1,All Population,44,Population,77,Cyprus,3,Both,25,50-69 years,1,Number,2023,297145.463377561,339066.8080617907,256703.99739858264
1,All Population,44,Population,77,Cyprus,3,Both,26,70+ years,1,Number,2023,120971.47241602888,138038.15327484923,104507.26787953383
1,All Population,44,Population,77,Cyprus,3,Both,28,<1 year,1,Number,2023,15011.48777349651,17129.311636673712,12968.425883252106
1,All Population,44,Population,77,Cyprus,3,Both,30,80-84 years,1,Number,2023,22083.788215283872,25199.37371735873,19078.1869867012
1,All Population,44,Population,77,Cyprus,3,Both,31,85-89 years,1,Number,2023,12320.200646838946,14058.337154205885,10643.422648447504
1,All Population,44,Population,77,Cyprus,3,Both,32,90-94 years,1,Number,2023,4567.102901690188,5211.430742922705,3945.5206822554187
1,All Population,44,Population,77,Cyprus,3,Both,34,2-4 years,1,Number,2023,46104.33953125273,52608.749482390325,39829.543821963016
1,All Population,44,Population,144,Jordan,3,Both,157,25+ years,1,Number,2023,6907193.013830214,7706518.362982339,6071852.780825627
1,All Population,44,Population,144,Jordan,3,Both,158,<20 years,1,Number,2023,5045039.913578235,5628870.173183381,4434904.246529756
1,All Population,44,Population,144,Jordan,3,Both,159,10-24 years,1,Number,2023,3908630.6694006547,4360951.542477417,3435929.7549237516
1,All Population,44,Population,144,Jordan,3,Both,162,10-19 years,1,Number,2023,2660754.3680335977,2968666.4837046117,2338968.7788209035
1,All Population,44,Population,144,Jordan,3,Both,235,95+ years,1,Number,2023,1492.0370677094547,1664.7009917820556,1311.5934939890847
1,All Population,44,Population,145,Kuwait,3,Both,1,<5 years,1,Number,2023,249635.13512289565,268714.25660216867,228443.77725811157
1,All Population,44,Population,14,Maldives,3,Both,157,25+ years,1,Number,2023,345199.2601083863,371815.0976894571,319169.6520984876
1,All Population,44,Population,14,Maldives,3,Both,158,<20 years,1,Number,2023,145317.4683689353,156521.85546578353,134359.8645274711
1,All Population,44,Population,200,Benin,3,Both,157,25+ years,1,Number,2023,5139085.556719515,5840968.729012542,4483315.359531794
1,All Population,44,Population,200,Benin,3,Both,158,<20 years,1,Number,2023,7761124.184751414,8821118.692184912,6770770.1848305315
1,All Population,44,Population,200,Benin,3,Both,159,10-24 years,1,Number,2023,4644234.758532607,5278532.473411135,4051609.726359942
1,All Population,44,Population,200,Benin,3,Both,162,10-19 years,1,Number,2023,3328343.0790443877,3782919.6711279154,2903631.6837652293
1,All Population,44,Population,200,Benin,3,Both,235,95+ years,1,Number,2023,5303.406126138032,6027.7317818774945,4626.667892707235
1,All Population,44,Population,201,Burkina Faso,3,Both,1,<5 years,1,Number,2023,4429995.547923131,4832337.754232621,3981087.085306624
1,All Population,44,Population,201,Burkina Faso,3,Both,6,5-9 years,1,Number,2023,3587881.1118895467,3913740.582157086,3224307.3392828824
1,All Population,44,Population,201,Burkina Faso,3,Both,7,10-14 years,1,Number,2023,3001824.3469732264,3274456.817513964,2697637.957152517
1,All Population,44,Population,201,Burkina Faso,3,Both,8,15-19 years,1,Number,2023,2554965.0139726833,2787012.7101034974,2296060.596563246
1,All Population,44,Population,201,Burkina Faso,3,Both,9,20-24 years,1,Number,2023,2109154.266951413,2300712.4236204755,1895425.5647087905
1,All Population,44,Population,201,Burkina Faso,3,Both,10,25-29 years,1,Number,2023,1725715.7847726382,1882449.1920181718,1550842.3765547648
1,All Population,44,Population,201,Burkina Faso,3,Both,11,30-34 years,1,Number,2023,1492328.862992422,1627865.5426076415,1341105.4478993213
1,All Population,44,Population,201,Burkina Faso,3,Both,12,35-39 years,1,Number,2023,1291310.683846453,1408590.4381824082,1160457.2128723012
1,All Population,44,Population,201,Burkina Faso,3,Both,13,40-44 years,1,Number,2023,1022412.501489446,1115270.3152632145,918807.5160580954
1,All Population,44,Population,80,France,3,Both,31,85-89 years,1,Number,2023,1377524.4761153532,1505018.671547153,1251418.761759833
1,All Population,44,Population,80,France,3,Both,32,90-94 years,1,Number,2023,638034.667698462,697086.7702391065,579625.6746469558
1,All Population,44,Population,80,France,3,Both,34,2-4 years,1,Number,2023,2226385.679648192,2432444.632406762,2022570.8208700127
1,All Population,44,Population,22,Fiji,3,Both,1,<5 years,1,Number,2023,89236.93089809862,98887.49211001096,80134.99914889647
1,All Population,44,Population,22,Fiji,3,Both,6,5-9 years,1,Number,2023,92634.29593119097,102652.26645314004,83185.8419030722
1,All Population,44,Population,22,Fiji,3,Both,7,10-14 years,1,Number,2023,91657.20731521214,101569.51022395372,82308.41375060393
1,All Population,44,Population,19,Timor-Leste,3,Both,1,<5 years,1,Number,2023,189336.04271194615,203268.01253065604,174936.39372909957
1,All Population,44,Population,19,Timor-Leste,3,Both,6,5-9 years,1,Number,2023,166871.40660050366,179150.3544810236,154180.2694778331
1,All Population,44,Population,19,Timor-Leste,3,Both,7,10-14 years,1,Number,2023,158659.22258477335,170333.890909145,146592.6499428814
1,All Population,44,Population,19,Timor-Leste,3,Both,8,15-19 years,1,Number,2023,154482.18220079815,165849.49013183147,142733.28766422038
1,All Population,44,Population,19,Timor-Leste,3,Both,9,20-24 years,1,Number,2023,141359.70007968706,151761.4125422652,130608.8148688622
1,All Population,44,Population,19,Timor-Leste,3,Both,10,25-29 years,1,Number,2023,118896.94491392197,127645.77384449018,109854.42851096715
1,All Population,44,Population,19,Timor-Leste,3,Both,11,30-34 years,1,Number,2023,101635.58255684485,109114.2635750344,93905.85137611943
1,All Population,44,Population,19,Timor-Leste,3,Both,12,35-39 years,1,Number,2023,85980.6619501961,92307.4023326666,79441.54064153308
1,All Population,44,Population,19,Timor-Leste,3,Both,13,40-44 years,1,Number,2023,64495.114630068034,69240.87765336824,59590.04215427769
1,All Population,44,Population,19,Timor-Leste,3,Both,14,45-49 years,1,Number,2023,54735.01064595221,58762.59306197604,50572.22722085872
1,All Population,44,Population,19,Timor-Leste,3,Both,15,50-54 years,1,Number,2023,51274.3767810429,55047.31435570985,47374.78631276354
1,All Population,44,Population,19,Timor-Leste,3,Both,16,55-59 years,1,Number,2023,41269.076773803215,44305.7914099773,38130.42334639947
1,All Population,44,Population,19,Timor-Leste,3,Both,17,60-64 years,1,Number,2023,30153.67160573838,32372.478108278272,27860.38248631144
1,All Population,44,Population,19,Timor-Leste,3,Both,18,65-69 years,1,Number,2023,24137.148424437146,25913.239328959695,22301.43632345304
1,All Population,44,Population,19,Timor-Leste,3,Both,19,70-74 years,1,Number,2023,23155.44263930579,24859.296397781553,21394.39259689142
1,All Population,44,Population,19,Timor-Leste,3,Both,20,75-79 years,1,Number,2023,17704.110836218904,19006.83764039402,16357.653088695286
1,All Population,44,Population,19,Timor-Leste,3,Both,21,80+ years,1,Number,2023,10595.76544592015,11375.436776767998,9789.92150337007
1,All Population,44,Population,19,Timor-Leste,3,Both,23,5-14 years,1,Number,2023,325530.62918527704,349484.24539016857,300772.9194207145
1,All Population,44,Population,19,Timor-Leste,3,Both,24,15-49 years,1,Number,2023,721585.1969774683,774681.8131416324,666706.1924368386
1,All Population,44,Population,19,Timor-Leste,3,Both,25,50-69 years,1,Number,2023,146834.27358502164,157638.82320292515,135667.02846892743
1,All Population,44,Population,19,Timor-Leste,3,Both,26,70+ years,1,Number,2023,51455.31892144484,55241.570814943574,47541.967188956776
1,All Population,44,Population,19,Timor-Leste,3,Both,28,<1 year,1,Number,2023,40306.58793344365,43272.47946968035,37241.13505070413
1,All Population,44,Population,19,Timor-Leste,3,Both,30,80-84 years,1,Number,2023,6571.409705252827,7054.9556818593355,6071.631682417129
1,All Population,44,Population,19,Timor-Leste,3,Both,31,85-89 years,1,Number,2023,2732.6235734786346,2933.6990190530414,2524.798271456192
1,All Population,44,Population,19,Timor-Leste,3,Both,32,90-94 years,1,Number,2023,1047.756987968284,1124.8543991353945,968.0715111305664
1,All Population,44,Population,20,Viet Nam,3,Both,28,<1 year,1,Number,2023,1474555.96312109,1611048.5279577307,1339086.7803689407
1,All Population,44,Population,20,Viet Nam,3,Both,30,80-84 years,1,Number,2023,892060.816763075,974634.6029844811,810106.1450961411
1,All Population,44,Population,20,Viet Nam,3,Both,31,85-89 years,1,Number,2023,593440.4551144568,648372.388403003,538920.385698945
1,All Population,44,Population,20,Viet Nam,3,Both,32,90-94 years,1,Number,2023,304956.25372822,333184.5897665722,276939.56565333926
1,All Population,44,Population,20,Viet Nam,3,Both,34,2-4 years,1,Number,2023,4855869.870052686,5305354.426524571,4409755.419805265
1,All Population,44,Population,135,Brazil,3,Both,6,5-9 years,1,Number,2023,14356915.84131562,15449508.542239694,13324688.528121822
1,All Population,44,Population,135,Brazil,3,Both,7,10-14 years,1,Number,2023,14129104.249890726,15204359.990375124,13113256.035768766
1,All Population,44,Population,135,Brazil,3,Both,8,15-19 years,1,Number,2023,14632511.190479508,15746077.300333003,13580469.242308365
1,All Population,44,Population,135,Brazil,3,Both,9,20-24 years,1,Number,2023,15663068.407973966,16855062.176397327,14536931.903599776
1,All Population,44,Population,135,Brazil,3,Both,10,25-29 years,1,Number,2023,16016523.166247958,17235415.614949558,14864974.124842744
1,All Population,44,Population,135,Brazil,3,Both,11,30-34 years,1,Number,2023,15818769.93816126,17022612.93362514,14681438.872647211
1,All Population,44,Population,135,Brazil,3,Both,12,35-39 years,1,Number,2023,16569309.642778011,17830270.35155035,15378016.598848494
1,All Population,44,Population,135,Brazil,3,Both,13,40-44 years,1,Number,2023,16753437.292475842,18028410.518164888,15548905.91858514
1,All Population,44,Population,135,Brazil,3,Both,14,45-49 years,1,Number,2023,14436326.157536656,15534962.157233266,13398389.435841851
1,All Population,44,Population,135,Brazil,3,Both,15,50-54 years,1,Number,2023,12998926.570861677,13988173.317736113,12064335.381712904
1,All Population,44,Population,135,Brazil,3,Both,16,55-59 years,1,Number,2023,11968891.944864696,12879750.803525375,11108357.738861963
1,All Population,44,Population,135,Brazil,3,Both,17,60-64 years,1,Number,2023,10405554.705733648,11197440.180734728,9657420.643034687
1,All Population,44,Population,135,Brazil,3,Both,18,65-69 years,1,Number,2023,8304229.09651453,8936199.096056,7707175.231799847
1,All Population,44,Population,135,Brazil,3,Both,19,70-74 years,1,Number,2023,6186131.228242623,6656909.346721657,5741363.446124873
1,All Population,44,Population,135,Brazil,3,Both,20,75-79 years,1,Number,2023,4142803.676867521,4458080.098958193,3844946.1735062357
1,All Population,44,Population,135,Brazil,3,Both,21,80+ years,1,Number,2023,4833723.455349905,5201580.383953095,4486190.501184421
1,All Population,44,Population,135,Brazil,3,Both,23,5-14 years,1,Number,2023,28486020.091206346,30653868.53261482,26437944.563890588
1,All Population,44,Population,135,Brazil,3,Both,24,15-49 years,1,Number,2023,109889945.7956532,118252811.05225354,101989126.0966736
1,All Population,44,Population,135,Brazil,3,Both,25,50-69 years,1,Number,2023,43677602.317974545,47001563.39805222,40537288.9954094
1,All Population,44,Population,135,Brazil,3,Both,26,70+ years,1,Number,2023,15162658.360460049,16316569.829632943,14072500.120815529
1,All Population,44,Population,135,Brazil,3,Both,28,<1 year,1,Number,2023,2953461.761082589,3178226.6617258675,2741115.047348316
1,All Population,44,Population,135,Brazil,3,Both,30,80-84 years,1,Number,2023,2600556.0922849467,2798464.099560262,2413582.4373844895
1,All Population,44,Population,135,Brazil,3,Both,31,85-89 years,1,Number,2023,1405696.0875193975,1512672.6347052092,1304629.9594160642
1,All Population,44,Population,135,Brazil,3,Both,32,90-94 years,1,Number,2023,577961.8494755765,621946.0104979852,536407.798897676
1,All Population,44,Population,140,Bahrain,3,Both,17,60-64 years,1,Number,2023,51923.73624241604,56488.01313312161,47317.92834446632
1,All Population,44,Population,140,Bahrain,3,Both,18,65-69 years,1,Number,2023,33992.993289037026,36981.09555099093,30977.701857876462
1,All Population,44,Population,140,Bahrain,3,Both,19,70-74 years,1,Number,2023,20932.67794962133,22772.73309858018,19075.87987608737
1,All Population,44,Population,140,Bahrain,3,Both,20,75-79 years,1,Number,2023,6526.250125362036,7099.930195129839,5947.350058713267
1,All Population,44,Population,140,Bahrain,3,Both,21,80+ years,1,Number,2023,5229.019139727423,5688.6680969805875,4765.187770970626
1,All Population,44,Population,140,Bahrain,3,Both,23,5-14 years,1,Number,2023,204593.87454669396,222578.38724072766,186445.71820332357
1,All Population,44,Population,140,Bahrain,3,Both,24,15-49 years,1,Number,2023,992220.806302598,1079440.463908529,904207.5245764389
1,All Population,44,Population,140,Bahrain,3,Both,25,50-69 years,1,Number,2023,249955.41936986448,271927.3695201799,227783.5433073593
1,All Population,44,Population,140,Bahrain,3,Both,26,70+ years,1,Number,2023,32687.947214710788,35561.33139069061,29788.417705771262
1,All Population,44,Population,140,Bahrain,3,Both,28,<1 year,1,Number,2023,16118.022374500986,17534.852563768338,14688.300245006698
1,All Population,44,Population,140,Bahrain,3,Both,30,80-84 years,1,Number,2023,2871.1219735681034,3123.503574406158,2616.4439165018916
1,All Population,44,Population,140,Bahrain,3,Both,31,85-89 years,1,Number,2023,1810.0677284741923,1969.1789731873148,1649.508707823054
1,All Population,44,Population,140,Bahrain,3,Both,32,90-94 years,1,Number,2023,489.6882077263781,532.7335032294149,446.2512369323434
1,All Population,44,Population,140,Bahrain,3,Both,34,2-4 years,1,Number,2023,53841.14075609012,58573.96416800593,49065.25270806387
1,All Population,44,Population,141,Egypt,3,Both,30,80-84 years,1,Number,2023,355567.16220101033,391039.0132968798,319916.4078243482
1,All Population,44,Population,141,Egypt,3,Both,31,85-89 years,1,Number,2023,143556.11634302227,157877.46466804636,129162.53789406706
1,All Population,44,Population,141,Egypt,3,Both,32,90-94 years,1,Number,2023,39844.55159473089,43819.49684108348,35849.55859999264
1,All Population,44,Population,141,Egypt,3,Both,34,2-4 years,1,Number,2023,7416400.392670428,8156270.319824815,6672798.910684858
1,All Population,44,Population,72,New Zealand,3,Both,157,25+ years,1,Number,2023,3500274.147143251,3747451.4216613863,3259726.2222712147
1,All Population,44,Population,72,New Zealand,3,Both,158,<20 years,1,Number,2023,1297309.671326352,1388921.200962159,1208155.1833532688
1,All Population,44,Population,72,New Zealand,3,Both,159,10-24 years,1,Number,2023,998692.9881577686,1069217.2386924524,930060.2137558918
1,All Population,44,Population,72,New Zealand,3,Both,162,10-19 years,1,Number,2023,677167.3333182915,724986.5522725941,630630.6364844766
1,All Population,44,Population,72,New Zealand,3,Both,235,95+ years,1,Number,2023,8482.694616500781,9081.713221254226,7899.741824363682
1,All Population,44,Population,74,Andorra,3,Both,7,10-14 years,1,Number,2023,4263.339402179163,4324.76239231225,4202.351922329168
1,All Population,44,Population,74,Andorra,3,Both,8,15-19 years,1,Number,2023,4421.32385673054,4485.022968156747,4358.07639407607
1,All Population,44,Population,74,Andorra,3,Both,9,20-24 years,1,Number,2023,4912.946982479881,4983.729030438579,4842.666803767172
1,All Population,44,Population,13,Malaysia,3,Both,25,50-69 years,1,Number,2023,5605484.56079963,6104518.2431652695,5147232.15252134
1,All Population,44,Population,13,Malaysia,3,Both,26,70+ years,1,Number,2023,1695165.9219795847,1846079.707057523,1556584.8844702034
1,All Population,44,Population,13,Malaysia,3,Both,28,<1 year,1,Number,2023,437108.17943051545,476022.1576972282,401374.2703046292
1,All Population,44,Population,13,Malaysia,3,Both,30,80-84 years,1,Number,2023,254952.75454720235,277650.17000717885,234110.18286562542
1,All Population,44,Population,13,Malaysia,3,Both,31,85-89 years,1,Number,2023,136350.89246710154,148489.66249200594,125204.1086045785
1,All Population,44,Population,13,Malaysia,3,Both,32,90-94 years,1,Number,2023,41870.13514553319,45597.66440659706,38447.22138004759
1,All Population,44,Population,13,Malaysia,3,Both,34,2-4 years,1,Number,2023,1424946.3511503013,1551803.577688907,1308455.9585714948
1,All Population,44,Population,82,Greece,3,Both,157,25+ years,1,Number,2023,8207475.63327862,8858056.87421821,7496429.896222833
1,All Population,44,Population,82,Greece,3,Both,158,<20 years,1,Number,2023,1932264.0157258643,2085428.6155788011,1764864.4214246217
1,All Population,44,Population,132,Panama,3,Both,157,25+ years,1,Number,2023,2440112.2802993357,2609072.272392872,2276967.503806121
1,All Population,44,Population,132,Panama,3,Both,158,<20 years,1,Number,2023,1424052.1362276857,1522657.3682985224,1328840.6701999626
1,All Population,44,Population,132,Panama,3,Both,159,10-24 years,1,Number,2023,1040837.5543386845,1112907.969446856,971247.6377027592
1,All Population,44,Population,132,Panama,3,Both,162,10-19 years,1,Number,2023,704258.6335525247,753023.4113529307,657172.2276145782
1,All Population,44,Population,132,Panama,3,Both,235,95+ years,1,Number,2023,3867.460333460113,4135.253775851758,3608.883727460113
1,All Population,44,Population,133,Venezuela (Bolivarian Republic of),3,Both,1,<5 years,1,Number,2023,1555902.8077276105,1779575.2252665062,1349646.9510748787
1,All Population,44,Population,206,Gambia,3,Both,157,25+ years,1,Number,2023,964745.4705133903,1093332.1123366123,838750.4840377452
1,All Population,44,Population,206,Gambia,3,Both,158,<20 years,1,Number,2023,1307902.2565635913,1482226.7433269557,1137091.2684181866
1,All Population,44,Population,206,Gambia,3,Both,159,10-24 years,1,Number,2023,860618.073096725,975326.0362789627,748222.0414026716
1,All Population,44,Population,206,Gambia,3,Both,162,10-19 years,1,Number,2023,609811.1220040041,691090.1398606192,530170.277431077
1,All Population,44,Population,206,Gambia,3,Both,235,95+ years,1,Number,2023,1257.310825750198,1424.892205246249,1093.1070379865946
1,All Population,44,Population,207,Ghana,3,Both,1,<5 years,1,Number,2023,4291815.354876945,4642265.207317711,3928859.3209302914
1,All Population,44,Population,207,Ghana,3,Both,6,5-9 years,1,Number,2023,3936005.737666714,4257401.817394114,3603140.291693738
1,All Population,44,Population,207,Ghana,3,Both,7,10-14 years,1,Number,2023,3660307.2383919354,3959191.049906492,3350757.4352385206
1,All Population,44,Population,207,Ghana,3,Both,8,15-19 years,1,Number,2023,3464927.359844256,3747857.35136767,3171900.7059801184
1,All Population,44,Population,207,Ghana,3,Both,9,20-24 years,1,Number,2023,3183647.6816133726,3443609.6715850458,2914408.6672441317
1,All Population,44,Population,207,Ghana,3,Both,10,25-29 years,1,Number,2023,2847258.215441353,3079752.1926876768,2606467.4394998173
1,All Population,44,Population,207,Ghana,3,Both,11,30-34 years,1,Number,2023,2551465.8243633197,2759806.7588445093,2335690.018605737
1,All Population,44,Population,208,Guinea,3,Both,8,15-19 years,1,Number,2023,1512285.8653944912,1700014.7828561529,1338012.3695193017
1,All Population,44,Population,208,Guinea,3,Both,9,20-24 years,1,Number,2023,1235552.858626286,1388929.2842904043,1093169.648587344
1,All Population,44,Population,208,Guinea,3,Both,10,25-29 years,1,Number,2023,1060033.1412293036,1191621.2745512743,937876.5533163431
1,All Population,44,Population,208,Guinea,3,Both,11,30-34 years,1,Number,2023,931893.1051839906,1047574.4639994036,824503.1778305166
1,All Population,44,Population,208,Guinea,3,Both,12,35-39 years,1,Number,2023,754042.2890357802,847645.9825438691,667147.6160410575
1,All Population,44,Population,208,Guinea,3,Both,13,40-44 years,1,Number,2023,576907.8759158129,648522.8354278037,510425.9000973374
1,All Population,44,Population,208,Guinea,3,Both,14,45-49 years,1,Number,2023,445089.0232557651,500340.5351701987,393797.6491621365
1,All Population,44,Population,208,Guinea,3,Both,15,50-54 years,1,Number,2023,362760.72501080926,407792.34222170094,320956.73731212056
1,All Population,44,Population,208,Guinea,3,Both,16,55-59 years,1,Number,2023,281972.21084504196,316975.07578447124,249478.16719357736
1,All Population,44,Population,208,Guinea,3,Both,17,60-64 years,1,Number,2023,227784.913615784,256061.191418615,201535.3307083252
1,All Population,44,Population,208,Guinea,3,Both,18,65-69 years,1,Number,2023,177835.1738744472,199910.89741455167,157341.72210725263
1,All Population,44,Population,208,Guinea,3,Both,19,70-74 years,1,Number,2023,127055.51064056622,142827.65664542897,112413.8291197495
1,All Population,44,Population,208,Guinea,3,Both,20,75-79 years,1,Number,2023,79877.01499166676,89792.61752263593,70672.11070656228
1,All Population,44,Population,22,Fiji,3,Both,8,15-19 years,1,Number,2023,81634.91251051387,90463.35060540366,73308.36660015224
1,All Population,44,Population,22,Fiji,3,Both,9,20-24 years,1,Number,2023,73289.25287896661,81215.14649683933,65813.94225430925
1,All Population,44,Population,22,Fiji,3,Both,10,25-29 years,1,Number,2023,70981.08583010381,78657.36186063699,63741.202160778405
1,All Population,44,Population,22,Fiji,3,Both,11,30-34 years,1,Number,2023,67384.26076623498,74671.55680722721,60511.24377324715
1,All Population,44,Population,22,Fiji,3,Both,12,35-39 years,1,Number,2023,66643.16448048387,73850.31438693762,59845.73735532999
1,All Population,44,Population,22,Fiji,3,Both,13,40-44 years,1,Number,2023,62817.014510933695,69610.3840002946,56409.84459806367
1,All Population,44,Population,22,Fiji,3,Both,14,45-49 years,1,Number,2023,52872.19362377589,58590.07674502521,47479.36922976186
1,All Population,44,Population,22,Fiji,3,Both,15,50-54 years,1,Number,2023,46643.2600631441,51687.512838674156,41885.77047467071
1,All Population,44,Population,22,Fiji,3,Both,16,55-59 years,1,Number,2023,44823.18386777067,49670.60382355871,40251.33725403778
1,All Population,44,Population,22,Fiji,3,Both,17,60-64 years,1,Number,2023,37529.44575529278,41588.08167951766,33701.541204876
1,All Population,44,Population,22,Fiji,3,Both,18,65-69 years,1,Number,2023,26146.315543383873,28973.91860052551,23479.460271985765
1,All Population,44,Population,22,Fiji,3,Both,19,70-74 years,1,Number,2023,16555.384022513248,18345.77220919822,14866.77848735854
1,All Population,44,Population,23,Kiribati,3,Both,16,55-59 years,1,Number,2023,4912.665194169762,5343.195946366039,4464.365522500631
1,All Population,44,Population,23,Kiribati,3,Both,17,60-64 years,1,Number,2023,3531.1322907036065,3840.589780911854,3208.9028319525064
1,All Population,44,Population,23,Kiribati,3,Both,18,65-69 years,1,Number,2023,2291.376288505158,2492.1854049549434,2082.2793528893585
1,All Population,44,Population,23,Kiribati,3,Both,19,70-74 years,1,Number,2023,1302.2639587955148,1416.3903361443556,1183.4273432151538
1,All Population,44,Population,23,Kiribati,3,Both,20,75-79 years,1,Number,2023,761.9507437277023,828.7257454564816,692.4197957106135
1,All Population,44,Population,23,Kiribati,3,Both,21,80+ years,1,Number,2023,808.8609229273259,879.746987376285,735.0492398912726
1,All Population,44,Population,23,Kiribati,3,Both,23,5-14 years,1,Number,2023,27993.745937436415,30447.031072669983,25439.208508866002
1,All Population,44,Population,23,Kiribati,3,Both,24,15-49 years,1,Number,2023,66146.56777854293,71943.44797601605,60110.43801086555
1,All Population,44,Population,23,Kiribati,3,Both,25,50-69 years,1,Number,2023,15889.700296513449,17282.224384853536,14439.703778472347
1,All Population,44,Population,23,Kiribati,3,Both,26,70+ years,1,Number,2023,2873.0756254505427,3124.8630689771226,2610.8963788170395
1,All Population,44,Population,23,Kiribati,3,Both,28,<1 year,1,Number,2023,3018.800675348935,3283.3590106149013,2743.3234551224123
1,All Population,44,Population,23,Kiribati,3,Both,30,80-84 years,1,Number,2023,447.5637355797024,486.78683426828906,406.7218162179865
1,All Population,44,Population,23,Kiribati,3,Both,31,85-89 years,1,Number,2023,222.51179277766332,242.01203668412793,202.2067323466941
1,All Population,44,Population,23,Kiribati,3,Both,32,90-94 years,1,Number,2023,93.08923440345622,101.24728640273739,84.59448225374194
1,All Population,44,Population,23,Kiribati,3,Both,34,2-4 years,1,Number,2023,8921.786902496051,9703.664656067585,8107.639391723772
1,All Population,44,Population,135,Brazil,3,Both,34,2-4 years,1,Number,2023,8937710.025303215,9617889.309249438,8295110.423306898
1,All Population,44,Population,14,Maldives,3,Both,159,10-24 years,1,Number,2023,131063.01519788378,141168.34370958738,121180.26252591927
1,All Population,44,Population,14,Maldives,3,Both,162,10-19 years,1,Number,2023,78964.69030305535,85053.09087229692,73010.39035882539
1,All Population,44,Population,14,Maldives,3,Both,235,95+ years,1,Number,2023,61.76341201763638,66.52554546542537,57.10616737676383
1,All Population,44,Population,15,Myanmar,3,Both,235,95+ years,1,Number,2023,17932.99693540292,20049.116430045775,15841.913939620925
1,All Population,44,Population,16,Philippines,3,Both,1,<5 years,1,Number,2023,10066510.67165125,10982057.557976453,9184054.70560384
1,All Population,44,Population,16,Philippines,3,Both,6,5-9 years,1,Number,2023,11212242.043729933,12231992.941205274,10229348.347295387
1,All Population,44,Population,16,Philippines,3,Both,7,10-14 years,1,Number,2023,11858935.650797684,12937503.186696175,10819351.14556394
1,All Population,44,Population,16,Philippines,3,Both,8,15-19 years,1,Number,2023,11096138.088604355,12105329.357418634,10123422.360606363
1,All Population,44,Population,16,Philippines,3,Both,9,20-24 years,1,Number,2023,10550459.658773525,11510021.59686317,9625579.491840765
1,All Population,44,Population,16,Philippines,3,Both,10,25-29 years,1,Number,2023,9818237.573149776,10711204.07688705,8957545.859297387
1,All Population,44,Population,16,Philippines,3,Both,11,30-34 years,1,Number,2023,8977080.552323623,9793544.013800511,8190126.805441366
1,All Population,44,Population,16,Philippines,3,Both,12,35-39 years,1,Number,2023,7757183.008581798,8462697.062241152,7077168.587604511
1,All Population,44,Population,16,Philippines,3,Both,13,40-44 years,1,Number,2023,7067451.524524677,7710234.654507836,6447900.722265941
1,All Population,44,Population,16,Philippines,3,Both,14,45-49 years,1,Number,2023,6011622.174205486,6558377.861740513,5484628.062115567
1,All Population,44,Population,16,Philippines,3,Both,15,50-54 years,1,Number,2023,5317189.311164666,5800786.485660079,4851070.952649967
1,All Population,44,Population,16,Philippines,3,Both,16,55-59 years,1,Number,2023,4439623.354436349,4843406.102122455,4050434.66295075
1,All Population,44,Population,16,Philippines,3,Both,17,60-64 years,1,Number,2023,3703434.3047046755,4040260.823543116,3378781.820477466
1,All Population,44,Population,16,Philippines,3,Both,18,65-69 years,1,Number,2023,2762955.950870118,3014246.1745020854,2520748.1946475157
1,All Population,44,Population,16,Philippines,3,Both,19,70-74 years,1,Number,2023,1827873.1295726553,1994117.7804714595,1667637.11522941
1,All Population,44,Population,16,Philippines,3,Both,20,75-79 years,1,Number,2023,1058022.2029285952,1154249.0848294033,965273.2817145862
1,All Population,44,Population,16,Philippines,3,Both,21,80+ years,1,Number,2023,986519.0110399328,1076242.6936861733,900038.2417538085
1,All Population,44,Population,16,Philippines,3,Both,23,5-14 years,1,Number,2023,23071177.69452762,25169496.127901454,21048699.49285933
1,All Population,44,Population,16,Philippines,3,Both,24,15-49 years,1,Number,2023,61278172.58016324,66851408.62345887,55906371.88917191
1,All Population,44,Population,16,Philippines,3,Both,25,50-69 years,1,Number,2023,16223202.921175808,17698699.585827738,14801035.630725697
1,All Population,44,Population,74,Andorra,3,Both,10,25-29 years,1,Number,2023,5895.993454518085,5980.938497269434,5811.650701553278
1,All Population,44,Population,74,Andorra,3,Both,11,30-34 years,1,Number,2023,6738.014805560804,6835.091059144327,6641.626856252085
1,All Population,44,Population,74,Andorra,3,Both,12,35-39 years,1,Number,2023,6680.714983774618,6776.965704587657,6585.146713922995
1,All Population,44,Population,74,Andorra,3,Both,13,40-44 years,1,Number,2023,7546.295951635077,7655.017312533936,7438.345462856915
1,All Population,44,Population,74,Andorra,3,Both,14,45-49 years,1,Number,2023,8136.679756701037,8253.906923779616,8020.2837708562265
1,All Population,44,Population,74,Andorra,3,Both,15,50-54 years,1,Number,2023,7868.604407090233,7981.969345994894,7756.043264883326
1,All Population,44,Population,74,Andorra,3,Both,16,55-59 years,1,Number,2023,7307.169370206361,7412.4455750277675,7202.639610155314
1,All Population,44,Population,74,Andorra,3,Both,17,60-64 years,1,Number,2023,6102.406669301027,6190.3255585278575,6015.111155462688
1,All Population,44,Population,74,Andorra,3,Both,18,65-69 years,1,Number,2023,4438.1695662976945,4502.111378047501,4374.681124149014
1,All Population,44,Population,74,Andorra,3,Both,19,70-74 years,1,Number,2023,3351.440742881592,3399.725782439181,3303.4980609852205
1,All Population,44,Population,74,Andorra,3,Both,20,75-79 years,1,Number,2023,2698.1578289317217,2737.0308592185625,2659.5604218991107
1,All Population,44,Population,74,Andorra,3,Both,21,80+ years,1,Number,2023,4126.511238008549,4185.962910781007,4067.481098196038
1,All Population,44,Population,74,Andorra,3,Both,23,5-14 years,1,Number,2023,7794.377827271443,7906.6733653966385,7682.87850342193
1,All Population,44,Population,74,Andorra,3,Both,24,15-49 years,1,Number,2023,44331.96979140004,44970.671495910305,43697.79670328476
1,All Population,44,Population,74,Andorra,3,Both,25,50-69 years,1,Number,2023,25716.350012895313,26086.851857598016,25348.47515465034
1,All Population,44,Population,74,Andorra,3,Both,26,70+ years,1,Number,2023,10176.109809821863,10322.71955243875,10030.539581080371
1,All Population,44,Population,74,Andorra,3,Both,28,<1 year,1,Number,2023,325.12068921253586,329.8047837688729,320.46980650964076
1,All Population,44,Population,74,Andorra,3,Both,30,80-84 years,1,Number,2023,1738.0415583478746,1763.0819549521732,1713.1787068319913
1,All Population,44,Population,74,Andorra,3,Both,31,85-89 years,1,Number,2023,1119.441543773011,1135.5696162559557,1103.4278249123436
1,All Population,44,Population,74,Andorra,3,Both,32,90-94 years,1,Number,2023,721.0247782010744,731.4127613427685,710.7104494592884
1,All Population,44,Population,74,Andorra,3,Both,34,2-4 years,1,Number,2023,1605.3783420014734,1628.5074266833612,1582.413250544202
1,All Population,44,Population,82,Greece,3,Both,159,10-24 years,1,Number,2023,1607593.6259172657,1735022.6068618048,1468321.4982009502
1,All Population,44,Population,82,Greece,3,Both,162,10-19 years,1,Number,2023,1072595.303428612,1157616.6199344047,979672.1743002571
1,All Population,44,Population,82,Greece,3,Both,235,95+ years,1,Number,2023,16773.148717698234,18102.704405074102,15320.025196458142
1,All Population,44,Population,83,Iceland,3,Both,1,<5 years,1,Number,2023,23074.971483219,23402.063142139446,22728.774020039164
1,All Population,44,Population,83,Iceland,3,Both,6,5-9 years,1,Number,2023,22366.962999575797,22684.018517406625,22031.387900160324
1,All Population,44,Population,83,Iceland,3,Both,7,10-14 years,1,Number,2023,25022.404797891002,25377.101656410345,24646.989683294272
1,All Population,44,Population,83,Iceland,3,Both,8,15-19 years,1,Number,2023,23694.176744031338,24030.045743201965,23338.689245947804
1,All Population,44,Population,83,Iceland,3,Both,9,20-24 years,1,Number,2023,26287.1052224261,26659.729425306385,25892.715606431837
1,All Population,44,Population,83,Iceland,3,Both,10,25-29 years,1,Number,2023,31080.33267119276,31520.90169120707,30614.029502264577
1,All Population,44,Population,83,Iceland,3,Both,11,30-34 years,1,Number,2023,32012.090426685016,32465.867271904117,31531.80794811894
1,All Population,44,Population,83,Iceland,3,Both,12,35-39 years,1,Number,2023,27347.292406436452,27734.944943589497,26936.996633684113
1,All Population,44,Population,83,Iceland,3,Both,13,40-44 years,1,Number,2023,26635.76803390205,27013.334591640392,26236.147374353695
1,All Population,44,Population,83,Iceland,3,Both,14,45-49 years,1,Number,2023,24344.461422215503,24689.5483176818,23979.217599791737
1,All Population,44,Population,83,Iceland,3,Both,15,50-54 years,1,Number,2023,22540.269309079402,22859.78147342518,22202.094067568545
1,All Population,44,Population,83,Iceland,3,Both,16,55-59 years,1,Number,2023,22564.203090361058,22884.05452014122,22225.668766527175
1,All Population,44,Population,83,Iceland,3,Both,17,60-64 years,1,Number,2023,21249.85445556528,21551.074769130726,20931.039513115298
1,All Population,44,Population,84,Ireland,3,Both,15,50-54 years,1,Number,2023,356719.81050292857,385706.9910872924,329442.08979550283
1,All Population,44,Population,84,Ireland,3,Both,16,55-59 years,1,Number,2023,316136.8134643026,341826.2050580444,291962.401365191
1,All Population,44,Population,84,Ireland,3,Both,17,60-64 years,1,Number,2023,282223.6677743846,305157.2649060483,260642.53277736492
1,All Population,44,Population,84,Ireland,3,Both,18,65-69 years,1,Number,2023,244675.77753817532,264558.2195537148,225965.8620048921
1,All Population,44,Population,84,Ireland,3,Both,19,70-74 years,1,Number,2023,210346.2615460161,227439.07469839955,194261.46220107964
1,All Population,44,Population,84,Ireland,3,Both,20,75-79 years,1,Number,2023,163195.218437612,176456.52080454884,150715.9743410973
1,All Population,44,Population,84,Ireland,3,Both,21,80+ years,1,Number,2023,191216.2980832143,206754.6034983159,176594.33255102817
1,All Population,44,Population,84,Ireland,3,Both,23,5-14 years,1,Number,2023,732975.2655085236,792537.1002022913,676925.968583287
1,All Population,44,Population,84,Ireland,3,Both,24,15-49 years,1,Number,2023,2530561.7445882843,2736196.1055362895,2337054.2508372227
1,All Population,44,Population,84,Ireland,3,Both,25,50-69 years,1,Number,2023,1199756.069279791,1297248.6806050998,1108012.885942951
1,All Population,44,Population,22,Fiji,3,Both,157,25+ years,1,Number,2023,509776.13301508426,564906.0632639386,457780.31106807064
1,All Population,44,Population,22,Fiji,3,Both,158,<20 years,1,Number,2023,355163.3466550156,393572.61939250847,318937.6214027249
1,All Population,44,Population,22,Fiji,3,Both,159,10-24 years,1,Number,2023,246581.37270469262,273248.00732619676,221430.7226050654
1,All Population,44,Population,22,Fiji,3,Both,162,10-19 years,1,Number,2023,173292.11982572603,192032.86082935738,155616.7803507562
1,All Population,44,Population,79,Finland,3,Both,157,25+ years,1,Number,2023,4114589.255976001,4432279.33656532,3819697.2298067743
1,All Population,44,Population,79,Finland,3,Both,158,<20 years,1,Number,2023,1134878.7899075623,1222503.5105771155,1053542.1886110292
1,All Population,44,Population,79,Finland,3,Both,159,10-24 years,1,Number,2023,928602.7754465989,1000300.792481623,862049.9467383397
1,All Population,44,Population,79,Finland,3,Both,162,10-19 years,1,Number,2023,625173.2990980133,673443.331272981,580367.2177594808
1,All Population,44,Population,79,Finland,3,Both,235,95+ years,1,Number,2023,13180.642789771457,14198.328689772245,12235.987997596701
1,All Population,44,Population,80,France,3,Both,1,<5 years,1,Number,2023,3618556.3535410557,3953465.053109391,3287294.9917205856
1,All Population,44,Population,80,France,3,Both,6,5-9 years,1,Number,2023,4128784.2618964813,4510916.148994718,3750813.9987222347
1,All Population,44,Population,80,France,3,Both,7,10-14 years,1,Number,2023,4384844.176023333,4790675.208436217,3983432.864106461
1,All Population,44,Population,80,France,3,Both,8,15-19 years,1,Number,2023,4391023.449142798,4797426.392594924,3989046.4546087105
1,All Population,44,Population,80,France,3,Both,9,20-24 years,1,Number,2023,4064374.991304217,4440545.599111309,3692301.0858499142
1,All Population,44,Population,80,France,3,Both,10,25-29 years,1,Number,2023,3922931.846827611,4286011.449562155,3563806.3782861787
1,All Population,44,Population,80,France,3,Both,11,30-34 years,1,Number,2023,4206811.935277786,4596165.527406788,3821698.615365269
1,All Population,44,Population,80,France,3,Both,12,35-39 years,1,Number,2023,4378623.740187819,4783879.051823441,3977781.8791360613
1,All Population,44,Population,80,France,3,Both,13,40-44 years,1,Number,2023,4426245.236897852,4835908.066885109,4021043.8577646203
1,All Population,44,Population,80,France,3,Both,14,45-49 years,1,Number,2023,4474460.942061407,4888586.286249746,4064845.6479319413
1,All Population,44,Population,80,France,3,Both,15,50-54 years,1,Number,2023,4654360.501817788,5085136.11250038,4228276.271644952
1,All Population,44,Population,80,France,3,Both,16,55-59 years,1,Number,2023,4540447.461382004,4960680.064160661,4124791.420027325
1,All Population,44,Population,80,France,3,Both,17,60-64 years,1,Number,2023,4304760.699550339,4703179.755931334,3910680.6432182533
1,All Population,44,Population,80,France,3,Both,18,65-69 years,1,Number,2023,4022467.0657196273,4394758.9640393285,3654229.6284984746
1,All Population,44,Population,80,France,3,Both,19,70-74 years,1,Number,2023,3628312.699845027,3964124.3797552334,3296158.1916293423
1,All Population,44,Population,15,Myanmar,3,Both,157,25+ years,1,Number,2023,31423516.487626407,35131536.740416534,27759367.02997333
1,All Population,44,Population,15,Myanmar,3,Both,158,<20 years,1,Number,2023,21086514.82178259,23574753.973843046,18627714.83743163
1,All Population,44,Population,15,Myanmar,3,Both,159,10-24 years,1,Number,2023,15415487.090688668,17234536.79384352,13617959.15695004
1,All Population,44,Population,15,Myanmar,3,Both,162,10-19 years,1,Number,2023,10413885.002484273,11642738.447789941,9199570.522469293
1,All Population,44,Population,16,Philippines,3,Both,162,10-19 years,1,Number,2023,22955073.73940204,25042832.54411481,20942773.506170303
1,All Population,44,Population,16,Philippines,3,Both,235,95+ years,1,Number,2023,17296.52412626221,18869.639113627592,15780.266765100605
1,All Population,44,Population,17,Sri Lanka,3,Both,1,<5 years,1,Number,2023,1421827.1560855755,1615757.1066335556,1216522.492324037
1,All Population,44,Population,17,Sri Lanka,3,Both,6,5-9 years,1,Number,2023,1648689.7287118856,1873562.5736210423,1410627.254696286
1,All Population,44,Population,17,Sri Lanka,3,Both,7,10-14 years,1,Number,2023,1787877.4518539554,2031734.7901667552,1529716.9732552327
1,All Population,44,Population,17,Sri Lanka,3,Both,8,15-19 years,1,Number,2023,1834064.179947077,2084221.1516975525,1569234.5709686044
1,All Population,44,Population,17,Sri Lanka,3,Both,9,20-24 years,1,Number,2023,1689190.716354614,1919587.6887901586,1445280.1041779085
1,All Population,44,Population,17,Sri Lanka,3,Both,10,25-29 years,1,Number,2023,1597700.923334932,1815619.1560305501,1367000.9754173276
1,All Population,44,Population,17,Sri Lanka,3,Both,11,30-34 years,1,Number,2023,1534636.6971956452,1743953.2920591312,1313042.9051757471
1,All Population,44,Population,17,Sri Lanka,3,Both,12,35-39 years,1,Number,2023,1496108.0282401117,1700169.5097564897,1280077.5815194221
1,All Population,44,Population,17,Sri Lanka,3,Both,13,40-44 years,1,Number,2023,1621859.3479620067,1843072.6661911884,1387671.0454832718
1,All Population,44,Population,17,Sri Lanka,3,Both,14,45-49 years,1,Number,2023,1440503.152721342,1636980.4136709466,1232501.7693245742
1,All Population,44,Population,17,Sri Lanka,3,Both,15,50-54 years,1,Number,2023,1342242.353250753,1525317.343818493,1148429.333263634
1,All Population,44,Population,17,Sri Lanka,3,Both,16,55-59 years,1,Number,2023,1261755.0093172041,1433851.937915904,1079563.9554830103
1,All Population,44,Population,17,Sri Lanka,3,Both,17,60-64 years,1,Number,2023,1157433.9461464686,1315302.0153966728,990306.3272071877
1,All Population,44,Population,17,Sri Lanka,3,Both,18,65-69 years,1,Number,2023,957615.3104445967,1088229.1399833343,819340.4937889663
1,All Population,44,Population,17,Sri Lanka,3,Both,19,70-74 years,1,Number,2023,753592.1563332645,856378.2713582471,644777.2531946289
1,All Population,44,Population,17,Sri Lanka,3,Both,20,75-79 years,1,Number,2023,582506.2285193345,661957.0982028546,498395.2696919549
1,All Population,44,Population,17,Sri Lanka,3,Both,21,80+ years,1,Number,2023,527479.4049306554,599424.897373566,451314.0416465778
1,All Population,44,Population,208,Guinea,3,Both,21,80+ years,1,Number,2023,93752.4928178496,105390.53982256458,82948.59982099333
1,All Population,44,Population,208,Guinea,3,Both,23,5-14 years,1,Number,2023,3964877.9775275677,4457061.543889654,3507971.5409379248
1,All Population,44,Population,208,Guinea,3,Both,24,15-49 years,1,Number,2023,6515804.15864143,7324649.1588391075,5764932.914554036
1,All Population,44,Population,208,Guinea,3,Both,25,50-69 years,1,Number,2023,1050353.0233460825,1180739.5068393392,929311.9573212756
1,All Population,44,Population,208,Guinea,3,Both,26,70+ years,1,Number,2023,300685.01845008257,338010.81399062945,266034.5396473051
1,All Population,44,Population,208,Guinea,3,Both,28,<1 year,1,Number,2023,490505.71963931987,551395.0725478869,433980.5953460889
1,All Population,44,Population,208,Guinea,3,Both,30,80-84 years,1,Number,2023,48590.361473506186,54622.16813600692,42990.882992883
1,All Population,44,Population,208,Guinea,3,Both,31,85-89 years,1,Number,2023,25990.374134442056,29216.711768305762,22995.283415709597
1,All Population,44,Population,208,Guinea,3,Both,32,90-94 years,1,Number,2023,12958.177858888159,14566.752505646615,11464.89738373683
1,All Population,44,Population,208,Guinea,3,Both,34,2-4 years,1,Number,2023,1375078.347543938,1545774.8907811893,1216616.434877546
1,All Population,44,Population,133,Venezuela (Bolivarian Republic of),3,Both,6,5-9 years,1,Number,2023,1968085.3656195553,2251012.042957433,1707189.163726055
1,All Population,44,Population,133,Venezuela (Bolivarian Republic of),3,Both,7,10-14 years,1,Number,2023,2183450.75425359,2497337.782643429,1894004.9716887001
1,All Population,44,Population,133,Venezuela (Bolivarian Republic of),3,Both,8,15-19 years,1,Number,2023,2135812.6517564985,2442851.3542100578,1852681.9407957266
1,All Population,44,Population,133,Venezuela (Bolivarian Republic of),3,Both,9,20-24 years,1,Number,2023,1473000.7329696594,1684755.3704338581,1277734.6620301257
1,All Population,44,Population,133,Venezuela (Bolivarian Republic of),3,Both,10,25-29 years,1,Number,2023,1429417.3324593243,1634906.537077528,1239928.827806998
1,All Population,44,Population,133,Venezuela (Bolivarian Republic of),3,Both,11,30-34 years,1,Number,2023,1902632.3143898977,2176149.6365089775,1650412.795310297
1,All Population,44,Population,133,Venezuela (Bolivarian Republic of),3,Both,12,35-39 years,1,Number,2023,1953892.1911140282,2234778.495725258,1694877.4855143325
1,All Population,44,Population,145,Kuwait,3,Both,6,5-9 years,1,Number,2023,286056.80440193665,307919.56229645485,261773.63565346022
1,All Population,44,Population,145,Kuwait,3,Both,7,10-14 years,1,Number,2023,292182.89196187584,314513.85465733754,267379.6837817314
1,All Population,44,Population,145,Kuwait,3,Both,8,15-19 years,1,Number,2023,330457.8915197966,355714.13701178937,302405.5445014552
1,All Population,44,Population,145,Kuwait,3,Both,9,20-24 years,1,Number,2023,387808.30143628037,417447.72575101384,354887.516889568
1,All Population,44,Population,145,Kuwait,3,Both,10,25-29 years,1,Number,2023,449862.77020632074,484244.89529277256,411674.2237551488
1,All Population,44,Population,145,Kuwait,3,Both,11,30-34 years,1,Number,2023,436770.356682642,470151.8544016675,399693.2163648953
1,All Population,44,Population,145,Kuwait,3,Both,12,35-39 years,1,Number,2023,493256.22886135156,530954.830487364,451384.04103935754
1,All Population,44,Population,146,Lebanon,3,Both,10,25-29 years,1,Number,2023,463723.2542752615,542699.0615761239,387090.56124374137
1,All Population,44,Population,146,Lebanon,3,Both,11,30-34 years,1,Number,2023,584167.2794351816,683655.6748667308,487630.581326353
1,All Population,44,Population,146,Lebanon,3,Both,12,35-39 years,1,Number,2023,489993.229093221,573443.0248125943,409019.2853316362
1,All Population,44,Population,146,Lebanon,3,Both,13,40-44 years,1,Number,2023,402385.0264968436,470914.43928860244,335888.7964033041
1,All Population,44,Population,146,Lebanon,3,Both,14,45-49 years,1,Number,2023,336846.36539834895,394214.0160357371,281180.7418171077
1,All Population,44,Population,146,Lebanon,3,Both,15,50-54 years,1,Number,2023,270292.30583907076,316325.2637812254,225625.08867628404
1,All Population,44,Population,146,Lebanon,3,Both,16,55-59 years,1,Number,2023,237421.59881885655,277856.4104538377,198186.43790424295
1,All Population,44,Population,146,Lebanon,3,Both,17,60-64 years,1,Number,2023,203181.19787238448,237784.5932863286,169604.44229072757
1,All Population,44,Population,146,Lebanon,3,Both,18,65-69 years,1,Number,2023,157191.67052819472,183962.678810575,131214.92486439284
1,All Population,44,Population,146,Lebanon,3,Both,19,70-74 years,1,Number,2023,136563.98822371438,159821.9359732816,113996.07494305764
1,All Population,44,Population,146,Lebanon,3,Both,20,75-79 years,1,Number,2023,106526.20576577935,124668.47709137549,88922.19313324525
1,All Population,44,Population,146,Lebanon,3,Both,21,80+ years,1,Number,2023,139642.67417152048,163424.94694881095,116565.99193652824
1,All Population,44,Population,146,Lebanon,3,Both,23,5-14 years,1,Number,2023,970431.312599923,1135703.5857413546,810062.4628581292
1,All Population,44,Population,146,Lebanon,3,Both,24,15-49 years,1,Number,2023,3060446.83422115,3581665.5939137847,2554691.988795731
1,All Population,44,Population,146,Lebanon,3,Both,25,50-69 years,1,Number,2023,868086.7730585064,1015928.9463319669,724630.8937356477
1,All Population,44,Population,146,Lebanon,3,Both,26,70+ years,1,Number,2023,382732.86816101416,447915.3600134682,319484.26001283125
1,All Population,44,Population,146,Lebanon,3,Both,28,<1 year,1,Number,2023,80681.51271737386,94422.22453711605,67348.47077827128
1,All Population,44,Population,146,Lebanon,3,Both,30,80-84 years,1,Number,2023,72954.45155951165,85379.18259248254,60898.34688910756
1,All Population,44,Population,146,Lebanon,3,Both,31,85-89 years,1,Number,2023,43444.20210907875,50843.09984059017,36264.82049832144
1,All Population,44,Population,146,Lebanon,3,Both,32,90-94 years,1,Number,2023,19059.80754668169,22305.846372900975,15910.074667213654
1,All Population,44,Population,146,Lebanon,3,Both,34,2-4 years,1,Number,2023,259488.53176530215,303681.51991619525,216606.69477170912
1,All Population,44,Population,80,France,3,Both,157,25+ years,1,Number,2023,49285755.6943467,53847306.41627584,44773882.73880092
1,All Population,44,Population,80,France,3,Both,158,<20 years,1,Number,2023,16523208.240603669,18052482.80313525,15010588.309157992
1,All Population,44,Population,80,France,3,Both,159,10-24 years,1,Number,2023,12840242.616470348,14028647.200142454,11664780.404565088
1,All Population,44,Population,80,France,3,Both,162,10-19 years,1,Number,2023,8775867.625166131,9588101.601031143,7972479.318715173
1,All Population,44,Population,80,France,3,Both,235,95+ years,1,Number,2023,164222.30472728092,179421.592272577,149188.54568356174
1,All Population,44,Population,81,Germany,3,Both,1,<5 years,1,Number,2023,3950164.7370341597,4250094.377686774,3627860.388372262
1,All Population,44,Population,81,Germany,3,Both,6,5-9 years,1,Number,2023,4148101.076916009,4463059.704774214,3809646.5807668352
1,All Population,44,Population,81,Germany,3,Both,7,10-14 years,1,Number,2023,3890454.0962246694,4185850.004176665,3573021.6960700983
1,All Population,44,Population,81,Germany,3,Both,8,15-19 years,1,Number,2023,3963346.652316131,4264277.174546309,3639966.75645509
1,All Population,44,Population,16,Philippines,3,Both,26,70+ years,1,Number,2023,3872414.3435411835,4224609.558987035,3532948.638697805
1,All Population,44,Population,16,Philippines,3,Both,28,<1 year,1,Number,2023,1946691.8295482912,2123743.0145429918,1776039.8653201691
1,All Population,44,Population,16,Philippines,3,Both,30,80-84 years,1,Number,2023,594505.0728765642,648575.1758278774,542389.2439148175
1,All Population,44,Population,16,Philippines,3,Both,31,85-89 years,1,Number,2023,281387.7397605882,306979.8915389992,256720.57376595907
1,All Population,44,Population,16,Philippines,3,Both,32,90-94 years,1,Number,2023,93329.67427651823,101817.98720566901,85148.1573079314
1,All Population,44,Population,16,Philippines,3,Both,34,2-4 years,1,Number,2023,6149778.980590912,6709099.998659689,5610673.690951834
1,All Population,44,Population,25,Micronesia (Federated States of),3,Both,157,25+ years,1,Number,2023,53045.45751000182,60826.70311182735,45061.268275899914
1,All Population,44,Population,25,Micronesia (Federated States of),3,Both,158,<20 years,1,Number,2023,40803.645068259575,46789.13748607838,34662.04427982849
1,All Population,44,Population,25,Micronesia (Federated States of),3,Both,159,10-24 years,1,Number,2023,30819.724800036205,35340.67455345359,26180.863595002076
1,All Population,44,Population,25,Micronesia (Federated States of),3,Both,162,10-19 years,1,Number,2023,21225.836100229026,24339.45697471833,18031.00849327876
1,All Population,44,Population,25,Micronesia (Federated States of),3,Both,235,95+ years,1,Number,2023,8.707558321977455,9.984871273472898,7.396931612865964
1,All Population,44,Population,26,Papua New Guinea,3,Both,1,<5 years,1,Number,2023,1643935.1474749804,1876681.0475777646,1410382.314985777
1,All Population,44,Population,27,Samoa,3,Both,1,<5 years,1,Number,2023,29620.99023323347,32144.69526527663,27299.637601826482
1,All Population,44,Population,201,Burkina Faso,3,Both,14,45-49 years,1,Number,2023,778248.45694065,848930.7404407442,699385.5518745978
1,All Population,44,Population,201,Burkina Faso,3,Both,15,50-54 years,1,Number,2023,619479.6612291159,675742.2039261685,556705.4079965294
1,All Population,44,Population,201,Burkina Faso,3,Both,16,55-59 years,1,Number,2023,490277.53471698874,534805.648320735,440595.8291747796
1,All Population,44,Population,201,Burkina Faso,3,Both,17,60-64 years,1,Number,2023,382810.3394594996,417578.03954182315,344018.69754892646
1,All Population,44,Population,201,Burkina Faso,3,Both,18,65-69 years,1,Number,2023,287417.9532765603,313521.9012835654,258292.78821984754
1,All Population,44,Population,201,Burkina Faso,3,Both,19,70-74 years,1,Number,2023,206287.82764005146,225023.3543035944,185383.88980069873
1,All Population,44,Population,201,Burkina Faso,3,Both,20,75-79 years,1,Number,2023,139765.69983452058,152459.53652791737,125602.7046891531
1,All Population,44,Population,201,Burkina Faso,3,Both,21,80+ years,1,Number,2023,150495.8517546435,164164.22509280103,135245.5291052197
1,All Population,44,Population,201,Burkina Faso,3,Both,23,5-14 years,1,Number,2023,6589705.458862773,7188197.39967105,5921945.296435399
1,All Population,44,Population,201,Burkina Faso,3,Both,24,15-49 years,1,Number,2023,10974135.570965705,11970831.362236155,9862084.266531115
1,All Population,44,Population,201,Burkina Faso,3,Both,25,50-69 years,1,Number,2023,1779985.4886821646,1941647.793072292,1599612.7229400827
1,All Population,44,Population,201,Burkina Faso,3,Both,26,70+ years,1,Number,2023,496549.3792292155,541647.1159243128,446232.12359507155
1,All Population,44,Population,201,Burkina Faso,3,Both,28,<1 year,1,Number,2023,967889.9403334534,1055795.891896112,869809.935422213
1,All Population,44,Population,201,Burkina Faso,3,Both,30,80-84 years,1,Number,2023,82194.11374940084,89659.16889761451,73865.06853023167
1,All Population,44,Population,201,Burkina Faso,3,Both,31,85-89 years,1,Number,2023,41278.159543141905,45027.13527084191,37095.285104625145
1,All Population,44,Population,201,Burkina Faso,3,Both,32,90-94 years,1,Number,2023,17820.726050541194,19439.244660694923,16014.883437943337
1,All Population,44,Population,201,Burkina Faso,3,Both,34,2-4 years,1,Number,2023,2539152.586657476,2769764.162407517,2281850.5032367567
1,All Population,44,Population,202,Cameroon,3,Both,32,90-94 years,1,Number,2023,12561.501749669935,14771.096250649136,10311.084443895837
1,All Population,44,Population,202,Cameroon,3,Both,34,2-4 years,1,Number,2023,3040246.9788680184,3575032.7982706954,2495580.85920985
1,All Population,44,Population,84,Ireland,3,Both,26,70+ years,1,Number,2023,564757.7780668424,610650.1990012642,521571.7690932051
1,All Population,44,Population,84,Ireland,3,Both,28,<1 year,1,Number,2023,56309.44642906984,60885.172374718175,52003.56459224006
1,All Population,44,Population,84,Ireland,3,Both,30,80-84 years,1,Number,2023,102223.74363714442,110530.48194988887,94406.87828091373
1,All Population,44,Population,84,Ireland,3,Both,31,85-89 years,1,Number,2023,58139.56629144299,62864.008437817174,53693.7384886279
1,All Population,44,Population,84,Ireland,3,Both,32,90-94 years,1,Number,2023,24491.02231642916,26481.17163160488,22618.237999670837
1,All Population,44,Population,84,Ireland,3,Both,34,2-4 years,1,Number,2023,182966.9996813921,197834.96413020202,168975.84312367774
1,All Population,44,Population,143,Iraq,3,Both,157,25+ years,1,Number,2023,20851186.12457421,26774205.69475398,15028162.018776577
1,All Population,44,Population,143,Iraq,3,Both,158,<20 years,1,Number,2023,19181412.3148777,24630113.40295682,13824699.0024806
1,All Population,44,Population,143,Iraq,3,Both,159,10-24 years,1,Number,2023,13677915.889045928,17563285.431386348,9858141.154738657
1,All Population,44,Population,143,Iraq,3,Both,162,10-19 years,1,Number,2023,9533035.225218754,12241003.676741883,6870784.090620514
1,All Population,44,Population,143,Iraq,3,Both,235,95+ years,1,Number,2023,2517.793097651141,3233.0012254744106,1814.6594814893954
1,All Population,44,Population,144,Jordan,3,Both,1,<5 years,1,Number,2023,1144922.6446462884,1277417.2326578938,1006458.300760709
1,All Population,44,Population,144,Jordan,3,Both,6,5-9 years,1,Number,2023,1239362.9008983483,1382786.4568208754,1089477.1669481439
1,All Population,44,Population,144,Jordan,3,Both,7,10-14 years,1,Number,2023,1312279.365004855,1464141.0777899702,1153575.279519571
1,All Population,44,Population,144,Jordan,3,Both,8,15-19 years,1,Number,2023,1348475.003028743,1504525.4059146412,1185393.499301333
1,All Population,44,Population,144,Jordan,3,Both,9,20-24 years,1,Number,2023,1247876.3013670568,1392285.0587728056,1096960.9761028476
1,All Population,44,Population,144,Jordan,3,Both,10,25-29 years,1,Number,2023,1151256.306620005,1284483.8488951463,1012025.9840426033
1,All Population,44,Population,144,Jordan,3,Both,11,30-34 years,1,Number,2023,1022077.8825372834,1140356.4305210975,898470.1051321916
1,All Population,44,Population,144,Jordan,3,Both,12,35-39 years,1,Number,2023,963275.4490593274,1074749.1668354652,846779.1043859343
1,All Population,44,Population,144,Jordan,3,Both,13,40-44 years,1,Number,2023,889573.8577514614,992518.5609065703,781990.8161134184
1,All Population,44,Population,144,Jordan,3,Both,14,45-49 years,1,Number,2023,747780.6797765816,834316.5637101597,657345.7829914236
1,All Population,44,Population,80,France,3,Both,20,75-79 years,1,Number,2023,2662071.710201572,2908454.7667342713,2418371.8990539117
1,All Population,44,Population,80,France,3,Both,21,80+ years,1,Number,2023,4064261.8545778748,4440421.99122736,3692198.3062445847
1,All Population,44,Population,80,France,3,Both,23,5-14 years,1,Number,2023,8513628.437919814,9301591.357430935,7734246.862828697
1,All Population,44,Population,80,France,3,Both,24,15-49 years,1,Number,2023,29864472.14169949,32628522.373633485,27130523.918942697
1,All Population,44,Population,80,France,3,Both,25,50-69 years,1,Number,2023,17522035.72846976,19143754.896631703,15917977.963389006
1,All Population,44,Population,80,France,3,Both,26,70+ years,1,Number,2023,10354646.264624475,11313001.137716869,9406728.396927837
1,All Population,44,Population,80,France,3,Both,28,<1 year,1,Number,2023,690225.1965285643,754107.6956231185,627038.4125667487
1,All Population,44,Population,80,France,3,Both,30,80-84 years,1,Number,2023,1884480.4060367786,2058894.9571685235,1711965.3241542343
1,All Population,44,Population,81,Germany,3,Both,26,70+ years,1,Number,2023,13602928.81134381,14635777.267500278,12493030.009065978
1,All Population,44,Population,81,Germany,3,Both,28,<1 year,1,Number,2023,758950.9930582944,816576.9185005405,697026.181874948
1,All Population,44,Population,81,Germany,3,Both,30,80-84 years,1,Number,2023,3234559.201055914,3480154.066947686,2970642.993528982
1,All Population,44,Population,81,Germany,3,Both,31,85-89 years,1,Number,2023,1951007.7817061355,2099144.6574651273,1791819.9163440403
1,All Population,44,Population,81,Germany,3,Both,32,90-94 years,1,Number,2023,651908.349082194,701406.6991245436,598717.4292533807
1,All Population,44,Population,81,Germany,3,Both,34,2-4 years,1,Number,2023,2417851.9508412024,2601435.5517903385,2220573.0396933425
1,All Population,44,Population,17,Sri Lanka,3,Both,23,5-14 years,1,Number,2023,3436567.180565841,3905297.3637877977,2940344.227951519
1,All Population,44,Population,17,Sri Lanka,3,Both,24,15-49 years,1,Number,2023,11214063.045755727,12743603.878196014,9594808.952066856
1,All Population,44,Population,17,Sri Lanka,3,Both,25,50-69 years,1,Number,2023,4719046.619159022,5362700.437114404,4037640.109742799
1,All Population,44,Population,17,Sri Lanka,3,Both,26,70+ years,1,Number,2023,1863577.7897832545,2117760.2669346677,1594486.5645331615
1,All Population,44,Population,17,Sri Lanka,3,Both,28,<1 year,1,Number,2023,260972.72700015054,296568.07192297926,223289.58264721418
1,All Population,44,Population,17,Sri Lanka,3,Both,30,80-84 years,1,Number,2023,301700.5991490041,342851.0174841993,258136.55565762133
1,All Population,44,Population,17,Sri Lanka,3,Both,31,85-89 years,1,Number,2023,153749.3922553646,174720.0228339455,131548.75616157157
1,All Population,44,Population,17,Sri Lanka,3,Both,32,90-94 years,1,Number,2023,53414.82103603756,60700.3293748757,45701.99052372849
1,All Population,44,Population,17,Sri Lanka,3,Both,34,2-4 years,1,Number,2023,889602.7084144533,1010939.9669636076,761148.5681550935
1,All Population,44,Population,194,Lesotho,3,Both,157,25+ years,1,Number,2023,903141.6608798046,1008578.22371095,807223.4569921433
1,All Population,44,Population,194,Lesotho,3,Both,158,<20 years,1,Number,2023,825709.0028605849,922105.7509361214,738014.5381726138
1,All Population,44,Population,194,Lesotho,3,Both,159,10-24 years,1,Number,2023,605548.9828811723,676243.3225916111,541236.6237908165
1,All Population,44,Population,194,Lesotho,3,Both,162,10-19 years,1,Number,2023,415374.5271716029,463867.0996324081,371259.655371564
1,All Population,44,Population,194,Lesotho,3,Both,235,95+ years,1,Number,2023,1027.709645739368,1147.6887999836918,918.5616929793146
1,All Population,44,Population,195,Namibia,3,Both,1,<5 years,1,Number,2023,340640.24416805734,364429.52024843835,318222.55002946046
1,All Population,44,Population,195,Namibia,3,Both,6,5-9 years,1,Number,2023,387026.84730545233,414055.6223216141,361556.4290713738
1,All Population,44,Population,195,Namibia,3,Both,7,10-14 years,1,Number,2023,337801.88575269567,361392.939535171,315570.9853118508
1,All Population,44,Population,195,Namibia,3,Both,8,15-19 years,1,Number,2023,293691.88992164866,314202.4360815088,274363.88898233
1,All Population,44,Population,195,Namibia,3,Both,9,20-24 years,1,Number,2023,271948.43413306365,290940.48363390594,254051.38021110353
1,All Population,44,Population,195,Namibia,3,Both,10,25-29 years,1,Number,2023,259662.78736667245,277796.84475485195,242574.25761711728
1,All Population,44,Population,196,South Africa,3,Both,8,15-19 years,1,Number,2023,5268458.620332685,5659716.99929082,4900903.39425781
1,All Population,44,Population,196,South Africa,3,Both,9,20-24 years,1,Number,2023,5476587.702588248,5883302.641653562,5094512.303272197
1,All Population,44,Population,196,South Africa,3,Both,10,25-29 years,1,Number,2023,5901282.562904684,6339537.167472537,5489578.229085092
1,All Population,44,Population,196,South Africa,3,Both,11,30-34 years,1,Number,2023,5822987.622197425,6255427.707986765,5416745.552904523
1,All Population,44,Population,196,South Africa,3,Both,12,35-39 years,1,Number,2023,5543312.667478209,5954982.88919453,5156582.185656561
1,All Population,44,Population,196,South Africa,3,Both,13,40-44 years,1,Number,2023,4536084.173997685,4872953.279106822,4219623.219434261
1,All Population,44,Population,196,South Africa,3,Both,14,45-49 years,1,Number,2023,3500810.7070234255,3760795.955267204,3256575.8437373424
1,All Population,44,Population,196,South Africa,3,Both,15,50-54 years,1,Number,2023,2912393.4692394244,3128680.324614009,2709209.6697360906
1,All Population,44,Population,196,South Africa,3,Both,16,55-59 years,1,Number,2023,2578665.3754928075,2770168.1483905613,2398764.1931236726
1,All Population,44,Population,196,South Africa,3,Both,17,60-64 years,1,Number,2023,2194870.7669525985,2357871.302818294,2041745.1036250088
1,All Population,44,Population,196,South Africa,3,Both,18,65-69 years,1,Number,2023,1689782.8120610497,1815273.3457224069,1571894.7259503307
1,All Population,44,Population,196,South Africa,3,Both,19,70-74 years,1,Number,2023,1123356.473251324,1206781.7527097561,1044985.2508040094
1,All Population,44,Population,435,South Sudan,3,Both,1,<5 years,1,Number,2023,1397114.2847093162,1617731.2795256176,1176082.1019658132
1,All Population,44,Population,435,South Sudan,3,Both,6,5-9 years,1,Number,2023,1277757.1077099666,1479526.523636304,1075607.9738673333
1,All Population,44,Population,435,South Sudan,3,Both,7,10-14 years,1,Number,2023,1350567.8643113382,1563834.7579225723,1136899.615221697
1,All Population,44,Population,435,South Sudan,3,Both,8,15-19 years,1,Number,2023,1243668.7137275934,1440055.2636129686,1046912.5761563508
1,All Population,44,Population,435,South Sudan,3,Both,9,20-24 years,1,Number,2023,988898.7551368547,1145054.8219122125,832448.8120273623
1,All Population,44,Population,435,South Sudan,3,Both,10,25-29 years,1,Number,2023,611921.0735782913,708548.9513368352,515111.34796024824
1,All Population,44,Population,22,Fiji,3,Both,235,95+ years,1,Number,2023,169.5318976142661,187.86598798281983,152.24009089402108
1,All Population,44,Population,23,Kiribati,3,Both,1,<5 years,1,Number,2023,14931.079013285838,16239.592503340267,13568.56038953234
1,All Population,44,Population,23,Kiribati,3,Both,6,5-9 years,1,Number,2023,14627.281419307159,15909.171029760293,13292.485499269796
1,All Population,44,Population,23,Kiribati,3,Both,7,10-14 years,1,Number,2023,13366.464518129256,14537.86004290969,12146.723009596208
1,All Population,44,Population,23,Kiribati,3,Both,8,15-19 years,1,Number,2023,12240.4404107737,13313.15467257975,11123.452950739234
1,All Population,44,Population,23,Kiribati,3,Both,9,20-24 years,1,Number,2023,11905.86846433585,12949.261877667519,10819.41198652989
1,All Population,44,Population,23,Kiribati,3,Both,10,25-29 years,1,Number,2023,10856.63338500431,11808.075087791682,9865.9236603307
1,All Population,44,Population,23,Kiribati,3,Both,11,30-34 years,1,Number,2023,10161.982844295891,11052.54752656909,9234.66266420064
1,All Population,44,Population,23,Kiribati,3,Both,12,35-39 years,1,Number,2023,8999.818363191764,9788.534552142157,8178.55018027369
1,All Population,44,Population,23,Kiribati,3,Both,13,40-44 years,1,Number,2023,6686.121979778773,7272.072988336501,6075.987527336988
1,All Population,44,Population,23,Kiribati,3,Both,14,45-49 years,1,Number,2023,5295.702331162643,5759.801270929358,4812.4490414544125
1,All Population,44,Population,23,Kiribati,3,Both,15,50-54 years,1,Number,2023,5154.526523134922,5606.253252620704,4684.156071129851
1,All Population,44,Population,24,Marshall Islands,3,Both,12,35-39 years,1,Number,2023,2815.60718809328,3032.789853569014,2603.6230957745993
1,All Population,44,Population,24,Marshall Islands,3,Both,13,40-44 years,1,Number,2023,2732.1357357497777,2942.87980688332,2526.4361209442914
1,All Population,44,Population,24,Marshall Islands,3,Both,14,45-49 years,1,Number,2023,2333.495712350729,2513.49057130253,2157.809284000904
1,All Population,44,Population,24,Marshall Islands,3,Both,15,50-54 years,1,Number,2023,1907.5490888140614,2054.6884331751617,1763.9317320124494
1,All Population,44,Population,24,Marshall Islands,3,Both,16,55-59 years,1,Number,2023,1500.6669354681862,1616.421308597555,1387.6833063834388
1,All Population,44,Population,24,Marshall Islands,3,Both,17,60-64 years,1,Number,2023,1131.4910041343762,1218.76888624766,1046.302241123507
1,All Population,44,Population,24,Marshall Islands,3,Both,18,65-69 years,1,Number,2023,801.8605454819067,863.7122879209935,741.4893116610216
1,All Population,44,Population,24,Marshall Islands,3,Both,19,70-74 years,1,Number,2023,517.0707926995555,556.9551961323328,478.1410786689758
1,All Population,44,Population,24,Marshall Islands,3,Both,20,75-79 years,1,Number,2023,257.5163579482974,277.3799558462303,238.12822325829825
1,All Population,44,Population,24,Marshall Islands,3,Both,21,80+ years,1,Number,2023,110.53781087839539,119.06417652483344,102.21553580925872
1,All Population,44,Population,24,Marshall Islands,3,Both,23,5-14 years,1,Number,2023,9130.08984545263,9834.34193610422,8442.695021039304
1,All Population,44,Population,24,Marshall Islands,3,Both,24,15-49 years,1,Number,2023,21896.226554317367,23585.19825002737,20247.682776282592
1,All Population,44,Population,24,Marshall Islands,3,Both,25,50-69 years,1,Number,2023,5341.56757389853,5753.59091594137,4939.4065911804155
1,All Population,44,Population,24,Marshall Islands,3,Both,26,70+ years,1,Number,2023,885.1249615262483,953.3993285033968,818.4848377365329
1,All Population,44,Population,24,Marshall Islands,3,Both,28,<1 year,1,Number,2023,848.1840095014206,913.6089255821901,784.3251309853664
1,All Population,44,Population,24,Marshall Islands,3,Both,30,80-84 years,1,Number,2023,82.1486527731366,88.48521259226125,75.96376744291103
1,All Population,44,Population,27,Samoa,3,Both,6,5-9 years,1,Number,2023,28646.19633954956,31086.849041629255,26401.236845318785
1,All Population,44,Population,27,Samoa,3,Both,7,10-14 years,1,Number,2023,25624.98555538665,27808.2314388955,23616.793824442302
1,All Population,44,Population,27,Samoa,3,Both,8,15-19 years,1,Number,2023,20757.605835745475,22526.151515290796,19130.86336194207
1,All Population,44,Population,27,Samoa,3,Both,9,20-24 years,1,Number,2023,16418.534821960813,17817.392139785035,15131.838843443371
1,All Population,44,Population,27,Samoa,3,Both,10,25-29 years,1,Number,2023,14069.024599962155,15267.703911466982,12966.456217902816
1,All Population,44,Population,27,Samoa,3,Both,11,30-34 years,1,Number,2023,12642.606628499821,13719.755289475032,11651.824486045167
1,All Population,44,Population,27,Samoa,3,Both,12,35-39 years,1,Number,2023,11434.657530113724,12408.889063942093,10538.540548953986
1,All Population,44,Population,27,Samoa,3,Both,13,40-44 years,1,Number,2023,10693.697832379592,11604.799683405703,9855.648752750434
1,All Population,44,Population,27,Samoa,3,Both,14,45-49 years,1,Number,2023,10130.930359617458,10994.08448534145,9336.984523785364
1,All Population,44,Population,27,Samoa,3,Both,15,50-54 years,1,Number,2023,9751.726788617378,10582.572812796941,8987.498568585726
1,All Population,44,Population,27,Samoa,3,Both,16,55-59 years,1,Number,2023,8536.516107672423,9263.826318688913,7867.522128282751
1,All Population,44,Population,27,Samoa,3,Both,17,60-64 years,1,Number,2023,7018.852526377458,7616.857971182401,6468.795568346272
1,All Population,44,Population,27,Samoa,3,Both,18,65-69 years,1,Number,2023,5078.162255680168,5510.821107976501,4680.194286948692
1,All Population,44,Population,27,Samoa,3,Both,19,70-74 years,1,Number,2023,3676.9326490978524,3990.206896715707,3388.776945548376
1,All Population,44,Population,27,Samoa,3,Both,20,75-79 years,1,Number,2023,2118.995317528533,2299.533479946978,1952.9328288152046
1,All Population,44,Population,27,Samoa,3,Both,21,80+ years,1,Number,2023,2993.25913859668,3248.2844801131228,2758.6819039008396
1,All Population,44,Population,27,Samoa,3,Both,23,5-14 years,1,Number,2023,54271.181894936206,58895.08048052475,50018.030669761094
1,All Population,44,Population,27,Samoa,3,Both,24,15-49 years,1,Number,2023,96147.05760827904,104338.77608870708,88612.1567348232
1,All Population,44,Population,27,Samoa,3,Both,25,50-69 years,1,Number,2023,30385.25767834743,32974.07821064475,28004.010552163447
1,All Population,44,Population,27,Samoa,3,Both,26,70+ years,1,Number,2023,8789.187105223065,9538.02485677581,8100.391678264419
1,All Population,44,Population,27,Samoa,3,Both,28,<1 year,1,Number,2023,5996.724422103455,6507.644667533297,5526.770112424295
1,All Population,44,Population,27,Samoa,3,Both,30,80-84 years,1,Number,2023,1519.3291421863782,1648.7758139983023,1400.261593315894
1,All Population,44,Population,27,Samoa,3,Both,31,85-89 years,1,Number,2023,940.7795810046409,1020.9338953584218,867.0520945585981
1,All Population,44,Population,27,Samoa,3,Both,32,90-94 years,1,Number,2023,382.9686785666346,415.59756685171175,352.955996926448
1,All Population,44,Population,27,Samoa,3,Both,34,2-4 years,1,Number,2023,17676.397068645638,19182.42410823068,16291.124310172563
1,All Population,44,Population,196,South Africa,3,Both,20,75-79 years,1,Number,2023,692945.7980711437,744406.9310508778,644602.2752645452
1,All Population,44,Population,196,South Africa,3,Both,21,80+ years,1,Number,2023,730862.3216842752,785139.29865818,679873.5438964926
1,All Population,44,Population,196,South Africa,3,Both,23,5-14 years,1,Number,2023,10867416.192379873,11674477.222808056,10109248.404931687
1,All Population,44,Population,196,South Africa,3,Both,24,15-49 years,1,Number,2023,36049524.05652236,38726716.639972225,33534520.728347782
1,All Population,44,Population,196,South Africa,3,Both,25,50-69 years,1,Number,2023,9375712.42374588,10071993.121545268,8721613.692435103
1,All Population,44,Population,196,South Africa,3,Both,26,70+ years,1,Number,2023,2547164.5930067427,2736327.982418815,2369461.0699650464
1,All Population,44,Population,196,South Africa,3,Both,28,<1 year,1,Number,2023,1046017.130388245,1123698.8578708651,973041.5049644724
1,All Population,44,Population,196,South Africa,3,Both,30,80-84 years,1,Number,2023,408263.5854883141,438582.99390680646,379780.98264824075
1,All Population,44,Population,196,South Africa,3,Both,31,85-89 years,1,Number,2023,193948.3258162616,208351.7620068116,180417.47630609915
1,All Population,44,Population,196,South Africa,3,Both,32,90-94 years,1,Number,2023,82725.54029944565,88869.09444469072,76954.17397427767
1,All Population,44,Population,196,South Africa,3,Both,34,2-4 years,1,Number,2023,3134601.259944119,3367390.220820198,2915915.082870074
1,All Population,44,Population,139,Algeria,3,Both,1,<5 years,1,Number,2023,4461920.928333061,5178365.8338992745,3753330.1038898733
1,All Population,44,Population,139,Algeria,3,Both,6,5-9 years,1,Number,2023,4401335.665024596,5108052.472772199,3702366.293396551
1,All Population,44,Population,139,Algeria,3,Both,7,10-14 years,1,Number,2023,3814907.4606421567,4427462.245741117,3209067.8534125434
1,All Population,44,Population,139,Algeria,3,Both,8,15-19 years,1,Number,2023,3128058.215903503,3630326.501042266,2631296.084589486
1,All Population,44,Population,139,Algeria,3,Both,9,20-24 years,1,Number,2023,2954792.8827866004,3429240.176200794,2485546.753484434
1,All Population,44,Population,139,Algeria,3,Both,10,25-29 years,1,Number,2023,3334603.5105980844,3870036.5080949143,2805040.2375777815
1,All Population,44,Population,139,Algeria,3,Both,11,30-34 years,1,Number,2023,3645015.9448356223,4230291.467716913,3066156.5488613956
1,All Population,44,Population,139,Algeria,3,Both,12,35-39 years,1,Number,2023,3719114.684969002,4316288.147264754,3128487.7816353543
1,All Population,44,Population,139,Algeria,3,Both,13,40-44 years,1,Number,2023,3376037.9580508065,3918124.0314916666,2839894.543931535
1,All Population,44,Population,139,Algeria,3,Both,14,45-49 years,1,Number,2023,2720455.146657704,3157275.1311329664,2288423.834092273
1,All Population,44,Population,139,Algeria,3,Both,15,50-54 years,1,Number,2023,2325796.032693542,2699246.1107593398,1956439.9291758796
1,All Population,44,Population,139,Algeria,3,Both,16,55-59 years,1,Number,2023,1960307.3035907596,2275071.3264320455,1648993.9050065496
1,All Population,44,Population,139,Algeria,3,Both,17,60-64 years,1,Number,2023,1524166.6990626242,1768900.1858985382,1282116.1214695515
1,All Population,44,Population,139,Algeria,3,Both,18,65-69 years,1,Number,2023,1200656.147648969,1393443.9612692397,1009981.7849248394
1,All Population,44,Population,139,Algeria,3,Both,19,70-74 years,1,Number,2023,857403.5748938328,995075.7643193045,721240.6271919486
1,All Population,44,Population,139,Algeria,3,Both,20,75-79 years,1,Number,2023,493152.4052391632,572337.2527692425,414835.6275514177
1,All Population,44,Population,139,Algeria,3,Both,21,80+ years,1,Number,2023,564521.5961751031,655166.1029151315,474870.78665276966
1,All Population,44,Population,139,Algeria,3,Both,23,5-14 years,1,Number,2023,8216243.125666753,9535514.718513316,6911434.1468090955
1,All Population,44,Population,139,Algeria,3,Both,24,15-49 years,1,Number,2023,22878078.343801323,26551581.962944265,19244845.78417226
1,All Population,44,Population,139,Algeria,3,Both,25,50-69 years,1,Number,2023,7010926.182995895,8136661.584359164,5897531.74057682
1,All Population,44,Population,139,Algeria,3,Both,26,70+ years,1,Number,2023,1915077.576308099,2222579.1200036784,1610947.0413961357
1,All Population,44,Population,139,Algeria,3,Both,28,<1 year,1,Number,2023,866669.9885443975,1005830.0740934111,729035.4558920517
1,All Population,44,Population,139,Algeria,3,Both,30,80-84 years,1,Number,2023,328719.4856740273,381501.5507653259,276516.04793822696
1,All Population,44,Population,136,Paraguay,3,Both,157,25+ years,1,Number,2023,3536288.133512247,3801624.228881473,3262165.516743431
1,All Population,44,Population,136,Paraguay,3,Both,158,<20 years,1,Number,2023,2244476.9586149957,2412885.3942007027,2070491.7306178145
1,All Population,44,Population,136,Paraguay,3,Both,159,10-24 years,1,Number,2023,1675431.5682394383,1801143.1770198746,1545557.05904702
1,All Population,44,Population,136,Paraguay,3,Both,162,10-19 years,1,Number,2023,1134670.5659972196,1219807.5927736748,1046714.2533387296
1,All Population,44,Population,136,Paraguay,3,Both,235,95+ years,1,Number,2023,2567.1675217024376,2759.7881964466887,2368.168273857197
1,All Population,44,Population,81,Germany,3,Both,9,20-24 years,1,Number,2023,4493529.155734479,4834715.580772894,4126890.2725116895
1,All Population,44,Population,81,Germany,3,Both,10,25-29 years,1,Number,2023,5062216.058431851,5446581.96324506,4649176.512459981
1,All Population,44,Population,81,Germany,3,Both,11,30-34 years,1,Number,2023,5480836.607727561,5896987.696015,5033640.708170666
1,All Population,44,Population,81,Germany,3,Both,12,35-39 years,1,Number,2023,5621577.549557293,6048414.870677592,5162898.225736793
1,All Population,44,Population,81,Germany,3,Both,13,40-44 years,1,Number,2023,5383152.853545851,5791886.9718485605,4943927.228866662
1,All Population,44,Population,81,Germany,3,Both,14,45-49 years,1,Number,2023,4926849.339220993,5300937.067261322,4524854.720529426
1,All Population,44,Population,81,Germany,3,Both,15,50-54 years,1,Number,2023,5586417.076656916,6010584.719750039,5130606.588460044
1,All Population,44,Population,81,Germany,3,Both,16,55-59 years,1,Number,2023,6765523.037250206,7279218.295163168,6213506.187057982
1,All Population,44,Population,81,Germany,3,Both,17,60-64 years,1,Number,2023,6384647.843216253,6869423.861632923,5863707.603622997
1,All Population,44,Population,81,Germany,3,Both,18,65-69 years,1,Number,2023,5184533.23528996,5578186.486161611,4761513.508580866
1,All Population,44,Population,81,Germany,3,Both,19,70-74 years,1,Number,2023,4397183.220615227,4731054.254113704,4038405.4560879944
1,All Population,44,Population,81,Germany,3,Both,20,75-79 years,1,Number,2023,3130700.5663764053,3368409.6135614156,2875258.4584963727
1,All Population,44,Population,81,Germany,3,Both,21,80+ years,1,Number,2023,6075045.024352177,6536313.39982516,5579366.094481613
1,All Population,44,Population,81,Germany,3,Both,23,5-14 years,1,Number,2023,8038555.173140679,8648909.708950879,7382668.2768369345
1,All Population,44,Population,81,Germany,3,Both,24,15-49 years,1,Number,2023,34931508.21653416,37583801.32436675,32081354.424730305
1,All Population,44,Population,81,Germany,3,Both,25,50-69 years,1,Number,2023,23921121.192413334,25737413.362707745,21969333.887721892
1,All Population,44,Population,82,Greece,3,Both,23,5-14 years,1,Number,2023,972130.3531160782,1049188.123342154,887910.8958394683
1,All Population,44,Population,82,Greece,3,Both,24,15-49 years,1,Number,2023,4518983.351563865,4877189.202912994,4127486.137130834
1,All Population,44,Population,82,Greece,3,Both,25,50-69 years,1,Number,2023,2973737.354497836,3209456.3288525348,2716110.8486735863
1,All Population,44,Population,82,Greece,3,Both,26,70+ years,1,Number,2023,1801922.9137904805,1944755.7771105994,1645815.2792872698
1,All Population,44,Population,82,Greece,3,Both,28,<1 year,1,Number,2023,76795.8871972463,82883.25995644914,70142.75892067705
1,All Population,44,Population,82,Greece,3,Both,30,80-84 years,1,Number,2023,369801.43586609454,399114.4533877683,337764.09012442245
1,All Population,44,Population,82,Greece,3,Both,31,85-89 years,1,Number,2023,273312.96970390005,294977.6445612798,249634.79742861004
1,All Population,44,Population,82,Greece,3,Both,32,90-94 years,1,Number,2023,108477.3299222387,117075.992783749,99079.5142655396
1,All Population,44,Population,82,Greece,3,Both,34,2-4 years,1,Number,2023,251587.61463197583,271530.18770141527,229791.59489665562
1,All Population,44,Population,210,Liberia,3,Both,157,25+ years,1,Number,2023,2503429.2584241224,2682935.0673424015,2333066.821062236
1,All Population,44,Population,210,Liberia,3,Both,158,<20 years,1,Number,2023,2651016.296030011,2841104.6810215493,2470610.320443527
1,All Population,44,Population,210,Liberia,3,Both,159,10-24 years,1,Number,2023,1840236.0845091757,1972188.3119742996,1715005.0225075968
1,All Population,44,Population,210,Liberia,3,Both,162,10-19 years,1,Number,2023,1260150.3924597942,1350508.1746084196,1174395.1063539155
1,All Population,44,Population,211,Mali,3,Both,159,10-24 years,1,Number,2023,7676115.77622435,8249493.248989897,7087734.989159165
1,All Population,44,Population,211,Mali,3,Both,162,10-19 years,1,Number,2023,5636582.86276995,6057614.766287994,5204534.003967306
1,All Population,44,Population,211,Mali,3,Both,235,95+ years,1,Number,2023,3947.641757773452,4242.516004129494,3645.051667654644
1,All Population,44,Population,212,Mauritania,3,Both,1,<5 years,1,Number,2023,665793.093403978,750069.8962894515,578884.3577119024
1,All Population,44,Population,212,Mauritania,3,Both,6,5-9 years,1,Number,2023,643131.0001283006,724539.2109738628,559180.441524929
1,All Population,44,Population,212,Mauritania,3,Both,7,10-14 years,1,Number,2023,588167.8023008482,662618.712695039,511391.8180210929
1,All Population,44,Population,212,Mauritania,3,Both,8,15-19 years,1,Number,2023,511216.84707940865,575927.2231404937,444485.59035067196
1,All Population,44,Population,212,Mauritania,3,Both,9,20-24 years,1,Number,2023,419235.9296868222,472303.2627047791,364511.3238494557
1,All Population,44,Population,212,Mauritania,3,Both,10,25-29 years,1,Number,2023,348983.3892693563,393158.08047468006,303429.1390985269
1,All Population,44,Population,212,Mauritania,3,Both,11,30-34 years,1,Number,2023,291484.06677330786,328380.43215029885,253435.44180464675
1,All Population,44,Population,212,Mauritania,3,Both,12,35-39 years,1,Number,2023,245615.4515748226,276705.71851070697,213554.24731439626
1,All Population,44,Population,212,Mauritania,3,Both,13,40-44 years,1,Number,2023,203459.21831302575,229213.304089634,176900.84213931244
1,All Population,44,Population,212,Mauritania,3,Both,14,45-49 years,1,Number,2023,165859.0485380205,186853.6645514515,144208.77857527137
1,All Population,44,Population,212,Mauritania,3,Both,15,50-54 years,1,Number,2023,134945.1305129293,152026.62967124526,117330.18257058892
1,All Population,44,Population,212,Mauritania,3,Both,16,55-59 years,1,Number,2023,109683.99434390305,123567.9118290664,95366.48734582214
1,All Population,44,Population,212,Mauritania,3,Both,17,60-64 years,1,Number,2023,90256.41527347422,101681.16899127327,78474.87080083264
1,All Population,44,Population,76,Belgium,3,Both,157,25+ years,1,Number,2023,8371687.205929857,9034576.526766768,7751481.493699051
1,All Population,44,Population,76,Belgium,3,Both,158,<20 years,1,Number,2023,2570736.9046652187,2774293.7264701296,2380287.1573566273
1,All Population,44,Population,76,Belgium,3,Both,159,10-24 years,1,Number,2023,2013875.0113951063,2173338.2361568413,1864679.6634249364
1,All Population,44,Population,76,Belgium,3,Both,162,10-19 years,1,Number,2023,1345208.5682357275,1451725.2562398075,1245550.516323484
1,All Population,44,Population,77,Cyprus,3,Both,158,<20 years,1,Number,2023,295866.06202445785,337606.90849578095,255598.72243363585
1,All Population,44,Population,77,Cyprus,3,Both,159,10-24 years,1,Number,2023,219766.80513882719,250771.552388394,189856.5663207514
1,All Population,44,Population,77,Cyprus,3,Both,162,10-19 years,1,Number,2023,143025.2087308185,163203.23536324967,123559.49302620358
1,All Population,44,Population,77,Cyprus,3,Both,235,95+ years,1,Number,2023,567.6836353065976,647.7725623821758,490.42195288641705
1,All Population,44,Population,78,Denmark,3,Both,1,<5 years,1,Number,2023,305844.67716253124,310599.2134000191,300968.51828052447
1,All Population,44,Population,78,Denmark,3,Both,6,5-9 years,1,Number,2023,305342.5619946214,310089.29255511216,300474.4084614685
1,All Population,44,Population,144,Jordan,3,Both,15,50-54 years,1,Number,2023,672968.1258196865,750846.430517702,591580.8893690364
1,All Population,44,Population,144,Jordan,3,Both,16,55-59 years,1,Number,2023,515424.05998922634,575070.7957742795,453089.8449896634
1,All Population,44,Population,145,Kuwait,3,Both,13,40-44 years,1,Number,2023,458840.696168122,493908.98644511396,419890.0196512187
1,All Population,44,Population,145,Kuwait,3,Both,14,45-49 years,1,Number,2023,427883.1687146665,460585.43616922345,391560.4557756951
1,All Population,44,Population,145,Kuwait,3,Both,15,50-54 years,1,Number,2023,305021.98157005385,328334.210585247,279128.8717524216
1,All Population,44,Population,145,Kuwait,3,Both,16,55-59 years,1,Number,2023,240154.5263265645,258509.0635567749,219767.97093351645
1,All Population,44,Population,145,Kuwait,3,Both,17,60-64 years,1,Number,2023,153081.82818740947,164781.570672853,140086.81527739676
1,All Population,44,Population,145,Kuwait,3,Both,18,65-69 years,1,Number,2023,93192.78350992003,100315.32432013903,85281.71111699812
1,All Population,44,Population,145,Kuwait,3,Both,19,70-74 years,1,Number,2023,43155.96389397086,46454.28917691968,39492.48329286632
1,All Population,44,Population,145,Kuwait,3,Both,20,75-79 years,1,Number,2023,16867.726722066294,18156.893838109674,15435.836803378705
1,All Population,44,Population,145,Kuwait,3,Both,21,80+ years,1,Number,2023,15495.633497251541,16679.934231788808,14180.219644870003
1,All Population,44,Population,145,Kuwait,3,Both,23,5-14 years,1,Number,2023,578239.6963638124,622433.4169537924,529153.3194351916
1,All Population,44,Population,145,Kuwait,3,Both,24,15-49 years,1,Number,2023,2984879.41358918,3213007.8655589446,2731495.0179773383
1,All Population,44,Population,145,Kuwait,3,Both,25,50-69 years,1,Number,2023,791451.1195939479,851940.169135014,724265.3690803332
1,All Population,44,Population,145,Kuwait,3,Both,26,70+ years,1,Number,2023,75519.32411328869,81291.11724681816,69108.53974111502
1,All Population,44,Population,145,Kuwait,3,Both,28,<1 year,1,Number,2023,46868.83756095225,50450.93046216786,42890.17362419666
1,All Population,44,Population,145,Kuwait,3,Both,30,80-84 years,1,Number,2023,7479.896914483363,8051.570696756082,6844.933521896509
1,All Population,44,Population,145,Kuwait,3,Both,31,85-89 years,1,Number,2023,5911.437970150422,6363.2375259067185,5409.61999705437
1,All Population,44,Population,145,Kuwait,3,Both,32,90-94 years,1,Number,2023,1846.2514226472897,1987.3567808999533,1689.5243874628216
1,All Population,44,Population,145,Kuwait,3,Both,34,2-4 years,1,Number,2023,154513.6334164878,166322.8059542627,141397.075528493
1,All Population,44,Population,19,Timor-Leste,3,Both,157,25+ years,1,Number,2023,624032.9072034496,669951.3044854037,576573.08556164
1,All Population,44,Population,19,Timor-Leste,3,Both,158,<20 years,1,Number,2023,669348.8540980213,718601.7480526562,618442.6008140345
1,All Population,44,Population,19,Timor-Leste,3,Both,159,10-24 years,1,Number,2023,454501.10486525856,487944.7935832417,419934.75247596396
1,All Population,44,Population,19,Timor-Leste,3,Both,162,10-19 years,1,Number,2023,313141.4047855715,336183.38104097644,289325.9376071017
1,All Population,44,Population,19,Timor-Leste,3,Both,235,95+ years,1,Number,2023,243.97517922040305,261.92767672022813,225.42003836618244
1,All Population,44,Population,20,Viet Nam,3,Both,1,<5 years,1,Number,2023,7850619.298573913,8577313.429158352,7129373.712055117
1,All Population,44,Population,20,Viet Nam,3,Both,6,5-9 years,1,Number,2023,8772013.352593418,9583996.506316837,7966118.215557386
1,All Population,44,Population,20,Viet Nam,3,Both,7,10-14 years,1,Number,2023,8386176.782642412,9162444.89783388,7615728.903027875
1,All Population,44,Population,20,Viet Nam,3,Both,8,15-19 years,1,Number,2023,7200417.295310218,7866925.348657183,6538906.528092213
1,All Population,44,Population,20,Viet Nam,3,Both,9,20-24 years,1,Number,2023,6432826.722687953,7028282.602620031,5841835.400077053
1,All Population,44,Population,20,Viet Nam,3,Both,10,25-29 years,1,Number,2023,7253846.183729391,7925299.89271717,6587426.841977409
1,All Population,44,Population,20,Viet Nam,3,Both,11,30-34 years,1,Number,2023,8890655.539090171,9713620.830309743,8073860.605473598
1,All Population,44,Population,20,Viet Nam,3,Both,12,35-39 years,1,Number,2023,8496752.966491507,9283256.588046173,7716146.323403402
1,All Population,44,Population,20,Viet Nam,3,Both,13,40-44 years,1,Number,2023,7625025.859477912,8330837.888682247,6924505.806335206
1,All Population,44,Population,20,Viet Nam,3,Both,14,45-49 years,1,Number,2023,6638166.9414768545,7252630.179439136,6028310.772552084
1,All Population,44,Population,20,Viet Nam,3,Both,15,50-54 years,1,Number,2023,6181361.03889085,6753539.947986761,5613472.163068133
1,All Population,44,Population,20,Viet Nam,3,Both,16,55-59 years,1,Number,2023,5478005.870180736,5985078.568749954,4974735.057200463
1,All Population,44,Population,20,Viet Nam,3,Both,17,60-64 years,1,Number,2023,4814638.352510969,5260306.3053936185,4372311.890054246
1,All Population,44,Population,20,Viet Nam,3,Both,18,65-69 years,1,Number,2023,3604365.742126515,3938004.571073267,3273228.4413812705
1,All Population,44,Population,20,Viet Nam,3,Both,19,70-74 years,1,Number,2023,2267898.5282792114,2477827.004821307,2059544.03521508
1,All Population,44,Population,20,Viet Nam,3,Both,20,75-79 years,1,Number,2023,1318006.5918073687,1440008.1330758396,1196919.7830868866
1,All Population,44,Population,20,Viet Nam,3,Both,21,80+ years,1,Number,2023,1942660.363926607,2122483.1053555463,1764185.8818126183
1,All Population,44,Population,20,Viet Nam,3,Both,23,5-14 years,1,Number,2023,17158190.13523583,18746441.404150724,15581847.118585259
1,All Population,44,Population,148,Morocco,3,Both,157,25+ years,1,Number,2023,22090550.26712002,24830677.478359614,19423701.43378448
1,All Population,44,Population,148,Morocco,3,Both,158,<20 years,1,Number,2023,11816525.218856305,13282255.221185865,10389992.782455605
1,All Population,44,Population,148,Morocco,3,Both,159,10-24 years,1,Number,2023,9295843.142234236,10448905.98754342,8173616.301391964
1,All Population,44,Population,148,Morocco,3,Both,162,10-19 years,1,Number,2023,6298227.962995057,7079464.537698219,5537883.757346422
1,All Population,44,Population,148,Morocco,3,Both,235,95+ years,1,Number,2023,1417.0130900037716,1592.7803787155092,1245.9462917483015
1,All Population,44,Population,20,Viet Nam,3,Both,157,25+ years,1,Number,2023,64511383.977988094,70482893.01565073,58584647.601560384
1,All Population,44,Population,20,Viet Nam,3,Both,158,<20 years,1,Number,2023,32209226.72911996,35190680.18196625,29250127.35873259
1,All Population,44,Population,20,Viet Nam,3,Both,159,10-24 years,1,Number,2023,22019420.800640583,24057652.849111095,19996470.831197143
1,All Population,44,Population,20,Viet Nam,3,Both,162,10-19 years,1,Number,2023,15586594.077952629,17029370.246491063,14154635.431120086
1,All Population,44,Population,20,Viet Nam,3,Both,235,95+ years,1,Number,2023,152202.83832085514,166291.52420149,138219.78536419326
1,All Population,44,Population,20,Viet Nam,3,Both,24,15-49 years,1,Number,2023,52537691.508264005,57400853.33047168,47710992.27791096
1,All Population,44,Population,20,Viet Nam,3,Both,25,50-69 years,1,Number,2023,20078371.00370907,21936929.393203605,18233747.551704112
1,All Population,44,Population,20,Viet Nam,3,Both,26,70+ years,1,Number,2023,5528565.484013188,6040318.243252693,5020649.700114586
1,All Population,44,Population,24,Marshall Islands,3,Both,31,85-89 years,1,Number,2023,22.391652093094507,24.118838579387297,20.705808249342727
1,All Population,44,Population,24,Marshall Islands,3,Both,32,90-94 years,1,Number,2023,5.090310115795002,5.482952641968942,4.7070660418060655
1,All Population,44,Population,24,Marshall Islands,3,Both,34,2-4 years,1,Number,2023,2706.1904866529803,2914.9332635793253,2502.444262257571
1,All Population,44,Population,84,Ireland,3,Both,157,25+ years,1,Number,2023,3615457.56156391,3909250.948268169,3338990.040865109
1,All Population,44,Population,84,Ireland,3,Both,158,<20 years,1,Number,2023,1388112.2568221446,1500910.7599474483,1281965.8154491107
1,All Population,44,Population,84,Ireland,3,Both,159,10-24 years,1,Number,2023,1066448.979998524,1153109.0091223454,984899.5494129187
1,All Population,44,Population,84,Ireland,3,Both,162,10-19 years,1,Number,2023,744628.0349149092,805136.7778575195,687687.6717242827
1,All Population,44,Population,84,Ireland,3,Both,235,95+ years,1,Number,2023,6361.96583819773,6878.941479004977,5875.4777818156845
1,All Population,44,Population,85,Israel,3,Both,1,<5 years,1,Number,2023,942390.1404466893,1013761.658261973,871930.7958418361
1,All Population,44,Population,83,Iceland,3,Both,157,25+ years,1,Number,2023,266099.6164023826,269871.623879421,262107.28158114024
1,All Population,44,Population,83,Iceland,3,Both,158,<20 years,1,Number,2023,94158.51602471713,95493.22905915833,92745.84084944158
1,All Population,44,Population,83,Iceland,3,Both,159,10-24 years,1,Number,2023,75003.68676434844,76066.87682491868,73878.39453567391
1,All Population,44,Population,83,Iceland,3,Both,162,10-19 years,1,Number,2023,48716.581541922336,49407.1473996123,47985.67892924207
1,All Population,44,Population,83,Iceland,3,Both,235,95+ years,1,Number,2023,532.3192540440057,539.8649703196324,524.3327837038001
1,All Population,44,Population,84,Ireland,3,Both,1,<5 years,1,Number,2023,297339.906026228,321501.85413549695,274602.8595461893
1,All Population,44,Population,84,Ireland,3,Both,6,5-9 years,1,Number,2023,346144.3158810076,374272.12795443163,319675.2841786386
1,All Population,44,Population,84,Ireland,3,Both,7,10-14 years,1,Number,2023,386830.949627516,418264.9722478596,357250.68440464843
1,All Population,44,Population,84,Ireland,3,Both,8,15-19 years,1,Number,2023,357797.0852873931,386871.80560966005,330436.98731963435
1,All Population,44,Population,84,Ireland,3,Both,9,20-24 years,1,Number,2023,321820.9450836149,347972.2312648258,297211.8776886361
1,All Population,44,Population,84,Ireland,3,Both,10,25-29 years,1,Number,2023,308953.5709576537,334059.2496720127,285328.44846091606
1,All Population,44,Population,84,Ireland,3,Both,11,30-34 years,1,Number,2023,339876.14366526523,367494.60180150426,313886.4277900885
1,All Population,44,Population,84,Ireland,3,Both,12,35-39 years,1,Number,2023,385249.29720866546,416554.79418244556,355789.9780943889
1,All Population,44,Population,84,Ireland,3,Both,13,40-44 years,1,Number,2023,428985.56717863196,463845.08923982864,396181.81436065026
1,All Population,44,Population,84,Ireland,3,Both,14,45-49 years,1,Number,2023,387879.1352070601,419398.33376601315,358218.717122909
1,All Population,44,Population,85,Israel,3,Both,11,30-34 years,1,Number,2023,661126.8309438498,711196.9912391442,611696.5990158
1,All Population,44,Population,85,Israel,3,Both,12,35-39 years,1,Number,2023,638850.1503292089,687233.1956610559,591085.4709666129
1,All Population,44,Population,85,Israel,3,Both,13,40-44 years,1,Number,2023,595490.027079968,640589.211857534,550967.2384534944
1,All Population,44,Population,204,Chad,3,Both,157,25+ years,1,Number,2023,5673761.24883352,6617290.468432771,4807690.320571381
1,All Population,44,Population,204,Chad,3,Both,158,<20 years,1,Number,2023,11966184.897879101,13956125.0104627,10139607.35826317
1,All Population,44,Population,204,Chad,3,Both,159,10-24 years,1,Number,2023,6372377.260857533,7432084.196034801,5399666.13546746
1,All Population,44,Population,204,Chad,3,Both,162,10-19 years,1,Number,2023,4724976.07402022,5510725.208011712,4003732.398974075
1,All Population,44,Population,204,Chad,3,Both,235,95+ years,1,Number,2023,2365.889576308339,2759.329808932007,2004.7485110334574
1,All Population,44,Population,205,Côte d'Ivoire,3,Both,1,<5 years,1,Number,2023,4970274.943932738,5373660.429323439,4557803.63084578
1,All Population,44,Population,205,Côte d'Ivoire,3,Both,6,5-9 years,1,Number,2023,4241238.851289645,4585456.065022223,3889268.5120547176
1,All Population,44,Population,205,Côte d'Ivoire,3,Both,7,10-14 years,1,Number,2023,3961582.825857897,4283103.270732863,3632820.475984468
1,All Population,44,Population,205,Côte d'Ivoire,3,Both,8,15-19 years,1,Number,2023,3720855.4003915917,4022838.505689978,3412070.447824793
1,All Population,44,Population,205,Côte d'Ivoire,3,Both,9,20-24 years,1,Number,2023,3403118.7448911,3679314.472941485,3120702.0027328883
1,All Population,44,Population,205,Côte d'Ivoire,3,Both,10,25-29 years,1,Number,2023,2917370.6799743976,3154143.29337733,2675265.0160615086
1,All Population,44,Population,86,Italy,3,Both,157,25+ years,1,Number,2023,45718008.457709625,46318044.735109024,45111488.81186114
1,All Population,44,Population,86,Italy,3,Both,158,<20 years,1,Number,2023,10238858.47647471,10373240.675793963,10103024.282761125
1,All Population,44,Population,86,Italy,3,Both,159,10-24 years,1,Number,2023,8624385.505262969,8737578.191209087,8509969.776783647
1,All Population,44,Population,86,Italy,3,Both,162,10-19 years,1,Number,2023,5687180.403498881,5761823.080932456,5611731.214862477
1,All Population,44,Population,86,Italy,3,Both,235,95+ years,1,Number,2023,171489.27802593782,173740.02759863145,169214.2091923662
1,All Population,44,Population,87,Luxembourg,3,Both,1,<5 years,1,Number,2023,33954.67125607904,34463.538519293616,33469.61231224167
1,All Population,44,Population,88,Malta,3,Both,1,<5 years,1,Number,2023,23586.965143531368,25500.058247876565,21672.675993610337
1,All Population,44,Population,88,Malta,3,Both,6,5-9 years,1,Number,2023,24418.317490071793,26398.839974660248,22436.556803772117
1,All Population,44,Population,88,Malta,3,Both,7,10-14 years,1,Number,2023,24151.195961500543,26110.05273576035,22191.11453070248
1,All Population,44,Population,88,Malta,3,Both,8,15-19 years,1,Number,2023,23378.783270320204,25274.9911457406,21481.38990579053
1,All Population,44,Population,88,Malta,3,Both,9,20-24 years,1,Number,2023,28620.340753460485,30941.681214442648,26297.54901497279
1,All Population,44,Population,88,Malta,3,Both,10,25-29 years,1,Number,2023,43531.7983394686,47062.57827305504,39998.81099960947
1,All Population,44,Population,88,Malta,3,Both,11,30-34 years,1,Number,2023,54061.199824499636,58445.9991391856,49673.659179656075
1,All Population,44,Population,88,Malta,3,Both,12,35-39 years,1,Number,2023,50961.604178929854,55095.001288214924,46825.62291348716
1,All Population,44,Population,88,Malta,3,Both,13,40-44 years,1,Number,2023,46095.12572617714,49833.81218431432,42354.10188080694
1,All Population,44,Population,88,Malta,3,Both,14,45-49 years,1,Number,2023,40221.396604780915,43483.67625896704,36957.07740785708
1,All Population,44,Population,88,Malta,3,Both,15,50-54 years,1,Number,2023,33030.4454233876,35709.48094103083,30349.73500107242
1,All Population,44,Population,88,Malta,3,Both,16,55-59 years,1,Number,2023,29343.264547555547,31723.23995869065,26961.801200964186
1,All Population,44,Population,88,Malta,3,Both,17,60-64 years,1,Number,2023,31413.338746063964,33961.213870051084,28863.87071749584
1,All Population,44,Population,88,Malta,3,Both,18,65-69 years,1,Number,2023,29987.581291017712,32419.81598652581,27553.825988101467
1,All Population,44,Population,88,Malta,3,Both,19,70-74 years,1,Number,2023,27044.19117991981,29237.693198685745,24849.31780689037
1,All Population,44,Population,88,Malta,3,Both,20,75-79 years,1,Number,2023,24768.22558602306,26777.128439236545,22758.066787992055
1,All Population,44,Population,88,Malta,3,Both,21,80+ years,1,Number,2023,22188.405462712883,23988.064097421673,20387.62170045899
1,All Population,44,Population,88,Malta,3,Both,23,5-14 years,1,Number,2023,48569.51345157234,52508.892710420594,44627.671334474595
1,All Population,44,Population,435,South Sudan,3,Both,11,30-34 years,1,Number,2023,538819.9557479967,623904.5051547104,453575.2823320946
1,All Population,44,Population,435,South Sudan,3,Both,12,35-39 years,1,Number,2023,532229.9313437525,616273.8562319553,448027.84083917335
1,All Population,44,Population,435,South Sudan,3,Both,13,40-44 years,1,Number,2023,481605.0458635278,557654.8429843731,405412.12759439106
1,All Population,44,Population,435,South Sudan,3,Both,14,45-49 years,1,Number,2023,406072.178264084,470194.6517278571,341829.03015842004
1,All Population,44,Population,435,South Sudan,3,Both,15,50-54 years,1,Number,2023,323829.0988674193,374964.6454780999,272597.3182307912
1,All Population,44,Population,435,South Sudan,3,Both,16,55-59 years,1,Number,2023,246578.9847403086,285516.0389195089,207568.65336490006
1,All Population,44,Population,435,South Sudan,3,Both,17,60-64 years,1,Number,2023,174180.0803981642,201684.69209304772,146623.70667684387
1,All Population,44,Population,435,South Sudan,3,Both,18,65-69 years,1,Number,2023,118720.11745181371,137467.0988713809,99937.85533973522
1,All Population,44,Population,435,South Sudan,3,Both,19,70-74 years,1,Number,2023,73176.06843319708,84731.23216381688,61599.158578794784
1,All Population,44,Population,435,South Sudan,3,Both,20,75-79 years,1,Number,2023,45500.4169753993,52685.34476968475,38301.96757875277
1,All Population,44,Population,435,South Sudan,3,Both,21,80+ years,1,Number,2023,41003.487410579415,47478.30931206201,34516.480283355195
1,All Population,44,Population,435,South Sudan,3,Both,23,5-14 years,1,Number,2023,2628324.972021305,3043361.281558876,2212507.5890890304
1,All Population,44,Population,435,South Sudan,3,Both,24,15-49 years,1,Number,2023,4803215.6536621,5561686.89296091,4043317.01706804
1,All Population,44,Population,141,Egypt,3,Both,157,25+ years,1,Number,2023,52916816.946597874,58195868.700358965,47611140.14652414
1,All Population,44,Population,141,Egypt,3,Both,158,<20 years,1,Number,2023,47576883.36236336,52323216.2683285,42806612.192609385
1,All Population,44,Population,141,Egypt,3,Both,159,10-24 years,1,Number,2023,31782403.803494677,34953058.506836,28595757.813790668
1,All Population,44,Population,30,Vanuatu,3,Both,157,25+ years,1,Number,2023,148028.21736603774,161142.3301787802,134643.45871082088
1,All Population,44,Population,30,Vanuatu,3,Both,158,<20 years,1,Number,2023,152422.42553104175,165925.82994388527,138640.34117119972
1,All Population,44,Population,30,Vanuatu,3,Both,159,10-24 years,1,Number,2023,97733.30586221685,106391.69290115603,88896.2291560402
1,All Population,44,Population,30,Vanuatu,3,Both,162,10-19 years,1,Number,2023,68174.07828976098,74213.75484268407,62009.756374068806
1,All Population,44,Population,30,Vanuatu,3,Both,235,95+ years,1,Number,2023,104.09462655869855,113.31657559099342,94.68235720502618
1,All Population,44,Population,212,Mauritania,3,Both,18,65-69 years,1,Number,2023,70291.95347401776,79189.58423356399,61116.45305763481
1,All Population,44,Population,212,Mauritania,3,Both,19,70-74 years,1,Number,2023,48764.0748725277,54936.68370046411,42398.697796148765
1,All Population,44,Population,212,Mauritania,3,Both,20,75-79 years,1,Number,2023,30689.127503221524,34573.79013330808,26683.14832257004
1,All Population,44,Population,212,Mauritania,3,Both,21,80+ years,1,Number,2023,30704.951287427597,34591.61690906762,26696.906562550976
1,All Population,44,Population,212,Mauritania,3,Both,23,5-14 years,1,Number,2023,1231298.8024291487,1387157.923668902,1070572.259546022
1,All Population,44,Population,212,Mauritania,3,Both,24,15-49 years,1,Number,2023,2185853.951234764,2462541.685622045,1900525.3631322815
1,All Population,44,Population,212,Mauritania,3,Both,25,50-69 years,1,Number,2023,405177.49360432435,456465.294725149,352287.99377487844
1,All Population,44,Population,212,Mauritania,3,Both,26,70+ years,1,Number,2023,110158.15366317682,124102.0907428398,95778.7526812698
1,All Population,44,Population,212,Mauritania,3,Both,28,<1 year,1,Number,2023,134157.16657147295,151138.92441010138,116645.07483266092
1,All Population,44,Population,212,Mauritania,3,Both,30,80-84 years,1,Number,2023,17523.010116675618,19741.09150591462,15235.658881213509
1,All Population,44,Population,212,Mauritania,3,Both,31,85-89 years,1,Number,2023,8569.34778477125,9654.065005885515,7450.7552534602155
1,All Population,44,Population,212,Mauritania,3,Both,32,90-94 years,1,Number,2023,3234.8670135352563,3644.3399449328986,2812.606396740655
1,All Population,44,Population,212,Mauritania,3,Both,34,2-4 years,1,Number,2023,398288.4977787719,448704.2824292835,346298.24716551387
1,All Population,44,Population,198,Zimbabwe,3,Both,157,25+ years,1,Number,2023,6544250.067000279,7034999.313593327,6092277.815884488
1,All Population,44,Population,198,Zimbabwe,3,Both,158,<20 years,1,Number,2023,8070065.230992412,8675234.408746893,7512714.043039597
1,All Population,44,Population,198,Zimbabwe,3,Both,159,10-24 years,1,Number,2023,5083237.12349109,5464425.917175208,4732168.307028102
1,All Population,44,Population,198,Zimbabwe,3,Both,162,10-19 years,1,Number,2023,3762935.3509997646,4045115.5350659788,3503051.889337652
1,All Population,44,Population,200,Benin,3,Both,1,<5 years,1,Number,2023,2350071.209650138,2671037.9298066106,2050191.6603512543
1,All Population,44,Population,200,Benin,3,Both,6,5-9 years,1,Number,2023,2082709.8960568886,2367161.091250385,1816946.8407140484
1,All Population,44,Population,200,Benin,3,Both,7,10-14 years,1,Number,2023,1795520.8836025163,2040748.537392696,1566404.4248669469
1,All Population,44,Population,200,Benin,3,Both,8,15-19 years,1,Number,2023,1532822.1954418712,1742171.1337352195,1337227.2588982824
1,All Population,44,Population,200,Benin,3,Both,9,20-24 years,1,Number,2023,1315891.6794882193,1495612.802283219,1147978.0425947122
1,All Population,44,Population,200,Benin,3,Both,10,25-29 years,1,Number,2023,1131382.4436211067,1285903.7664986986,987013.0066931609
1,All Population,44,Population,200,Benin,3,Both,11,30-34 years,1,Number,2023,911515.0577627547,1036007.4549556486,795201.678160213
1,All Population,44,Population,200,Benin,3,Both,12,35-39 years,1,Number,2023,726037.5534832546,825197.9071334072,633391.9292066031
1,All Population,44,Population,200,Benin,3,Both,13,40-44 years,1,Number,2023,595113.0104782048,676392.0246252146,519173.9407890468
1,All Population,44,Population,200,Benin,3,Both,14,45-49 years,1,Number,2023,483194.31556256156,549187.7603686259,421536.56962717127
1,All Population,44,Population,200,Benin,3,Both,15,50-54 years,1,Number,2023,368186.5405739657,418472.5173769312,321204.29876280227
1,All Population,44,Population,200,Benin,3,Both,16,55-59 years,1,Number,2023,283952.7309492693,322734.2692950067,247719.09827056815
1,All Population,44,Population,78,Denmark,3,Both,7,10-14 years,1,Number,2023,328231.13546934567,333333.6824299111,322998.06363229855
1,All Population,44,Population,78,Denmark,3,Both,8,15-19 years,1,Number,2023,346595.3321337313,351983.36138329125,341069.4752742121
1,All Population,44,Population,78,Denmark,3,Both,9,20-24 years,1,Number,2023,372385.177672121,378174.12531041703,366448.14679592685
1,All Population,44,Population,78,Denmark,3,Both,10,25-29 years,1,Number,2023,407222.1253472033,413552.6339231011,400729.68022151536
1,All Population,44,Population,78,Denmark,3,Both,11,30-34 years,1,Number,2023,393058.73643741844,399169.06676322565,386792.1017959034
1,All Population,44,Population,78,Denmark,3,Both,12,35-39 years,1,Number,2023,343436.34677065874,348775.26772602915,337960.8544120987
1,All Population,44,Population,78,Denmark,3,Both,13,40-44 years,1,Number,2023,343639.29828792234,348981.37424455764,338160.5702220984
1,All Population,44,Population,78,Denmark,3,Both,14,45-49 years,1,Number,2023,380955.2647516821,386877.4394579011,374881.5988141219
1,All Population,44,Population,78,Denmark,3,Both,15,50-54 years,1,Number,2023,390410.4629645005,396479.62431424245,384186.0504153781
1,All Population,44,Population,78,Denmark,3,Both,16,55-59 years,1,Number,2023,419639.04156660143,426162.5784425851,412948.63041164645
1,All Population,44,Population,78,Denmark,3,Both,17,60-64 years,1,Number,2023,357383.5461615637,362939.28457320225,351685.69008289557
1,All Population,44,Population,78,Denmark,3,Both,18,65-69 years,1,Number,2023,324695.7436086658,329743.33081360866,319519.0374163726
1,All Population,44,Population,78,Denmark,3,Both,19,70-74 years,1,Number,2023,298495.6067436311,303135.89733871416,293736.61594618956
1,All Population,44,Population,78,Denmark,3,Both,20,75-79 years,1,Number,2023,284774.30005478754,289201.28482914146,280234.07151309063
1,All Population,44,Population,78,Denmark,3,Both,21,80+ years,1,Number,2023,306994.2119440305,311766.6183789845,302099.72573886404
1,All Population,44,Population,78,Denmark,3,Both,23,5-14 years,1,Number,2023,633573.6974639671,643422.9749850231,623472.472093767
1,All Population,44,Population,78,Denmark,3,Both,24,15-49 years,1,Number,2023,2587292.2814007374,2627513.2688085227,2546042.427535877
1,All Population,44,Population,78,Denmark,3,Both,25,50-69 years,1,Number,2023,1492128.7943013315,1515324.8181436388,1468339.4083262929
1,All Population,44,Population,78,Denmark,3,Both,26,70+ years,1,Number,2023,890264.1187424491,904103.8005468403,876070.4131981443
1,All Population,44,Population,78,Denmark,3,Both,28,<1 year,1,Number,2023,58467.14832239751,59376.054692717276,57534.991819813156
1,All Population,44,Population,78,Denmark,3,Both,30,80-84 years,1,Number,2023,169149.60039486366,171779.13088758034,166452.80562306842
1,All Population,44,Population,78,Denmark,3,Both,31,85-89 years,1,Number,2023,89132.26858025156,90517.88236573881,87711.21032563939
1,All Population,44,Population,78,Denmark,3,Both,32,90-94 years,1,Number,2023,37505.31669039537,38088.35900114377,36907.35996020463
1,All Population,44,Population,78,Denmark,3,Both,34,2-4 years,1,Number,2023,187072.22908010936,189980.37742665174,184089.68931558362
1,All Population,44,Population,85,Israel,3,Both,14,45-49 years,1,Number,2023,579339.1209012711,623215.1236456301,536023.8812667533
1,All Population,44,Population,85,Israel,3,Both,15,50-54 years,1,Number,2023,505692.41282086266,543990.813346987,467883.49011490576
1,All Population,44,Population,85,Israel,3,Both,16,55-59 years,1,Number,2023,425038.1028888348,457228.18344095716,393259.4319580861
1,All Population,44,Population,85,Israel,3,Both,17,60-64 years,1,Number,2023,395062.1011556207,424981.9619230592,365524.6351625585
1,All Population,44,Population,85,Israel,3,Both,18,65-69 years,1,Number,2023,366751.97477728786,394527.7801238935,339331.16181855433
1,All Population,44,Population,85,Israel,3,Both,19,70-74 years,1,Number,2023,335083.04582203453,360460.41825841315,310030.01228156517
1,All Population,44,Population,85,Israel,3,Both,20,75-79 years,1,Number,2023,233813.36721996422,251521.12347480067,216331.92730765388
1,All Population,44,Population,85,Israel,3,Both,21,80+ years,1,Number,2023,295746.2549509965,318144.4722052998,273634.30110212683
1,All Population,44,Population,85,Israel,3,Both,23,5-14 years,1,Number,2023,1804933.6426730019,1941629.527004283,1669984.8183381998
1,All Population,44,Population,85,Israel,3,Both,24,15-49 years,1,Number,2023,4685200.901688614,5040032.60595979,4334904.171378413
1,All Population,44,Population,85,Israel,3,Both,25,50-69 years,1,Number,2023,1692544.591642606,1820728.738834897,1565998.7190541045
1,All Population,44,Population,85,Israel,3,Both,26,70+ years,1,Number,2023,864642.6679929952,930126.0139385136,799996.2406913458
1,All Population,44,Population,85,Israel,3,Both,28,<1 year,1,Number,2023,184206.70699489402,198157.52386544095,170434.19040157905
1,All Population,44,Population,85,Israel,3,Both,30,80-84 years,1,Number,2023,147801.92090049144,158995.63672786887,136751.26785243352
1,All Population,44,Population,85,Israel,3,Both,31,85-89 years,1,Number,2023,88156.02738248536,94832.48674768137,81564.89739741017
1,All Population,44,Population,85,Israel,3,Both,32,90-94 years,1,Number,2023,41308.063709706585,44436.51240461202,38219.59857094584
1,All Population,44,Population,85,Israel,3,Both,34,2-4 years,1,Number,2023,571597.8894081268,614887.6132667969,528861.4356437401
1,All Population,44,Population,139,Algeria,3,Both,31,85-89 years,1,Number,2023,167645.55003562963,194564.1804177114,141022.01716223147
1,All Population,44,Population,139,Algeria,3,Both,32,90-94 years,1,Number,2023,56739.38662249093,65849.95696731823,47728.69158979077
1,All Population,44,Population,139,Algeria,3,Both,34,2-4 years,1,Number,2023,2713506.5852921503,3149210.848204587,2282578.7631080593
1,All Population,44,Population,205,Côte d'Ivoire,3,Both,11,30-34 years,1,Number,2023,2500993.0393942245,2703972.613469162,2293441.5669672214
1,All Population,44,Population,205,Côte d'Ivoire,3,Both,12,35-39 years,1,Number,2023,2170944.355317813,2347137.3129317746,1990782.8393095792
1,All Population,44,Population,205,Côte d'Ivoire,3,Both,13,40-44 years,1,Number,2023,1738813.1456653632,1879934.510716641,1594513.1724252582
1,All Population,44,Population,205,Côte d'Ivoire,3,Both,14,45-49 years,1,Number,2023,1267947.7083812924,1370853.8267681175,1162723.7394658397
1,All Population,44,Population,205,Côte d'Ivoire,3,Both,15,50-54 years,1,Number,2023,901205.5613741258,974347.0368282088,826416.6522183015
1,All Population,44,Population,205,Côte d'Ivoire,3,Both,16,55-59 years,1,Number,2023,671164.5238803831,725635.962643142,615466.1740737468
1,All Population,44,Population,205,Côte d'Ivoire,3,Both,17,60-64 years,1,Number,2023,512747.8357385925,554362.2407635959,470196.1106377978
1,All Population,44,Population,205,Côte d'Ivoire,3,Both,18,65-69 years,1,Number,2023,357852.46386749507,386895.6237457348,328155.1377984392
1,All Population,44,Population,206,Gambia,3,Both,15,50-54 years,1,Number,2023,64618.45853679276,73231.16607157666,56179.339558511696
1,All Population,44,Population,206,Gambia,3,Both,16,55-59 years,1,Number,2023,50026.18337472034,56693.951319735774,43492.803856108185
1,All Population,44,Population,206,Gambia,3,Both,17,60-64 years,1,Number,2023,38872.01992496706,44053.09893057979,33795.365227515176
1,All Population,44,Population,206,Gambia,3,Both,18,65-69 years,1,Number,2023,30243.651380022104,34274.693438566115,26293.854710261916
1,All Population,44,Population,206,Gambia,3,Both,19,70-74 years,1,Number,2023,21705.308367665028,24598.312582808216,18870.612463077512
1,All Population,44,Population,206,Gambia,3,Both,20,75-79 years,1,Number,2023,14290.368331366522,16195.068099658252,12424.057662206951
1,All Population,44,Population,206,Gambia,3,Both,21,80+ years,1,Number,2023,20031.369598666337,22701.26194492591,17415.28875785187
1,All Population,44,Population,206,Gambia,3,Both,23,5-14 years,1,Number,2023,655324.1256289638,742669.3697331168,569739.319201371
1,All Population,44,Population,206,Gambia,3,Both,24,15-49 years,1,Number,2023,1265198.456195963,1433831.142945547,1099964.5502076943
1,All Population,44,Population,206,Gambia,3,Both,25,50-69 years,1,Number,2023,183760.31321650225,208252.9097604583,159761.36335239696
1,All Population,44,Population,206,Gambia,3,Both,26,70+ years,1,Number,2023,56027.04629769789,63494.64262739239,48709.95888313635
1,All Population,44,Population,206,Gambia,3,Both,28,<1 year,1,Number,2023,75830.4690171359,85937.57566528064,65927.07044178777
1,All Population,44,Population,206,Gambia,3,Both,30,80-84 years,1,Number,2023,10520.695975164268,11922.952846471018,9146.701499295104
1,All Population,44,Population,206,Gambia,3,Both,31,85-89 years,1,Number,2023,5807.43153629631,6581.47830997355,5048.985624666883
1,All Population,44,Population,206,Gambia,3,Both,32,90-94 years,1,Number,2023,2445.9312614555606,2771.938583235097,2126.494595903293
1,All Population,44,Population,206,Gambia,3,Both,34,2-4 years,1,Number,2023,213398.152980598,241841.04564165513,185528.52495901208
1,All Population,44,Population,149,Palestine,3,Both,235,95+ years,1,Number,2023,701.0004009163234,773.5266483886973,621.6167977472556
1,All Population,44,Population,150,Oman,3,Both,1,<5 years,1,Number,2023,433831.9377868804,472134.1518654567,397156.4072999741
1,All Population,44,Population,150,Oman,3,Both,6,5-9 years,1,Number,2023,479632.6238797033,521978.4952616633,439085.1690073135
1,All Population,44,Population,150,Oman,3,Both,7,10-14 years,1,Number,2023,406616.1941307684,442515.5808722386,372241.4436216468
1,All Population,44,Population,150,Oman,3,Both,8,15-19 years,1,Number,2023,299641.6324272056,326096.4342811875,274310.3581063442
1,All Population,44,Population,150,Oman,3,Both,9,20-24 years,1,Number,2023,308149.30690708436,335355.2355013,282098.8059742975
1,All Population,44,Population,150,Oman,3,Both,10,25-29 years,1,Number,2023,491809.321407227,535230.2507433075,450232.4659709259
1,All Population,44,Population,150,Oman,3,Both,11,30-34 years,1,Number,2023,678596.369977921,738508.380072041,621228.8050577577
1,All Population,44,Population,150,Oman,3,Both,12,35-39 years,1,Number,2023,642610.5503918462,699345.4394731373,588285.1751040508
1,All Population,44,Population,150,Oman,3,Both,13,40-44 years,1,Number,2023,498111.6778863404,542089.0305422298,456002.0302624283
1,All Population,44,Population,150,Oman,3,Both,14,45-49 years,1,Number,2023,324515.80879221624,353166.70536670473,297081.7072376905
1,All Population,44,Population,150,Oman,3,Both,15,50-54 years,1,Number,2023,209488.17678557688,227983.49788873072,191778.34644542303
1,All Population,44,Population,150,Oman,3,Both,16,55-59 years,1,Number,2023,134487.70671820902,146361.3759550464,123118.30866738863
1,All Population,44,Population,150,Oman,3,Both,17,60-64 years,1,Number,2023,93408.37794503207,101655.22972601082,85511.7674959913
1,All Population,44,Population,150,Oman,3,Both,18,65-69 years,1,Number,2023,56302.95666324788,61273.83988215907,51543.185369922045
1,All Population,44,Population,150,Oman,3,Both,19,70-74 years,1,Number,2023,35404.62516033286,38530.43359938095,32411.568872063093
1,All Population,44,Population,150,Oman,3,Both,20,75-79 years,1,Number,2023,22026.380150734607,23971.048245511873,20164.301529101867
1,All Population,44,Population,150,Oman,3,Both,21,80+ years,1,Number,2023,19572.89272209677,21300.946979704335,17918.228412668155
1,All Population,44,Population,150,Oman,3,Both,23,5-14 years,1,Number,2023,886248.8180104718,964494.0761339018,811326.6126289603
1,All Population,44,Population,150,Oman,3,Both,24,15-49 years,1,Number,2023,3243434.667789841,3529791.4759799074,2969239.3477134947
1,All Population,44,Population,150,Oman,3,Both,25,50-69 years,1,Number,2023,493687.21811206586,537273.943451947,451951.60797872505
1,All Population,44,Population,150,Oman,3,Both,26,70+ years,1,Number,2023,77003.89803316424,83802.42882459714,70494.0988138331
1,All Population,44,Population,150,Oman,3,Both,28,<1 year,1,Number,2023,80667.10616415851,87789.05478131327,73847.62457756432
1,All Population,44,Population,150,Oman,3,Both,30,80-84 years,1,Number,2023,13890.618256445883,15116.995080743996,12716.32528957694
1,All Population,44,Population,150,Oman,3,Both,31,85-89 years,1,Number,2023,4113.0018574729565,4476.131133879299,3765.2945729747944
1,All Population,44,Population,150,Oman,3,Both,32,90-94 years,1,Number,2023,1359.237126606467,1479.24164188585,1244.329167247607
1,All Population,44,Population,150,Oman,3,Both,34,2-4 years,1,Number,2023,269602.69668616407,293405.4168300825,246810.8709572733
1,All Population,44,Population,23,Kiribati,3,Both,157,25+ years,1,Number,2023,60763.03482539737,66088.11887959942,55218.1732308858
1,All Population,44,Population,23,Kiribati,3,Both,158,<20 years,1,Number,2023,55165.265361495956,59999.77824859,50131.221849137575
1,All Population,44,Population,23,Kiribati,3,Both,159,10-24 years,1,Number,2023,37512.77339323881,40800.27659315695,34089.58794686534
1,All Population,44,Population,23,Kiribati,3,Both,162,10-19 years,1,Number,2023,25606.904928902957,27851.014715489444,23270.175960335444
1,All Population,44,Population,23,Kiribati,3,Both,235,95+ years,1,Number,2023,45.69616016650395,49.70083002113086,41.52620907285003
1,All Population,44,Population,24,Marshall Islands,3,Both,1,<5 years,1,Number,2023,4424.283248285913,4765.551601607983,4091.1836339239535
1,All Population,44,Population,24,Marshall Islands,3,Both,6,5-9 years,1,Number,2023,4520.330173131263,4869.007133462461,4179.999287209321
1,All Population,44,Population,24,Marshall Islands,3,Both,7,10-14 years,1,Number,2023,4609.759672321367,4965.33480264176,4262.695733829984
1,All Population,44,Population,24,Marshall Islands,3,Both,8,15-19 years,1,Number,2023,4546.706103170524,4897.417578406554,4204.389401325083
1,All Population,44,Population,24,Marshall Islands,3,Both,9,20-24 years,1,Number,2023,3827.626811787387,4122.871900287576,3539.4488305467335
1,All Population,44,Population,24,Marshall Islands,3,Both,10,25-29 years,1,Number,2023,2980.619894315875,3210.5308620655696,2756.212169575182
1,All Population,44,Population,24,Marshall Islands,3,Both,11,30-34 years,1,Number,2023,2660.035108849793,2865.2176775128096,2459.7638741158003
1,All Population,44,Population,25,Micronesia (Federated States of),3,Both,9,20-24 years,1,Number,2023,9593.88869980718,11001.217578735268,8149.855101723315
1,All Population,44,Population,25,Micronesia (Federated States of),3,Both,10,25-29 years,1,Number,2023,8591.308576653948,9851.568836703733,7298.17931235013
1,All Population,44,Population,25,Micronesia (Federated States of),3,Both,11,30-34 years,1,Number,2023,7435.5156962108895,8526.232536527268,6316.351734612683
1,All Population,44,Population,25,Micronesia (Federated States of),3,Both,12,35-39 years,1,Number,2023,6571.732277303802,7535.740606754131,5582.581526969414
1,All Population,44,Population,25,Micronesia (Federated States of),3,Both,13,40-44 years,1,Number,2023,5999.605283428175,6879.688223905452,5096.568790552677
1,All Population,44,Population,25,Micronesia (Federated States of),3,Both,14,45-49 years,1,Number,2023,5571.768047968222,6389.091484371239,4733.127897581865
1,All Population,44,Population,25,Micronesia (Federated States of),3,Both,15,50-54 years,1,Number,2023,5022.35828590842,5759.088727259565,4266.413086480328
1,All Population,44,Population,25,Micronesia (Federated States of),3,Both,16,55-59 years,1,Number,2023,4479.589650175645,5136.701284227254,3805.3398060418076
1,All Population,44,Population,25,Micronesia (Federated States of),3,Both,17,60-64 years,1,Number,2023,4045.477507911317,4638.90917092947,3436.5684800388203
1,All Population,44,Population,209,Guinea-Bissau,3,Both,157,25+ years,1,Number,2023,815593.1947408384,943677.4449284085,690253.5021828961
1,All Population,44,Population,209,Guinea-Bissau,3,Both,158,<20 years,1,Number,2023,1153339.9296137295,1334465.3743189175,976095.596133828
1,All Population,44,Population,209,Guinea-Bissau,3,Both,159,10-24 years,1,Number,2023,713714.6809019705,825799.4927182803,604031.5947075494
1,All Population,44,Population,209,Guinea-Bissau,3,Both,162,10-19 years,1,Number,2023,512656.3812210167,593166.136103697,433871.7694507734
1,All Population,44,Population,22,Fiji,3,Both,20,75-79 years,1,Number,2023,9787.865467152558,10846.377832762515,8789.528987448575
1,All Population,44,Population,22,Fiji,3,Both,21,80+ years,1,Number,2023,7592.959084294775,8414.102479580391,6818.497270512157
1,All Population,44,Population,22,Fiji,3,Both,23,5-14 years,1,Number,2023,184291.50324640312,204221.7766770937,165494.2556536761
1,All Population,44,Population,22,Fiji,3,Both,24,15-49 years,1,Number,2023,475621.88460101275,527058.1909023646,427109.70597164263
1,All Population,44,Population,22,Fiji,3,Both,25,50-69 years,1,Number,2023,155142.20522959143,171920.116942276,139318.10920557025
1,All Population,44,Population,22,Fiji,3,Both,26,70+ years,1,Number,2023,33936.20857396058,37606.25252154112,30474.804745319285
1,All Population,44,Population,22,Fiji,3,Both,28,<1 year,1,Number,2023,17606.147807176018,19510.17123569521,15810.367135491178
1,All Population,44,Population,22,Fiji,3,Both,30,80-84 years,1,Number,2023,4894.332080541361,5423.63145087299,4395.123108351495
1,All Population,44,Population,22,Fiji,3,Both,31,85-89 years,1,Number,2023,1920.2748441355225,2127.9436841608144,1724.4118713155583
1,All Population,44,Population,22,Fiji,3,Both,32,90-94 years,1,Number,2023,608.8202620036242,674.6613565637651,546.7221999510841
1,All Population,44,Population,22,Fiji,3,Both,34,2-4 years,1,Number,2023,53954.16489995697,59789.058208863236,48450.982287531755
1,All Population,44,Population,85,Israel,3,Both,6,5-9 years,1,Number,2023,937298.7389328718,1008284.6616127095,867220.0613133649
1,All Population,44,Population,85,Israel,3,Both,7,10-14 years,1,Number,2023,867634.90374013,933344.8653915735,802764.7570248347
1,All Population,44,Population,85,Israel,3,Both,8,15-19 years,1,Number,2023,790016.0337998983,849847.5632384204,730949.189209948
1,All Population,44,Population,85,Israel,3,Both,9,20-24 years,1,Number,2023,742372.6682702636,798595.9476160305,686867.9580511122
1,All Population,44,Population,85,Israel,3,Both,10,25-29 years,1,Number,2023,678006.0703641543,729354.5727019745,627313.8344146924
1,All Population,44,Population,86,Italy,3,Both,7,10-14 years,1,Number,2023,2794322.025948401,2830996.733418571,2757251.049702082
1,All Population,44,Population,86,Italy,3,Both,8,15-19 years,1,Number,2023,2892858.3775504795,2930826.347513886,2854480.1651603947
1,All Population,44,Population,86,Italy,3,Both,9,20-24 years,1,Number,2023,2937205.1017640894,2975755.1102766288,2898238.5619211704
1,All Population,44,Population,86,Italy,3,Both,10,25-29 years,1,Number,2023,2988590.4513601423,3027814.878442621,2948942.205881082
1,All Population,44,Population,86,Italy,3,Both,11,30-34 years,1,Number,2023,3222071.741945055,3264360.546702133,3179326.008310778
1,All Population,44,Population,86,Italy,3,Both,12,35-39 years,1,Number,2023,3357259.4255304774,3401322.5314250137,3312720.219504526
1,All Population,44,Population,86,Italy,3,Both,13,40-44 years,1,Number,2023,3766705.524042212,3816142.4972821292,3716734.3862449303
1,All Population,44,Population,86,Italy,3,Both,14,45-49 years,1,Number,2023,4498350.745822015,4557390.361216825,4438673.209697888
1,All Population,44,Population,86,Italy,3,Both,15,50-54 years,1,Number,2023,4784796.432775792,4847595.568969412,4721318.754378041
1,All Population,44,Population,86,Italy,3,Both,16,55-59 years,1,Number,2023,4802307.130928763,4865336.090215926,4738597.146207956
1,All Population,44,Population,86,Italy,3,Both,17,60-64 years,1,Number,2023,4154471.4296433115,4208997.723663999,4099355.9811537815
1,All Population,44,Population,86,Italy,3,Both,18,65-69 years,1,Number,2023,3596774.236322134,3643980.9081832943,3549057.4982225527
1,All Population,44,Population,86,Italy,3,Both,19,70-74 years,1,Number,2023,3312516.465393771,3355992.3322517457,3268570.8434991445
1,All Population,44,Population,86,Italy,3,Both,20,75-79 years,1,Number,2023,2759964.415163819,2796188.188449168,2723349.2454285068
1,All Population,44,Population,86,Italy,3,Both,21,80+ years,1,Number,2023,4474200.458782132,4532923.108306766,4414843.31333198
1,All Population,44,Population,86,Italy,3,Both,23,5-14 years,1,Number,2023,5257778.824002149,5326785.723895043,5188026.307261767
1,All Population,44,Population,86,Italy,3,Both,24,15-49 years,1,Number,2023,23663041.36801447,23973612.272859234,23349114.756720766
1,All Population,44,Population,86,Italy,3,Both,25,50-69 years,1,Number,2023,17338349.22967,17565910.291032635,17108329.379962333
1,All Population,44,Population,86,Italy,3,Both,26,70+ years,1,Number,2023,10546681.339339722,10685103.629007682,10406763.402259631
1,All Population,44,Population,86,Italy,3,Both,28,<1 year,1,Number,2023,395135.3066639832,400321.3488053212,389893.2295406599
1,All Population,44,Population,86,Italy,3,Both,30,80-84 years,1,Number,2023,2264569.136548679,2294290.9831567877,2234526.146553404
1,All Population,44,Population,86,Italy,3,Both,31,85-89 years,1,Number,2023,1428155.3467524247,1446899.492587344,1409208.6711567428
1,All Population,44,Population,86,Italy,3,Both,32,90-94 years,1,Number,2023,609986.6974550905,617992.6049640032,601894.2864294667
1,All Population,44,Population,86,Italy,3,Both,34,2-4 years,1,Number,2023,1288949.426076028,1305866.5325176658,1271849.5309626316
1,All Population,44,Population,26,Papua New Guinea,3,Both,157,25+ years,1,Number,2023,4893341.433036185,5586133.455940226,4198147.493191442
1,All Population,44,Population,26,Papua New Guinea,3,Both,158,<20 years,1,Number,2023,5245808.615712509,5988502.4196051145,4500539.884900505
1,All Population,44,Population,26,Papua New Guinea,3,Both,159,10-24 years,1,Number,2023,3192384.265361435,3644357.295110663,2738844.24055308
1,All Population,44,Population,200,Benin,3,Both,17,60-64 years,1,Number,2023,214806.13391170502,244143.80673966848,187395.9148683138
1,All Population,44,Population,200,Benin,3,Both,18,65-69 years,1,Number,2023,158613.00932270742,180275.9687970446,138373.28315895674
1,All Population,44,Population,200,Benin,3,Both,19,70-74 years,1,Number,2023,109171.75229202042,124082.15122930253,95240.95064691865
1,All Population,44,Population,200,Benin,3,Both,20,75-79 years,1,Number,2023,73059.93384108774,83038.27289887053,63737.1610067559
1,All Population,44,Population,200,Benin,3,Both,21,80+ years,1,Number,2023,84053.07492087614,95532.82909412785,73327.52834128542
1,All Population,44,Population,200,Benin,3,Both,23,5-14 years,1,Number,2023,3878230.779659405,4407909.628643081,3383351.265580995
1,All Population,44,Population,200,Benin,3,Both,24,15-49 years,1,Number,2023,6695956.255837973,7610472.849600033,5841522.42596919
1,All Population,44,Population,200,Benin,3,Both,25,50-69 years,1,Number,2023,1025558.4147576474,1165626.562208651,894692.595060641
1,All Population,44,Population,200,Benin,3,Both,26,70+ years,1,Number,2023,266284.7610539843,302653.2532223008,232305.63999495993
1,All Population,44,Population,200,Benin,3,Both,28,<1 year,1,Number,2023,494931.98829059344,562528.5344419772,431776.4630568371
1,All Population,44,Population,200,Benin,3,Both,30,80-84 years,1,Number,2023,44373.376396275606,50433.778747360746,38711.13600971053
1,All Population,44,Population,200,Benin,3,Both,31,85-89 years,1,Number,2023,24531.202585117153,27881.61154417641,21400.911917848516
1,All Population,44,Population,200,Benin,3,Both,32,90-94 years,1,Number,2023,9845.08981334534,11189.707020713193,8588.812521019141
1,All Population,44,Population,200,Benin,3,Both,34,2-4 years,1,Number,2023,1374719.5728824413,1562475.2590212764,1199299.2348792737
1,All Population,44,Population,147,Libya,3,Both,157,25+ years,1,Number,2023,4399111.665464168,5193593.228001004,3588844.3908678642
1,All Population,44,Population,147,Libya,3,Both,158,<20 years,1,Number,2023,2415865.3105886835,2852171.6816915674,1970889.8814878406
1,All Population,44,Population,147,Libya,3,Both,159,10-24 years,1,Number,2023,1814736.9629812832,2142479.2817911417,1480482.6669042443
1,All Population,44,Population,147,Libya,3,Both,162,10-19 years,1,Number,2023,1227074.564788044,1448684.7878781983,1001061.1241330102
1,All Population,44,Population,147,Libya,3,Both,235,95+ years,1,Number,2023,1865.3663685881806,2202.252381019791,1521.786701023623
1,All Population,44,Population,148,Morocco,3,Both,1,<5 years,1,Number,2023,2619448.584083096,2944366.807345847,2303219.5487728245
1,All Population,44,Population,149,Palestine,3,Both,1,<5 years,1,Number,2023,654789.4913122536,722534.7089000691,580638.9643372878
1,All Population,44,Population,149,Palestine,3,Both,6,5-9 years,1,Number,2023,662121.8337635685,730625.6633043604,587140.9680859514
1,All Population,44,Population,149,Palestine,3,Both,7,10-14 years,1,Number,2023,631897.3430457931,697274.1146124976,560339.1986305187
1,All Population,44,Population,149,Palestine,3,Both,8,15-19 years,1,Number,2023,567040.8748184586,625707.5271631323,502827.29130496964
1,All Population,44,Population,88,Malta,3,Both,24,15-49 years,1,Number,2023,286870.2486976368,310137.7395039202,263588.21130218
1,All Population,44,Population,88,Malta,3,Both,25,50-69 years,1,Number,2023,123774.63000802483,133813.75075629842,113729.23290763391
1,All Population,44,Population,88,Malta,3,Both,26,70+ years,1,Number,2023,74000.82222865576,80002.88573534394,67995.0062953414
1,All Population,44,Population,88,Malta,3,Both,28,<1 year,1,Number,2023,4785.46294479908,5173.602584853847,4397.080643946344
1,All Population,44,Population,88,Malta,3,Both,30,80-84 years,1,Number,2023,11185.120182662435,12092.323638575974,10277.349552742908
1,All Population,44,Population,88,Malta,3,Both,31,85-89 years,1,Number,2023,7477.4031422024555,8083.880843030352,6870.546277930152
1,All Population,44,Population,88,Malta,3,Both,32,90-94 years,1,Number,2023,2858.5408978937767,3090.3916191277913,2626.5452260409156
1,All Population,44,Population,88,Malta,3,Both,34,2-4 years,1,Number,2023,14089.135858350057,15231.878406735266,12945.678879409323
1,All Population,44,Population,25,Micronesia (Federated States of),3,Both,18,65-69 years,1,Number,2023,2538.7369414682275,2911.1446194728323,2156.6164525938398
1,All Population,44,Population,25,Micronesia (Federated States of),3,Both,19,70-74 years,1,Number,2023,1494.5529837071022,1713.7891704997862,1269.5988707171405
1,All Population,44,Population,25,Micronesia (Federated States of),3,Both,20,75-79 years,1,Number,2023,743.030293178608,852.0255110957885,631.192357455466
1,All Population,44,Population,25,Micronesia (Federated States of),3,Both,21,80+ years,1,Number,2023,551.7819660874641,632.7229400808578,468.72996050571453
1,All Population,44,Population,25,Micronesia (Federated States of),3,Both,23,5-14 years,1,Number,2023,20699.018566648265,23735.360503249874,17583.485419155884
1,All Population,44,Population,25,Micronesia (Federated States of),3,Both,24,15-49 years,1,Number,2023,54371.06900187869,62346.76873936613,46187.35404966885
1,All Population,44,Population,25,Micronesia (Federated States of),3,Both,25,50-69 years,1,Number,2023,16086.16238546361,18445.84380188912,13664.937825154791
1,All Population,44,Population,25,Micronesia (Federated States of),3,Both,26,70+ years,1,Number,2023,2789.365242973174,3198.5376216764325,2369.521188678321
1,All Population,44,Population,25,Micronesia (Federated States of),3,Both,28,<1 year,1,Number,2023,1860.0298571436713,2132.877897759297,1580.0656329174121
1,All Population,44,Population,25,Micronesia (Federated States of),3,Both,30,80-84 years,1,Number,2023,345.1730735302461,395.8065600972986,293.21900871588514
1,All Population,44,Population,25,Micronesia (Federated States of),3,Both,31,85-89 years,1,Number,2023,153.3780032161676,175.87704401937978,130.29216213739704
1,All Population,44,Population,25,Micronesia (Federated States of),3,Both,32,90-94 years,1,Number,2023,44.523331019072955,51.0544646907066,37.82185803956642
1,All Population,44,Population,25,Micronesia (Federated States of),3,Both,34,2-4 years,1,Number,2023,5761.295835753755,6606.42112992851,4894.128723892608
1,All Population,44,Population,141,Egypt,3,Both,162,10-19 years,1,Number,2023,22494267.507459834,24738325.43057083,20238891.614963807
1,All Population,44,Population,141,Egypt,3,Both,235,95+ years,1,Number,2023,6935.617876272482,7627.5243027323795,6240.221800249027
1,All Population,44,Population,142,Iran (Islamic Republic of),3,Both,1,<5 years,1,Number,2023,5592652.2778943395,6225269.839460859,4986937.0337779345
1,All Population,44,Population,142,Iran (Islamic Republic of),3,Both,6,5-9 years,1,Number,2023,7384568.5810600165,8219880.26089322,6584778.867966107
1,All Population,44,Population,142,Iran (Islamic Republic of),3,Both,7,10-14 years,1,Number,2023,7143501.632320043,7951544.821693193,6369820.806110014
1,All Population,44,Population,142,Iran (Islamic Republic of),3,Both,8,15-19 years,1,Number,2023,6014224.936356789,6694529.043406168,5362851.036374596
1,All Population,44,Population,142,Iran (Islamic Republic of),3,Both,9,20-24 years,1,Number,2023,5654098.684993761,6293666.808528867,5041728.454365246
1,All Population,44,Population,142,Iran (Islamic Republic of),3,Both,10,25-29 years,1,Number,2023,6063096.211057122,6748928.4334076755,5406429.281110882
1,All Population,44,Population,142,Iran (Islamic Republic of),3,Both,11,30-34 years,1,Number,2023,7686772.525021301,8556268.257898575,6854252.449553
1,All Population,44,Population,142,Iran (Islamic Republic of),3,Both,12,35-39 years,1,Number,2023,9150163.134652704,10185191.52593314,8159149.743972558
1,All Population,44,Population,142,Iran (Islamic Republic of),3,Both,13,40-44 years,1,Number,2023,8177790.027674054,9102827.617934892,7292090.03475222
1,All Population,44,Population,142,Iran (Islamic Republic of),3,Both,14,45-49 years,1,Number,2023,5930086.989907609,6600873.7624485865,5287825.6959378375
1,All Population,44,Population,142,Iran (Islamic Republic of),3,Both,15,50-54 years,1,Number,2023,5142536.47177982,5724238.80573381,4585571.264646573
1,All Population,44,Population,142,Iran (Islamic Republic of),3,Both,16,55-59 years,1,Number,2023,4115272.185022096,4580774.656034185,3669565.3947020974
1,All Population,44,Population,142,Iran (Islamic Republic of),3,Both,17,60-64 years,1,Number,2023,3355278.618306602,3734813.7784450715,2991883.3442254234
1,All Population,44,Population,142,Iran (Islamic Republic of),3,Both,18,65-69 years,1,Number,2023,2675879.8813486127,2978564.2825002284,2386067.2566725253
1,All Population,44,Population,142,Iran (Islamic Republic of),3,Both,19,70-74 years,1,Number,2023,1731086.061194736,1926899.3155290675,1543599.8446302654
1,All Population,44,Population,142,Iran (Islamic Republic of),3,Both,20,75-79 years,1,Number,2023,1090826.3995030315,1214216.1442353486,972683.8535279816
1,All Population,44,Population,142,Iran (Islamic Republic of),3,Both,21,80+ years,1,Number,2023,1017479.7836794986,1132572.8643344077,907281.0827892337
1,All Population,44,Population,142,Iran (Islamic Republic of),3,Both,23,5-14 years,1,Number,2023,14528070.21338006,16171425.082586413,12954599.674076123
1,All Population,44,Population,143,Iraq,3,Both,21,80+ years,1,Number,2023,238403.70859237335,306125.0278094065,171825.69553589585
1,All Population,44,Population,143,Iraq,3,Both,23,5-14 years,1,Number,2023,9951372.324328484,12778174.247010311,7172293.926383606
1,All Population,44,Population,143,Iraq,3,Both,24,15-49 years,1,Number,2023,23450581.576790337,30111989.36345469,16901635.104354948
1,All Population,44,Population,143,Iraq,3,Both,25,50-69 years,1,Number,2023,5028055.153595666,6456332.130107406,3623891.083995743
1,All Population,44,Population,26,Papua New Guinea,3,Both,162,10-19 years,1,Number,2023,2224879.7374186018,2539874.910982052,1908792.4724069152
1,All Population,44,Population,26,Papua New Guinea,3,Both,235,95+ years,1,Number,2023,834.6578778281623,952.8275023120574,716.0785580626533
1,All Population,44,Population,28,Solomon Islands,3,Both,1,<5 years,1,Number,2023,112933.20832401224,123538.63634980812,102120.53895448118
1,All Population,44,Population,28,Solomon Islands,3,Both,6,5-9 years,1,Number,2023,102133.17645136088,111724.38587483841,92354.54459437738
1,All Population,44,Population,28,Solomon Islands,3,Both,7,10-14 years,1,Number,2023,96970.53944915137,106076.93155482848,87686.19875601793
1,All Population,44,Population,28,Solomon Islands,3,Both,8,15-19 years,1,Number,2023,91662.69986149942,100270.63884116767,82886.55259862015
1,All Population,44,Population,28,Solomon Islands,3,Both,9,20-24 years,1,Number,2023,79676.23991457674,87158.544192657,72047.72345259844
1,All Population,44,Population,28,Solomon Islands,3,Both,10,25-29 years,1,Number,2023,66940.61710791083,73226.9336597568,60531.45924441005
1,All Population,44,Population,28,Solomon Islands,3,Both,11,30-34 years,1,Number,2023,60031.11313952063,65668.5661009471,54283.49835113837
1,All Population,44,Population,28,Solomon Islands,3,Both,12,35-39 years,1,Number,2023,56061.815464685315,61326.51623543065,50694.23684125558
1,All Population,44,Population,28,Solomon Islands,3,Both,13,40-44 years,1,Number,2023,47126.71344889334,51552.32904054987,42614.616621416855
1,All Population,44,Population,28,Solomon Islands,3,Both,14,45-49 years,1,Number,2023,40862.46643200655,44699.813773258,36950.133242240045
1,All Population,44,Population,28,Solomon Islands,3,Both,15,50-54 years,1,Number,2023,33407.797283180094,36545.08519738355,30209.20342626105
1,All Population,44,Population,28,Solomon Islands,3,Both,16,55-59 years,1,Number,2023,23782.688333619848,26016.093309227104,21505.64024930223
1,All Population,44,Population,28,Solomon Islands,3,Both,17,60-64 years,1,Number,2023,17550.045726997894,19198.1503861084,15869.735349896602
1,All Population,44,Population,28,Solomon Islands,3,Both,18,65-69 years,1,Number,2023,12516.382218544639,13691.7813126825,11318.01457593313
1,All Population,44,Population,28,Solomon Islands,3,Both,19,70-74 years,1,Number,2023,8805.573668458208,9632.494989056344,7962.493425728195
1,All Population,44,Population,28,Solomon Islands,3,Both,20,75-79 years,1,Number,2023,5341.679270273443,5843.310242053118,4830.245895762077
1,All Population,44,Population,28,Solomon Islands,3,Both,21,80+ years,1,Number,2023,3960.4423041227888,4332.362897100051,3581.25398717777
1,All Population,44,Population,28,Solomon Islands,3,Both,23,5-14 years,1,Number,2023,199103.71590051224,217801.31742966684,180040.7433503953
1,All Population,44,Population,28,Solomon Islands,3,Both,24,15-49 years,1,Number,2023,442361.66536909284,483903.3418437671,400008.2203516795
1,All Population,44,Population,28,Solomon Islands,3,Both,25,50-69 years,1,Number,2023,87256.91356234248,95451.11020540158,78902.593601393
1,All Population,44,Population,28,Solomon Islands,3,Both,26,70+ years,1,Number,2023,18107.69524285444,19808.168128209512,16373.993308668045
1,All Population,44,Population,209,Guinea-Bissau,3,Both,235,95+ years,1,Number,2023,380.47404339457285,440.2253175325481,322.00310477853117
1,All Population,44,Population,210,Liberia,3,Both,235,95+ years,1,Number,2023,1539.690674040643,1650.092603313282,1434.9122165986107
1,All Population,44,Population,211,Mali,3,Both,1,<5 years,1,Number,2023,4600201.221757102,4943819.247805354,4247591.895058411
1,All Population,44,Population,211,Mali,3,Both,6,5-9 years,1,Number,2023,3771586.589530416,4053310.165628569,3482491.2774318373
1,All Population,44,Population,211,Mali,3,Both,7,10-14 years,1,Number,2023,3086183.4480970413,3316709.9432082353,2849624.868321159
1,All Population,44,Population,211,Mali,3,Both,8,15-19 years,1,Number,2023,2550399.414672909,2740904.823079759,2354909.135646147
1,All Population,44,Population,211,Mali,3,Both,9,20-24 years,1,Number,2023,2039532.9134543994,2191878.4827019023,1883200.9851918607
1,All Population,44,Population,211,Mali,3,Both,10,25-29 years,1,Number,2023,1696876.2976410845,1823626.6843602082,1566809.2897084083
1,All Population,44,Population,211,Mali,3,Both,11,30-34 years,1,Number,2023,1440732.260069843,1548349.634050745,1330298.9099429836
1,All Population,44,Population,211,Mali,3,Both,12,35-39 years,1,Number,2023,1205015.2136032195,1295025.395570498,1112649.7750826816
1,All Population,44,Population,211,Mali,3,Both,13,40-44 years,1,Number,2023,942217.4621880811,1012597.6235892813,869995.6942848528
1,All Population,44,Population,211,Mali,3,Both,14,45-49 years,1,Number,2023,753830.4355239174,810138.7824294219,696048.6930518915
1,All Population,44,Population,211,Mali,3,Both,15,50-54 years,1,Number,2023,584250.5969141072,627891.9567484618,539467.2929519161
1,All Population,44,Population,211,Mali,3,Both,16,55-59 years,1,Number,2023,465166.9764605178,499913.23005443,429511.53304285835
1,All Population,44,Population,211,Mali,3,Both,17,60-64 years,1,Number,2023,378406.9786705189,406672.58114866045,349401.7626951768
1,All Population,44,Population,211,Mali,3,Both,18,65-69 years,1,Number,2023,289271.4485702988,310878.9564505472,267098.5466043783
1,All Population,44,Population,211,Mali,3,Both,19,70-74 years,1,Number,2023,190268.1104636808,204480.43496554,175683.89836323605
1,All Population,44,Population,211,Mali,3,Both,20,75-79 years,1,Number,2023,118825.41725835897,127701.23667459779,109717.3482078149
1,All Population,44,Population,211,Mali,3,Both,21,80+ years,1,Number,2023,115511.36781017136,124139.6399834273,106657.32346164352
1,All Population,44,Population,211,Mali,3,Both,23,5-14 years,1,Number,2023,6857770.037627457,7370020.108836805,6332116.145752996
1,All Population,44,Population,211,Mali,3,Both,24,15-49 years,1,Number,2023,10628603.997153454,11422521.425781813,9813912.482908826
1,All Population,44,Population,211,Mali,3,Both,25,50-69 years,1,Number,2023,1717096.0006154426,1845356.7244020994,1585479.1352943296
1,All Population,44,Population,211,Mali,3,Both,26,70+ years,1,Number,2023,424604.8955322111,456321.31162356504,392058.5700326946
1,All Population,44,Population,211,Mali,3,Both,28,<1 year,1,Number,2023,998805.0537878248,1073412.0990984426,922245.7989766076
1,All Population,44,Population,211,Mali,3,Both,30,80-84 years,1,Number,2023,68001.67212573811,73081.14565687672,62789.28626112958
1,All Population,44,Population,211,Mali,3,Both,31,85-89 years,1,Number,2023,32093.149800564464,34490.38945433959,29633.182638846523
1,All Population,44,Population,24,Marshall Islands,3,Both,157,25+ years,1,Number,2023,19748.586174784232,21271.899015778006,18261.735973327734
1,All Population,44,Population,24,Marshall Islands,3,Both,158,<20 years,1,Number,2023,18101.079196909068,19497.31111611876,16738.268056288336
1,All Population,44,Population,24,Marshall Islands,3,Both,159,10-24 years,1,Number,2023,12984.09258727928,13985.624281335891,12006.5339657018
1,All Population,44,Population,24,Marshall Islands,3,Both,162,10-19 years,1,Number,2023,9156.465775491892,9862.752381048313,8467.085135155068
1,All Population,44,Population,24,Marshall Islands,3,Both,235,95+ years,1,Number,2023,0.9071958963692776,0.9771727112159373,0.8388940751989368
1,All Population,44,Population,25,Micronesia (Federated States of),3,Both,1,<5 years,1,Number,2023,9497.376081104832,10890.547510459475,8067.86917479383
1,All Population,44,Population,25,Micronesia (Federated States of),3,Both,6,5-9 years,1,Number,2023,10080.432886925715,11559.133000900576,8563.166611755896
1,All Population,44,Population,25,Micronesia (Federated States of),3,Both,7,10-14 years,1,Number,2023,10618.58567972255,12176.227502349295,9020.31880739999
1,All Population,44,Population,25,Micronesia (Federated States of),3,Both,8,15-19 years,1,Number,2023,10607.250420506474,12163.229472369034,9010.689685878771
1,All Population,44,Population,26,Papua New Guinea,3,Both,6,5-9 years,1,Number,2023,1376993.7308189268,1571946.461045299,1181365.097507812
1,All Population,44,Population,26,Papua New Guinea,3,Both,7,10-14 years,1,Number,2023,1194986.825683888,1364171.2882108674,1025215.798916543
1,All Population,44,Population,26,Papua New Guinea,3,Both,8,15-19 years,1,Number,2023,1029892.9117347134,1175703.6227711844,883576.673490372
1,All Population,44,Population,26,Papua New Guinea,3,Both,9,20-24 years,1,Number,2023,967504.5279428334,1104482.3841286113,830051.7681461652
1,All Population,44,Population,26,Papua New Guinea,3,Both,10,25-29 years,1,Number,2023,927246.0724605998,1058524.1962254534,795512.8061147275
1,All Population,44,Population,26,Papua New Guinea,3,Both,11,30-34 years,1,Number,2023,820987.8550248408,937222.0979538907,704350.6268015752
1,All Population,44,Population,26,Papua New Guinea,3,Both,12,35-39 years,1,Number,2023,707770.3709793636,807975.4504271098,607217.8795090875
1,All Population,44,Population,26,Papua New Guinea,3,Both,13,40-44 years,1,Number,2023,609308.4492053196,695573.435794568,522744.38103627873
1,All Population,44,Population,215,Sao Tome and Principe,3,Both,157,25+ years,1,Number,2023,100903.40932159233,114909.85564312797,87275.39451613933
1,All Population,44,Population,215,Sao Tome and Principe,3,Both,158,<20 years,1,Number,2023,99972.08263461143,113849.251091933,86469.85281466306
1,All Population,44,Population,215,Sao Tome and Principe,3,Both,159,10-24 years,1,Number,2023,73853.88273003409,84105.57245043138,63879.177077846376
1,All Population,44,Population,215,Sao Tome and Principe,3,Both,162,10-19 years,1,Number,2023,52728.83713189811,60048.15004560839,45607.28020989568
1,All Population,44,Population,215,Sao Tome and Principe,3,Both,235,95+ years,1,Number,2023,120.23999889026952,136.93056565586318,104.00038423204013
1,All Population,44,Population,216,Senegal,3,Both,1,<5 years,1,Number,2023,2708899.117690925,2895365.69638086,2513758.7295804345
1,All Population,44,Population,216,Senegal,3,Both,6,5-9 years,1,Number,2023,2538506.8156168945,2713244.471145627,2355640.9414374023
1,All Population,44,Population,216,Senegal,3,Both,7,10-14 years,1,Number,2023,2415271.074587479,2581525.820268442,2241282.707206417
1,All Population,44,Population,216,Senegal,3,Both,8,15-19 years,1,Number,2023,2100054.2018549973,2244611.051361123,1948773.045119869
1,All Population,44,Population,216,Senegal,3,Both,9,20-24 years,1,Number,2023,1799661.0670329966,1923540.4096705944,1670019.2664968765
1,All Population,44,Population,216,Senegal,3,Both,10,25-29 years,1,Number,2023,1508252.9870931113,1612073.307482841,1399603.2882733794
1,All Population,44,Population,216,Senegal,3,Both,11,30-34 years,1,Number,2023,1242405.1850075386,1327925.9202324315,1152906.3076187354
1,All Population,44,Population,216,Senegal,3,Both,12,35-39 years,1,Number,2023,1007303.4819361346,1076641.0341367482,934740.5757997042
1,All Population,44,Population,216,Senegal,3,Both,13,40-44 years,1,Number,2023,797534.0952671948,852432.209841432,740082.3017081752
1,All Population,44,Population,216,Senegal,3,Both,14,45-49 years,1,Number,2023,645205.5711529016,689618.1794404776,598727.0350038145
1,All Population,44,Population,216,Senegal,3,Both,15,50-54 years,1,Number,2023,517179.2645912573,552779.2053228677,479923.33218833245
1,All Population,44,Population,153,Syrian Arab Republic,3,Both,157,25+ years,1,Number,2023,8993889.294633519,10655186.491440123,7318787.813361769
1,All Population,44,Population,153,Syrian Arab Republic,3,Both,158,<20 years,1,Number,2023,6966221.580330064,8252980.178819975,5668770.866205657
1,All Population,44,Population,153,Syrian Arab Republic,3,Both,159,10-24 years,1,Number,2023,5991141.3136361325,7097788.9433723325,4875298.171674355
1,All Population,44,Population,153,Syrian Arab Republic,3,Both,162,10-19 years,1,Number,2023,4169742.0965806614,4939951.805587118,3393132.4526670873
1,All Population,44,Population,34,Azerbaijan,3,Both,157,25+ years,1,Number,2023,6758677.3423636565,7429402.918028863,6105225.451693698
1,All Population,44,Population,34,Azerbaijan,3,Both,158,<20 years,1,Number,2023,3100158.902669074,3407816.1200972274,2800425.0059747323
1,All Population,44,Population,34,Azerbaijan,3,Both,159,10-24 years,1,Number,2023,2320082.6736213514,2550325.7682430753,2095769.1973608783
1,All Population,44,Population,34,Azerbaijan,3,Both,162,10-19 years,1,Number,2023,1656746.5159494681,1821160.676346849,1496566.6333528769
1,All Population,44,Population,34,Azerbaijan,3,Both,235,95+ years,1,Number,2023,3222.879461298559,3542.7153659406717,2911.280524005539
1,All Population,44,Population,87,Luxembourg,3,Both,157,25+ years,1,Number,2023,481330.24591370486,488543.780778857,474454.2099491956
1,All Population,44,Population,87,Luxembourg,3,Both,158,<20 years,1,Number,2023,138742.5356214523,140821.82344199036,136760.53122251964
1,All Population,44,Population,87,Luxembourg,3,Both,159,10-24 years,1,Number,2023,108080.70518205204,109700.4744396456,106536.71989916055
1,All Population,44,Population,87,Luxembourg,3,Both,162,10-19 years,1,Number,2023,69300.2428278379,70338.82231052377,68310.25525469282
1,All Population,44,Population,87,Luxembourg,3,Both,235,95+ years,1,Number,2023,805.7289027894916,817.8040914597975,794.2186747075058
1,All Population,44,Population,88,Malta,3,Both,235,95+ years,1,Number,2023,667.3412399542159,721.4679966875512,613.1806437450192
1,All Population,44,Population,89,Netherlands,3,Both,1,<5 years,1,Number,2023,867274.5860207782,880283.4783557776,853536.3087056426
1,All Population,44,Population,89,Netherlands,3,Both,6,5-9 years,1,Number,2023,895293.3886621549,908722.5557207454,881111.2725825385
1,All Population,44,Population,89,Netherlands,3,Both,7,10-14 years,1,Number,2023,956606.0736822203,970954.9150066685,941452.7188700059
1,All Population,44,Population,89,Netherlands,3,Both,8,15-19 years,1,Number,2023,1018390.2934367768,1033665.8819249771,1002258.2304295236
1,All Population,44,Population,89,Netherlands,3,Both,9,20-24 years,1,Number,2023,1159841.5173551883,1177238.8372676324,1141468.7612939938
1,All Population,44,Population,89,Netherlands,3,Both,10,25-29 years,1,Number,2023,1149264.2482441086,1166502.9118817325,1131059.044027079
1,All Population,44,Population,89,Netherlands,3,Both,11,30-34 years,1,Number,2023,1176906.5026049013,1194559.7928402284,1158263.4244294448
1,All Population,44,Population,88,Malta,3,Both,157,25+ years,1,Number,2023,432646.57691053674,467737.7036353792,397533.511584392
1,All Population,44,Population,88,Malta,3,Both,158,<20 years,1,Number,2023,95535.2618654239,103283.94210403778,87781.73723387546
1,All Population,44,Population,88,Malta,3,Both,159,10-24 years,1,Number,2023,76150.31998528124,82326.72509594359,69970.05345146582
1,All Population,44,Population,88,Malta,3,Both,162,10-19 years,1,Number,2023,47529.97923182075,51385.04388150095,43672.504436493015
1,All Population,44,Population,89,Netherlands,3,Both,159,10-24 years,1,Number,2023,3134837.8844741853,3181859.6341992775,3085179.7105935244
1,All Population,44,Population,89,Netherlands,3,Both,162,10-19 years,1,Number,2023,1974996.3671189973,2004620.7969316458,1943710.9492995297
1,All Population,44,Population,89,Netherlands,3,Both,235,95+ years,1,Number,2023,32773.90356374171,33265.503559556826,32254.740448488843
1,All Population,44,Population,142,Iran (Islamic Republic of),3,Both,157,25+ years,1,Number,2023,56136268.28914719,62486169.444434956,50056399.246520594
1,All Population,44,Population,142,Iran (Islamic Republic of),3,Both,158,<20 years,1,Number,2023,26134947.42763119,29091223.96545344,23304387.74422865
1,All Population,44,Population,142,Iran (Islamic Republic of),3,Both,159,10-24 years,1,Number,2023,18811825.25367059,20939740.673628226,16774400.296849854
1,All Population,44,Population,142,Iran (Islamic Republic of),3,Both,162,10-19 years,1,Number,2023,13157726.568676831,14646073.865099361,11732671.84248461
1,All Population,44,Population,142,Iran (Islamic Republic of),3,Both,235,95+ years,1,Number,2023,26612.80042586042,29623.129707087064,23730.48661380979
1,All Population,44,Population,143,Iraq,3,Both,1,<5 years,1,Number,2023,4682545.005170826,6012675.844643187,3374870.1190185733
1,All Population,44,Population,143,Iraq,3,Both,6,5-9 years,1,Number,2023,4965832.084488122,6376433.881571759,3579044.7928415127
1,All Population,44,Population,143,Iraq,3,Both,7,10-14 years,1,Number,2023,4985540.239840363,6401740.365438553,3593249.133542094
1,All Population,44,Population,143,Iraq,3,Both,8,15-19 years,1,Number,2023,4547494.985378391,5839263.3113033315,3277534.9570784196
1,All Population,44,Population,143,Iraq,3,Both,9,20-24 years,1,Number,2023,4144880.663827174,5322281.754644466,2987357.0641181436
1,All Population,44,Population,143,Iraq,3,Both,10,25-29 years,1,Number,2023,3736776.507366183,4798250.91224107,2693222.459631362
1,All Population,44,Population,143,Iraq,3,Both,11,30-34 years,1,Number,2023,3364931.58908917,4320779.162240036,2425221.1265494153
1,All Population,44,Population,143,Iraq,3,Both,12,35-39 years,1,Number,2023,2775933.4715746683,3564469.345717395,2000710.0658414424
1,All Population,44,Population,143,Iraq,3,Both,13,40-44 years,1,Number,2023,2525379.8845948437,3242743.126629548,1820127.537968807
1,All Population,44,Population,143,Iraq,3,Both,14,45-49 years,1,Number,2023,2355184.474959907,3024201.750678842,1697461.8931673602
1,All Population,44,Population,143,Iraq,3,Both,15,50-54 years,1,Number,2023,1922372.9378559382,2468445.1115959934,1385519.835562856
1,All Population,44,Population,143,Iraq,3,Both,16,55-59 years,1,Number,2023,1376283.5558447537,1767232.7510935464,991934.5660934318
1,All Population,44,Population,143,Iraq,3,Both,17,60-64 years,1,Number,2023,1005580.7748746225,1291227.5756558685,724756.4103786118
1,All Population,44,Population,143,Iraq,3,Both,18,65-69 years,1,Number,2023,723817.8850203516,929426.6917619978,521680.2719608435
1,All Population,44,Population,143,Iraq,3,Both,19,70-74 years,1,Number,2023,509233.5884527434,653887.2543007366,367022.0402306776
1,All Population,44,Population,143,Iraq,3,Both,20,75-79 years,1,Number,2023,317287.74634865404,407416.9850295394,228680.11585587577
1,All Population,44,Population,144,Jordan,3,Both,17,60-64 years,1,Number,2023,359517.9020978469,401122.6135986549,316038.62368382135
1,All Population,44,Population,144,Jordan,3,Both,18,65-69 years,1,Number,2023,233042.7937079086,260011.34838344477,204859.1276070456
1,All Population,44,Population,144,Jordan,3,Both,19,70-74 years,1,Number,2023,148372.05868699384,165542.20977107887,130428.27894509326
1,All Population,44,Population,144,Jordan,3,Both,20,75-79 years,1,Number,2023,95320.77854596566,106351.64368034767,83792.90011527282
1,All Population,44,Population,144,Jordan,3,Both,21,80+ years,1,Number,2023,108583.11923792727,121148.7503883958,95451.32345012178
1,All Population,44,Population,149,Palestine,3,Both,9,20-24 years,1,Number,2023,507069.8664197994,559531.8544153465,449647.59818394075
1,All Population,44,Population,149,Palestine,3,Both,10,25-29 years,1,Number,2023,478452.3584389029,527953.5486044459,424270.83142697735
1,All Population,44,Population,149,Palestine,3,Both,11,30-34 years,1,Number,2023,412342.99731879815,455004.4426303156,365647.91294236755
1,All Population,44,Population,149,Palestine,3,Both,12,35-39 years,1,Number,2023,323992.21966665273,357512.799500775,287302.2694722404
1,All Population,44,Population,149,Palestine,3,Both,13,40-44 years,1,Number,2023,268019.2650195708,295748.8234003705,237667.87727690034
1,All Population,44,Population,149,Palestine,3,Both,14,45-49 years,1,Number,2023,231954.96123554016,255953.2683677807,205687.6144954395
1,All Population,44,Population,149,Palestine,3,Both,15,50-54 years,1,Number,2023,194129.39841624885,214214.2325658381,172145.54347525164
1,All Population,44,Population,149,Palestine,3,Both,16,55-59 years,1,Number,2023,161331.210967473,178022.7097402981,143061.5312162402
1,All Population,44,Population,149,Palestine,3,Both,17,60-64 years,1,Number,2023,119589.77324709306,131962.65845278793,106047.03191610881
1,All Population,44,Population,149,Palestine,3,Both,18,65-69 years,1,Number,2023,79589.10704314185,87823.4807552978,70576.17341024453
1,All Population,44,Population,149,Palestine,3,Both,19,70-74 years,1,Number,2023,51390.91532433486,56707.87411319213,45571.238155435305
1,All Population,44,Population,149,Palestine,3,Both,20,75-79 years,1,Number,2023,32752.831910261142,36141.474754743926,29043.792931640484
1,All Population,44,Population,149,Palestine,3,Both,21,80+ years,1,Number,2023,31709.270293363556,34989.94514242031,28118.40768264509
1,All Population,44,Population,149,Palestine,3,Both,23,5-14 years,1,Number,2023,1294019.1768093617,1427899.777916858,1147480.1667164702
1,All Population,44,Population,149,Palestine,3,Both,24,15-49 years,1,Number,2023,2788872.542917723,3077412.264082167,2473051.3951028353
1,All Population,44,Population,149,Palestine,3,Both,25,50-69 years,1,Number,2023,554639.4896739568,612023.081514222,491830.2800178452
1,All Population,44,Population,149,Palestine,3,Both,26,70+ years,1,Number,2023,115853.01752795956,127839.29401035636,102733.43876972084
1,All Population,44,Population,149,Palestine,3,Both,28,<1 year,1,Number,2023,129007.31297502833,142354.54686297258,114398.0983073468
1,All Population,44,Population,149,Palestine,3,Both,30,80-84 years,1,Number,2023,18102.780488423672,19975.713422449477,16052.761771356907
1,All Population,44,Population,149,Palestine,3,Both,31,85-89 years,1,Number,2023,9413.848326747653,10387.815092701887,8347.793016526037
1,All Population,44,Population,149,Palestine,3,Both,32,90-94 years,1,Number,2023,3491.6410772759077,3852.88997888024,3096.2360970148857
1,All Population,44,Population,149,Palestine,3,Both,34,2-4 years,1,Number,2023,395887.48805460305,436846.4288659534,351055.8799553132
1,All Population,44,Population,203,Cabo Verde,3,Both,157,25+ years,1,Number,2023,279886.7471131901,303109.1720004277,257451.88731400686
1,All Population,44,Population,203,Cabo Verde,3,Both,158,<20 years,1,Number,2023,173733.56191403975,188148.3730244403,159807.61456513606
1,All Population,44,Population,203,Cabo Verde,3,Both,159,10-24 years,1,Number,2023,131296.47287942513,142190.24513141625,120772.15191189495
1,All Population,44,Population,203,Cabo Verde,3,Both,162,10-19 years,1,Number,2023,90221.12222206943,97706.84012637952,82989.27488076419
1,All Population,44,Population,203,Cabo Verde,3,Both,235,95+ years,1,Number,2023,415.7087360612413,450.2004188498039,382.3868038617939
1,All Population,44,Population,204,Chad,3,Both,1,<5 years,1,Number,2023,3996775.9157224265,4661427.58069158,3386688.307947754
1,All Population,44,Population,204,Chad,3,Both,6,5-9 years,1,Number,2023,3244432.9081364563,3783972.221759405,2749186.651341342
1,All Population,44,Population,204,Chad,3,Both,7,10-14 years,1,Number,2023,2620640.7309515765,3056445.304898551,2220613.1917308476
1,All Population,44,Population,204,Chad,3,Both,8,15-19 years,1,Number,2023,2104335.3430686435,2454279.9031131607,1783119.2072432279
1,All Population,44,Population,204,Chad,3,Both,9,20-24 years,1,Number,2023,1647401.1868373135,1921358.9880230888,1395933.7364933863
1,All Population,44,Population,204,Chad,3,Both,10,25-29 years,1,Number,2023,1266355.1666667238,1476946.1749482553,1073052.4620578384
1,All Population,44,Population,204,Chad,3,Both,11,30-34 years,1,Number,2023,1008080.7612804417,1175721.5223680716,854202.3370050365
1,All Population,44,Population,204,Chad,3,Both,12,35-39 years,1,Number,2023,805873.0817916766,939887.3214841327,682860.636008506
1,All Population,44,Population,204,Chad,3,Both,13,40-44 years,1,Number,2023,652858.1347120961,761426.4546216744,553202.6458827346
1,All Population,44,Population,204,Chad,3,Both,14,45-49 years,1,Number,2023,530270.3250815403,618452.6655181757,449327.2447276296
1,All Population,44,Population,208,Guinea,3,Both,157,25+ years,1,Number,2023,5119003.476416818,5754455.412522517,4529097.393415969
1,All Population,44,Population,208,Guinea,3,Both,158,<20 years,1,Number,2023,7819407.290476045,8790076.19602055,6918310.827587575
1,All Population,44,Population,208,Guinea,3,Both,159,10-24 years,1,Number,2023,4589579.853598822,5159311.329132521,4060683.7341628564
1,All Population,44,Population,208,Guinea,3,Both,162,10-19 years,1,Number,2023,3354026.994972536,3770382.0448421165,2967514.0855755117
1,All Population,44,Population,208,Guinea,3,Both,235,95+ years,1,Number,2023,6213.5793510132,6984.9074126052865,5497.536028663897
1,All Population,44,Population,209,Guinea-Bissau,3,Both,1,<5 years,1,Number,2023,333711.1659300037,386118.5974080781,282426.7079299465
1,All Population,44,Population,210,Liberia,3,Both,1,<5 years,1,Number,2023,764357.1495307456,819164.5893524549,712341.4009047939
1,All Population,44,Population,28,Solomon Islands,3,Both,28,<1 year,1,Number,2023,23677.05648439483,25900.541694232455,21410.122008620812
1,All Population,44,Population,28,Solomon Islands,3,Both,30,80-84 years,1,Number,2023,2821.15660105686,3086.0881807580786,2551.047976502607
1,All Population,44,Population,28,Solomon Islands,3,Both,31,85-89 years,1,Number,2023,879.8502474913612,962.4759747838734,795.6099256054438
1,All Population,44,Population,28,Solomon Islands,3,Both,32,90-94 years,1,Number,2023,215.53802153150576,235.77894984744023,194.90156394768707
1,All Population,44,Population,28,Solomon Islands,3,Both,34,2-4 years,1,Number,2023,66159.2326153882,72372.17024602131,59824.88757526782
1,All Population,44,Population,81,Germany,3,Both,157,25+ years,1,Number,2023,63998682.41224069,68857999.19925556,58776861.292551406
1,All Population,44,Population,81,Germany,3,Both,158,<20 years,1,Number,2023,15952066.56249097,17163281.261183966,14650495.42166429
1,All Population,44,Population,81,Germany,3,Both,159,10-24 years,1,Number,2023,12347329.90427528,13284842.759495867,11339878.725036878
1,All Population,44,Population,81,Germany,3,Both,162,10-19 years,1,Number,2023,7853800.748540801,8450127.178722974,7212988.452525188
1,All Population,44,Population,81,Germany,3,Both,235,95+ years,1,Number,2023,237569.69250793377,255607.97628780358,218185.7553552097
1,All Population,44,Population,82,Greece,3,Both,1,<5 years,1,Number,2023,407963.9985248779,440302.04450613266,372620.4806169886
1,All Population,44,Population,26,Papua New Guinea,3,Both,14,45-49 years,1,Number,2023,512411.4098687946,584957.8573342133,439613.44313728483
1,All Population,44,Population,26,Papua New Guinea,3,Both,15,50-54 years,1,Number,2023,411516.34165453276,469778.2149969826,353052.4738087523
1,All Population,44,Population,26,Papua New Guinea,3,Both,16,55-59 years,1,Number,2023,326278.8279913823,372472.90056290466,279924.6001036883
1,All Population,44,Population,26,Papua New Guinea,3,Both,17,60-64 years,1,Number,2023,231405.72604990055,264167.80555233546,198530.06008692953
1,All Population,44,Population,26,Papua New Guinea,3,Both,18,65-69 years,1,Number,2023,155055.98228740692,177008.57830023297,133027.27640248038
1,All Population,44,Population,26,Papua New Guinea,3,Both,19,70-74 years,1,Number,2023,97260.61360760265,111030.62703752419,83442.85940204065
1,All Population,44,Population,26,Papua New Guinea,3,Both,20,75-79 years,1,Number,2023,55960.748413602676,63883.58818009512,48010.4400816181
1,All Population,44,Population,26,Papua New Guinea,3,Both,21,80+ years,1,Number,2023,38139.035492838455,43538.70357492002,32720.646706978972
1,All Population,44,Population,26,Papua New Guinea,3,Both,23,5-14 years,1,Number,2023,2571980.556502815,2936117.749256166,2206580.896424355
1,All Population,44,Population,26,Papua New Guinea,3,Both,24,15-49 years,1,Number,2023,5575121.597216465,6364439.04463503,4783067.578235489
1,All Population,44,Population,26,Papua New Guinea,3,Both,25,50-69 years,1,Number,2023,1124256.8779832225,1283427.4994124558,964534.4104018507
1,All Population,44,Population,26,Papua New Guinea,3,Both,26,70+ years,1,Number,2023,191360.39751404378,218452.91879253933,164173.94619063774
1,All Population,44,Population,26,Papua New Guinea,3,Both,28,<1 year,1,Number,2023,352243.40150684415,402113.49988931365,302200.40298958827
1,All Population,44,Population,26,Papua New Guinea,3,Both,30,80-84 years,1,Number,2023,25220.922264500332,28791.66303422575,21637.801700461343
1,All Population,44,Population,26,Papua New Guinea,3,Both,31,85-89 years,1,Number,2023,9276.204547708363,10589.515830279366,7958.340001656071
1,All Population,44,Population,26,Papua New Guinea,3,Both,32,90-94 years,1,Number,2023,2807.250802801601,3204.6972081028575,2408.4264467989055
1,All Population,44,Population,26,Papua New Guinea,3,Both,34,2-4 years,1,Number,2023,951801.715630885,1086556.390937963,816579.844503478
1,All Population,44,Population,210,Liberia,3,Both,6,5-9 years,1,Number,2023,626508.7540394713,671431.9170606751,583873.8131848171
1,All Population,44,Population,210,Liberia,3,Both,7,10-14 years,1,Number,2023,633726.7030782234,679167.4216790674,590600.569038518
1,All Population,44,Population,210,Liberia,3,Both,8,15-19 years,1,Number,2023,626423.6893815708,671340.7529293523,583794.5373153973
1,All Population,44,Population,210,Liberia,3,Both,9,20-24 years,1,Number,2023,580085.6920493814,621680.1373658797,540609.9161536812
1,All Population,44,Population,210,Liberia,3,Both,10,25-29 years,1,Number,2023,524631.4721416348,562249.6299041806,488929.4462065918
1,All Population,44,Population,210,Liberia,3,Both,11,30-34 years,1,Number,2023,456136.21136460884,488842.9872091417,425095.3994560638
1,All Population,44,Population,210,Liberia,3,Both,12,35-39 years,1,Number,2023,393799.6970215297,422036.697499075,367000.98641638487
1,All Population,44,Population,210,Liberia,3,Both,13,40-44 years,1,Number,2023,305765.3314019538,327689.91863276047,284957.50272330665
1,All Population,44,Population,210,Liberia,3,Both,14,45-49 years,1,Number,2023,241162.7491088161,258455.07491113758,224751.23134740203
1,All Population,44,Population,210,Liberia,3,Both,15,50-54 years,1,Number,2023,188598.07839822836,202121.3087868585,175763.67206956068
1,All Population,44,Population,210,Liberia,3,Both,16,55-59 years,1,Number,2023,134262.95496836366,143890.1414599547,125126.14226281185
1,All Population,44,Population,210,Liberia,3,Both,17,60-64 years,1,Number,2023,96937.13217941138,103887.90910571323,90340.40249216967
1,All Population,44,Population,210,Liberia,3,Both,18,65-69 years,1,Number,2023,66449.39142675528,71214.07639640191,61927.402140825856
1,All Population,44,Population,210,Liberia,3,Both,19,70-74 years,1,Number,2023,42035.01653403893,45049.09397219498,39174.465213410054
1,All Population,44,Population,210,Liberia,3,Both,20,75-79 years,1,Number,2023,26369.51866742073,28260.317763601568,24575.02998469699
1,All Population,44,Population,210,Liberia,3,Both,21,80+ years,1,Number,2023,27281.705211360717,29237.911701380755,25425.140749011334
1,All Population,44,Population,210,Liberia,3,Both,23,5-14 years,1,Number,2023,1260235.4571176947,1350599.3387397425,1174474.382223335
1,All Population,44,Population,210,Liberia,3,Both,24,15-49 years,1,Number,2023,3128004.8424694957,3352295.198451528,2915139.019618829
1,All Population,44,Population,210,Liberia,3,Both,25,50-69 years,1,Number,2023,486247.55697275867,521113.4357489284,453157.61896536814
1,All Population,44,Population,210,Liberia,3,Both,26,70+ years,1,Number,2023,95686.24041282038,102547.32343717731,89174.63594711837
1,All Population,44,Population,210,Liberia,3,Both,28,<1 year,1,Number,2023,166716.13219396694,178670.34023419858,155370.82793480463
1,All Population,44,Population,210,Liberia,3,Both,30,80-84 years,1,Number,2023,14604.80124529849,15652.023431747763,13610.920739603194
1,All Population,44,Population,210,Liberia,3,Both,31,85-89 years,1,Number,2023,7826.525083218868,8387.717979465024,7293.917307399217
1,All Population,44,Population,210,Liberia,3,Both,32,90-94 years,1,Number,2023,3310.688208802716,3548.0776868546886,3085.3904854103116
1,All Population,44,Population,210,Liberia,3,Both,34,2-4 years,1,Number,2023,438732.8768545179,470191.7645757508,408876.3901971804
1,All Population,44,Population,143,Iraq,3,Both,26,70+ years,1,Number,2023,1064925.0433937707,1367429.2671396823,767527.8516224496
1,All Population,44,Population,143,Iraq,3,Both,28,<1 year,1,Number,2023,909664.127676812,1168064.700110928,655626.0066800086
1,All Population,44,Population,143,Iraq,3,Both,30,80-84 years,1,Number,2023,159644.03535758023,204992.762285446,115060.90897426126
1,All Population,44,Population,143,Iraq,3,Both,31,85-89 years,1,Number,2023,61096.43351323933,78451.57912486546,44034.286400823206
1,All Population,44,Population,143,Iraq,3,Both,32,90-94 years,1,Number,2023,15145.446623902639,19447.68517362065,10915.840679321997
1,All Population,44,Population,143,Iraq,3,Both,34,2-4 years,1,Number,2023,2852285.4746087044,3662510.0145899686,2055739.5622546615
1,All Population,44,Population,35,Georgia,3,Both,1,<5 years,1,Number,2023,224580.40145831738,254299.66150746914,197094.22264448227
1,All Population,44,Population,35,Georgia,3,Both,6,5-9 years,1,Number,2023,256432.72570974412,290367.0797806855,225048.17163998325
1,All Population,44,Population,35,Georgia,3,Both,7,10-14 years,1,Number,2023,239101.19746881886,270742.0290796675,209837.83243093133
1,All Population,44,Population,35,Georgia,3,Both,8,15-19 years,1,Number,2023,204762.201174295,231858.87152228644,179701.5527862577
1,All Population,44,Population,35,Georgia,3,Both,9,20-24 years,1,Number,2023,188561.22033173713,213513.97625271356,165483.39436946125
1,All Population,44,Population,35,Georgia,3,Both,10,25-29 years,1,Number,2023,209897.57335570257,237673.81975003376,184208.41171745645
1,All Population,44,Population,35,Georgia,3,Both,11,30-34 years,1,Number,2023,252194.56806519371,285568.07662891445,221328.71802349095
1,All Population,44,Population,35,Georgia,3,Both,12,35-39 years,1,Number,2023,257734.9696132154,291841.6527251745,226191.03516761758
1,All Population,44,Population,35,Georgia,3,Both,13,40-44 years,1,Number,2023,241608.20501363438,273580.7949109843,212038.00973937285
1,All Population,44,Population,35,Georgia,3,Both,14,45-49 years,1,Number,2023,227155.17682308302,257215.163035946,199353.8737347259
1,All Population,44,Population,35,Georgia,3,Both,15,50-54 years,1,Number,2023,220528.10677342684,249711.11700401016,193537.88439920972
1,All Population,44,Population,35,Georgia,3,Both,16,55-59 years,1,Number,2023,219712.24804378964,248787.2937432206,192821.87783291368
1,All Population,44,Population,36,Kazakhstan,3,Both,13,40-44 years,1,Number,2023,1303021.7983484862,1413597.4009352387,1203893.648340313
1,All Population,44,Population,36,Kazakhstan,3,Both,14,45-49 years,1,Number,2023,1184403.5719050819,1284913.1250340466,1094299.3732686264
1,All Population,44,Population,36,Kazakhstan,3,Both,15,50-54 years,1,Number,2023,1080089.326053255,1171746.6783916669,997920.8950485424
1,All Population,44,Population,36,Kazakhstan,3,Both,16,55-59 years,1,Number,2023,991514.7647611778,1075655.6001072088,916084.6956240855
1,All Population,44,Population,36,Kazakhstan,3,Both,17,60-64 years,1,Number,2023,979988.1258019888,1063150.8001914434,905434.9525059981
1,All Population,44,Population,36,Kazakhstan,3,Both,18,65-69 years,1,Number,2023,703818.5438425526,763545.2189417415,650275.1339924746
1,All Population,44,Population,36,Kazakhstan,3,Both,19,70-74 years,1,Number,2023,512095.01261013054,555551.8562890354,473137.08320880047
1,All Population,44,Population,36,Kazakhstan,3,Both,20,75-79 years,1,Number,2023,225114.5129345154,244217.93311544167,207988.7939055069
1,All Population,44,Population,36,Kazakhstan,3,Both,21,80+ years,1,Number,2023,302057.5634188533,327690.44011612644,279078.3565509114
1,All Population,44,Population,36,Kazakhstan,3,Both,23,5-14 years,1,Number,2023,3977679.1133976765,4315228.543052771,3675074.8343771575
1,All Population,44,Population,36,Kazakhstan,3,Both,24,15-49 years,1,Number,2023,9555185.428182084,10366047.063719215,8828269.074456261
1,All Population,44,Population,36,Kazakhstan,3,Both,25,50-69 years,1,Number,2023,3755410.760458974,4074098.2976320614,3469715.6771711
1,All Population,44,Population,36,Kazakhstan,3,Both,26,70+ years,1,Number,2023,1039267.0889634992,1127460.2295206038,960204.2336652187
1,All Population,44,Population,36,Kazakhstan,3,Both,28,<1 year,1,Number,2023,400620.7550281746,434617.79287677136,370143.29536391224
1,All Population,44,Population,36,Kazakhstan,3,Both,30,80-84 years,1,Number,2023,199218.5890933603,216124.45786961654,184062.9177077449
1,All Population,44,Population,36,Kazakhstan,3,Both,31,85-89 years,1,Number,2023,78625.0871346359,85297.2827950366,72643.63736781979
1,All Population,44,Population,211,Mali,3,Both,32,90-94 years,1,Number,2023,11468.904126095335,12325.588868081526,10589.802894012786
1,All Population,44,Population,211,Mali,3,Both,34,2-4 years,1,Number,2023,2646255.176643567,2843920.6561268577,2443417.472132719
1,All Population,44,Population,27,Samoa,3,Both,157,25+ years,1,Number,2023,98145.36173414324,106507.33550105178,90453.85675986564
1,All Population,44,Population,27,Samoa,3,Both,158,<20 years,1,Number,2023,104649.77796391516,113565.92726109218,96448.53163352965
1,All Population,44,Population,27,Samoa,3,Both,159,10-24 years,1,Number,2023,62801.12621309294,68151.77509397133,57879.49602982773
1,All Population,44,Population,27,Samoa,3,Both,162,10-19 years,1,Number,2023,46382.591391132126,50334.382954186294,42747.65718638437
1,All Population,44,Population,27,Samoa,3,Both,235,95+ years,1,Number,2023,150.18173683902577,162.97720390468766,138.41221909989895
1,All Population,44,Population,28,Solomon Islands,3,Both,162,10-19 years,1,Number,2023,188633.2393106508,206347.57039599618,170572.75135463808
1,All Population,44,Population,28,Solomon Islands,3,Both,235,95+ years,1,Number,2023,43.897434043061914,48.01979171065885,39.69452112203137
1,All Population,44,Population,29,Tonga,3,Both,1,<5 years,1,Number,2023,11083.303882102698,11992.990849319081,10165.941389451444
1,All Population,44,Population,29,Tonga,3,Both,6,5-9 years,1,Number,2023,11920.415914242012,12898.81072470059,10933.765852775492
1,All Population,44,Population,29,Tonga,3,Both,7,10-14 years,1,Number,2023,12735.292146644988,13780.569747325388,11681.194968351998
1,All Population,44,Population,29,Tonga,3,Both,8,15-19 years,1,Number,2023,11422.674996414935,12360.216607248738,10477.222835315442
1,All Population,44,Population,29,Tonga,3,Both,9,20-24 years,1,Number,2023,8971.488080571336,9707.843040269916,8228.920092187123
1,All Population,44,Population,29,Tonga,3,Both,10,25-29 years,1,Number,2023,6822.828805166298,7382.827746784308,6258.104846839469
1,All Population,44,Population,29,Tonga,3,Both,11,30-34 years,1,Number,2023,5952.961171325959,6441.5637803949985,5460.235955372784
1,All Population,44,Population,29,Tonga,3,Both,12,35-39 years,1,Number,2023,5715.9272787980135,6185.074800727429,5242.821303172933
1,All Population,44,Population,29,Tonga,3,Both,13,40-44 years,1,Number,2023,5455.160149102765,5902.904625344219,5003.63780834355
1,All Population,44,Population,29,Tonga,3,Both,14,45-49 years,1,Number,2023,5111.61426498268,5531.1614440328585,4688.527137400773
1,All Population,44,Population,90,Norway,3,Both,1,<5 years,1,Number,2023,275672.9921607978,280087.9393852614,271299.8834306284
1,All Population,44,Population,90,Norway,3,Both,6,5-9 years,1,Number,2023,305036.57390590245,309921.7836058798,300197.65916886943
1,All Population,44,Population,90,Norway,3,Both,7,10-14 years,1,Number,2023,330174.49977368437,335462.2973919372,324936.8122652998
1,All Population,44,Population,90,Norway,3,Both,8,15-19 years,1,Number,2023,324108.14400055405,329298.78795724106,318966.68947162764
1,All Population,44,Population,90,Norway,3,Both,9,20-24 years,1,Number,2023,332370.3785044965,337693.34347313724,327097.8569110866
1,All Population,44,Population,90,Norway,3,Both,10,25-29 years,1,Number,2023,366307.58324660646,372174.05799728225,360496.7024720088
1,All Population,44,Population,90,Norway,3,Both,11,30-34 years,1,Number,2023,392264.03998495074,398546.2115571963,386041.4017629623
1,All Population,44,Population,90,Norway,3,Both,12,35-39 years,1,Number,2023,369158.4209583033,375070.5523325896,363302.31622764235
1,All Population,44,Population,90,Norway,3,Both,13,40-44 years,1,Number,2023,355924.7102663231,361624.90163941093,350278.5370755856
1,All Population,44,Population,90,Norway,3,Both,14,45-49 years,1,Number,2023,357696.01734135346,363424.5764816037,352021.7452121857
1,All Population,44,Population,90,Norway,3,Both,15,50-54 years,1,Number,2023,380717.7061343628,386814.9613164069,374678.23193206184
1,All Population,44,Population,90,Norway,3,Both,16,55-59 years,1,Number,2023,354806.33709411626,360488.6175413137,349177.9050953781
1,All Population,44,Population,90,Norway,3,Both,17,60-64 years,1,Number,2023,315312.260200401,320362.03666598635,310310.3382239184
1,All Population,44,Population,90,Norway,3,Both,18,65-69 years,1,Number,2023,288293.59945547354,292910.66773180343,283720.2850848902
1,All Population,44,Population,90,Norway,3,Both,19,70-74 years,1,Number,2023,255304.62936344265,259393.37398788295,251254.63195611342
1,All Population,44,Population,90,Norway,3,Both,20,75-79 years,1,Number,2023,220771.5257462304,224307.2171724887,217269.34049751912
1,All Population,44,Population,90,Norway,3,Both,21,80+ years,1,Number,2023,247062.09696837713,251018.8361133001,243142.85408325563
1,All Population,44,Population,90,Norway,3,Both,23,5-14 years,1,Number,2023,635211.0736795869,645384.0809978169,625134.4714341693
1,All Population,44,Population,90,Norway,3,Both,24,15-49 years,1,Number,2023,2497829.2943025874,2537832.431438461,2458205.2491331003
1,All Population,44,Population,90,Norway,3,Both,25,50-69 years,1,Number,2023,1339129.9028843537,1360576.2832555103,1317886.7603362487
1,All Population,44,Population,90,Norway,3,Both,26,70+ years,1,Number,2023,723138.2520780502,734719.4272736717,711666.8265368881
1,All Population,44,Population,90,Norway,3,Both,28,<1 year,1,Number,2023,52624.83041536194,53467.625522561444,51790.022103132105
1,All Population,44,Population,90,Norway,3,Both,30,80-84 years,1,Number,2023,127774.33827957133,129820.66481930001,125747.40386774442
1,All Population,44,Population,90,Norway,3,Both,31,85-89 years,1,Number,2023,72368.440460755,73527.43265236079,71220.43152347369
1,All Population,44,Population,90,Norway,3,Both,32,90-94 years,1,Number,2023,35846.890492664286,36420.984198564656,35278.23721787609
1,All Population,44,Population,90,Norway,3,Both,34,2-4 years,1,Number,2023,168866.04066786205,171570.4574179725,166187.2524743381
1,All Population,44,Population,91,Portugal,3,Both,157,25+ years,1,Number,2023,8093675.994735982,8740791.572750315,7405089.210215123
1,All Population,44,Population,91,Portugal,3,Both,158,<20 years,1,Number,2023,1866194.2694318723,2015402.5382254194,1707423.803191919
1,All Population,44,Population,91,Portugal,3,Both,159,10-24 years,1,Number,2023,1591533.2850836383,1718781.519677634,1456130.1891422602
1,All Population,44,Population,91,Portugal,3,Both,162,10-19 years,1,Number,2023,1013551.0911174571,1094587.779589063,927321.0656958694
1,All Population,44,Population,91,Portugal,3,Both,235,95+ years,1,Number,2023,30007.334166128225,32406.51760344555,27454.396074841163
1,All Population,44,Population,92,Spain,3,Both,1,<5 years,1,Number,2023,1769424.6913124889,1898290.011885188,1641958.634171258
1,All Population,44,Population,92,Spain,3,Both,6,5-9 years,1,Number,2023,2188586.622028721,2347979.060731298,2030924.9205775463
1,All Population,44,Population,92,Spain,3,Both,7,10-14 years,1,Number,2023,2497254.6367741837,2679127.039086406,2317357.0667955778
1,All Population,44,Population,92,Spain,3,Both,8,15-19 years,1,Number,2023,2533693.8637197986,2718220.0962203434,2351171.279742667
1,All Population,44,Population,92,Spain,3,Both,9,20-24 years,1,Number,2023,2479947.925454636,2660559.898366725,2301297.0987055195
1,All Population,44,Population,92,Spain,3,Both,10,25-29 years,1,Number,2023,2541027.5153199164,2726087.8498758115,2357976.628749007
1,All Population,44,Population,92,Spain,3,Both,11,30-34 years,1,Number,2023,2759074.628767634,2960015.1029600734,2560316.0345114707
1,All Population,44,Population,92,Spain,3,Both,12,35-39 years,1,Number,2023,3043395.454662001,3265042.7125645718,2824154.9179881527
1,All Population,44,Population,92,Spain,3,Both,13,40-44 years,1,Number,2023,3705003.5053059286,3974834.9746973,3438101.957681723
1,All Population,44,Population,92,Spain,3,Both,14,45-49 years,1,Number,2023,4031629.271838398,4325248.54882518,3741198.2127153194
1,All Population,44,Population,92,Spain,3,Both,15,50-54 years,1,Number,2023,3780610.343210792,4055948.178288104,3508262.219889996
1,All Population,44,Population,92,Spain,3,Both,16,55-59 years,1,Number,2023,3568124.685544458,3827987.415901737,3311083.6329991342
1,All Population,44,Population,92,Spain,3,Both,17,60-64 years,1,Number,2023,3145647.1157288477,3374741.2534829113,2919040.559954935
1,All Population,44,Population,92,Spain,3,Both,18,65-69 years,1,Number,2023,2622094.220927803,2813058.557534321,2433203.43996636
1,All Population,44,Population,92,Spain,3,Both,19,70-74 years,1,Number,2023,2257805.5972681944,2422239.180404747,2095157.4898419864
1,All Population,44,Population,92,Spain,3,Both,20,75-79 years,1,Number,2023,1902654.4061757494,2041222.7053493226,1765590.7286717815
1,All Population,44,Population,153,Syrian Arab Republic,3,Both,235,95+ years,1,Number,2023,745.3688588081455,883.0489163627533,606.5447707433352
1,All Population,44,Population,154,Tunisia,3,Both,1,<5 years,1,Number,2023,818537.493097996,918890.9662422652,715698.2255998326
1,All Population,44,Population,154,Tunisia,3,Both,6,5-9 years,1,Number,2023,948711.1624431469,1065024.0509359753,829517.1587039634
1,All Population,44,Population,154,Tunisia,3,Both,7,10-14 years,1,Number,2023,943800.2901585455,1059511.1010506738,825223.2777151596
1,All Population,44,Population,154,Tunisia,3,Both,8,15-19 years,1,Number,2023,854874.2826209539,959682.680630961,747469.7400446353
1,All Population,44,Population,154,Tunisia,3,Both,9,20-24 years,1,Number,2023,779845.5141039216,875455.3139190867,681867.4225584259
1,All Population,44,Population,154,Tunisia,3,Both,10,25-29 years,1,Number,2023,801262.0385983895,899497.5246329665,700593.2215700187
1,All Population,44,Population,154,Tunisia,3,Both,11,30-34 years,1,Number,2023,911879.7998814023,1023677.1283847699,797313.2082995698
1,All Population,44,Population,154,Tunisia,3,Both,12,35-39 years,1,Number,2023,969277.7975802802,1088112.1750510794,847499.8466056444
1,All Population,44,Population,154,Tunisia,3,Both,13,40-44 years,1,Number,2023,958409.3805291243,1075911.2797593288,837996.9137966032
1,All Population,44,Population,154,Tunisia,3,Both,14,45-49 years,1,Number,2023,828651.7182499137,930245.2049924805,724541.7215368943
1,All Population,44,Population,154,Tunisia,3,Both,15,50-54 years,1,Number,2023,717884.3875785038,805897.6945033759,627690.9569910765
1,All Population,44,Population,154,Tunisia,3,Both,16,55-59 years,1,Number,2023,654051.6147602513,734238.9631838263,571877.9946938549
1,All Population,44,Population,154,Tunisia,3,Both,17,60-64 years,1,Number,2023,591492.3503845483,664009.873649973,517178.5400127227
1,All Population,44,Population,154,Tunisia,3,Both,18,65-69 years,1,Number,2023,480616.4594389648,539540.4932940976,420232.85446908645
1,All Population,44,Population,154,Tunisia,3,Both,19,70-74 years,1,Number,2023,327893.08366444794,368093.0867714189,286697.31092819676
1,All Population,44,Population,154,Tunisia,3,Both,20,75-79 years,1,Number,2023,200967.77963115778,225606.62005830518,175718.62559451273
1,All Population,44,Population,154,Tunisia,3,Both,21,80+ years,1,Number,2023,188659.2413101683,211789.04326289514,164956.50521476238
1,All Population,44,Population,154,Tunisia,3,Both,23,5-14 years,1,Number,2023,1892511.4526016924,2124535.1519866493,1654740.436419123
1,All Population,44,Population,154,Tunisia,3,Both,24,15-49 years,1,Number,2023,6104200.531563985,6852581.307370671,5337282.07441179
1,All Population,44,Population,155,Türkiye,3,Both,21,80+ years,1,Number,2023,1577959.8836113396,1700430.022375146,1453306.0381231762
1,All Population,44,Population,155,Türkiye,3,Both,23,5-14 years,1,Number,2023,13074173.85959729,14088899.204288878,12041355.430493902
1,All Population,44,Population,155,Türkiye,3,Both,24,15-49 years,1,Number,2023,44701098.04839529,48170482.62384619,41169852.52869084
1,All Population,44,Population,155,Türkiye,3,Both,25,50-69 years,1,Number,2023,17158788.46576197,18490532.844213016,15803298.387471749
1,All Population,44,Population,155,Türkiye,3,Both,26,70+ years,1,Number,2023,5513089.592389223,5940976.79941502,5077572.932333652
1,All Population,44,Population,216,Senegal,3,Both,16,55-59 years,1,Number,2023,424345.2902097948,453555.02117831295,393776.8190239859
1,All Population,44,Population,216,Senegal,3,Both,17,60-64 years,1,Number,2023,341668.1524696058,365186.81768022646,317055.47662557295
1,All Population,44,Population,216,Senegal,3,Both,18,65-69 years,1,Number,2023,258665.02035943698,276470.18004892,240031.62344409732
1,All Population,44,Population,216,Senegal,3,Both,19,70-74 years,1,Number,2023,178008.35883548067,190261.53188038748,165185.2086475634
1,All Population,44,Population,216,Senegal,3,Both,20,75-79 years,1,Number,2023,115814.2173806887,123786.26799623082,107471.33329881685
1,All Population,44,Population,216,Senegal,3,Both,21,80+ years,1,Number,2023,135138.62293050782,144440.86549175926,125403.67076667263
1,All Population,44,Population,217,Sierra Leone,3,Both,20,75-79 years,1,Number,2023,44624.704531811316,48157.6140318898,41187.28555370798
1,All Population,44,Population,217,Sierra Leone,3,Both,21,80+ years,1,Number,2023,48845.82282086751,52712.915573492384,45083.25318310486
1,All Population,44,Population,217,Sierra Leone,3,Both,23,5-14 years,1,Number,2023,1843347.0020576792,1989283.6128170479,1701354.8917550554
1,All Population,44,Population,217,Sierra Leone,3,Both,24,15-49 years,1,Number,2023,4291641.9998965,4631408.56981433,3961058.9335783077
1,All Population,44,Population,217,Sierra Leone,3,Both,25,50-69 years,1,Number,2023,625612.6703928848,675142.0279491886,577422.034987839
1,All Population,44,Population,217,Sierra Leone,3,Both,26,70+ years,1,Number,2023,156536.02820282066,168928.8860815337,144478.135164723
1,All Population,44,Population,217,Sierra Leone,3,Both,28,<1 year,1,Number,2023,240715.88966423876,259773.21368099266,222173.6634210817
1,All Population,44,Population,217,Sierra Leone,3,Both,30,80-84 years,1,Number,2023,28256.191199958434,30493.215901269446,26079.630729728
1,All Population,44,Population,217,Sierra Leone,3,Both,31,85-89 years,1,Number,2023,13826.485759016368,14921.119850227145,12761.438381175742
1,All Population,44,Population,217,Sierra Leone,3,Both,32,90-94 years,1,Number,2023,5026.222750432699,5424.145611565726,4639.055291246593
1,All Population,44,Population,217,Sierra Leone,3,Both,34,2-4 years,1,Number,2023,630790.3380401486,680729.6082538286,582200.869450217
1,All Population,44,Population,204,Chad,3,Both,15,50-54 years,1,Number,2023,414979.2698619791,483989.058866273,351634.78536630183
1,All Population,44,Population,204,Chad,3,Both,16,55-59 years,1,Number,2023,316824.4324825746,369511.370903136,268462.7869528615
1,All Population,44,Population,204,Chad,3,Both,17,60-64 years,1,Number,2023,239963.14058918075,279868.2802034434,203333.98211666004
1,All Population,44,Population,204,Chad,3,Both,18,65-69 years,1,Number,2023,176593.0225879337,205959.9045347766,149636.99178406576
1,All Population,44,Population,204,Chad,3,Both,19,70-74 years,1,Number,2023,122018.17258833433,142309.42315564843,103392.71632329414
1,All Population,44,Population,204,Chad,3,Both,20,75-79 years,1,Number,2023,75444.10065578752,87990.22487448942,63927.940665746784
1,All Population,44,Population,204,Chad,3,Both,21,80+ years,1,Number,2023,64501.640535251696,75228.06695469431,54655.79168070548
1,All Population,44,Population,205,Côte d'Ivoire,3,Both,19,70-74 years,1,Number,2023,228498.62324306997,247043.4782234829,209536.06518927816
1,All Population,44,Population,205,Côte d'Ivoire,3,Both,20,75-79 years,1,Number,2023,133798.21707377103,144657.22574986005,122694.62081246545
1,All Population,44,Population,205,Côte d'Ivoire,3,Both,21,80+ years,1,Number,2023,137654.91010814797,148826.92641645545,126231.25605164845
1,All Population,44,Population,205,Côte d'Ivoire,3,Both,23,5-14 years,1,Number,2023,8202821.677147542,8868559.335755084,7522088.988039185
1,All Population,44,Population,205,Côte d'Ivoire,3,Both,24,15-49 years,1,Number,2023,17720043.07401578,19158194.535894495,16249498.784787089
1,All Population,44,Population,205,Côte d'Ivoire,3,Both,25,50-69 years,1,Number,2023,2442970.3848605966,2641240.863980681,2240234.074728286
1,All Population,44,Population,205,Côte d'Ivoire,3,Both,26,70+ years,1,Number,2023,499951.750424989,540527.6303897983,458461.94205339195
1,All Population,44,Population,205,Côte d'Ivoire,3,Both,28,<1 year,1,Number,2023,1074191.359797665,1161372.2920322947,985046.7700756673
1,All Population,44,Population,205,Côte d'Ivoire,3,Both,30,80-84 years,1,Number,2023,76503.55622253535,82712.5536138394,70154.70778922054
1,All Population,44,Population,205,Côte d'Ivoire,3,Both,31,85-89 years,1,Number,2023,39520.81737449063,42728.3107786748,36241.07860337395
1,All Population,44,Population,205,Côte d'Ivoire,3,Both,32,90-94 years,1,Number,2023,16226.434063269833,17543.364827585487,14879.840838489381
1,All Population,44,Population,205,Côte d'Ivoire,3,Both,34,2-4 years,1,Number,2023,2868819.4593884223,3101651.6755490876,2630742.9459617687
1,All Population,44,Population,144,Jordan,3,Both,23,5-14 years,1,Number,2023,2551642.2659032033,2846927.5346108456,2243052.446467714
1,All Population,44,Population,144,Jordan,3,Both,24,15-49 years,1,Number,2023,7370315.480140459,8223235.035555886,6478966.2680697525
1,All Population,44,Population,144,Jordan,3,Both,25,50-69 years,1,Number,2023,1780952.8816146683,1987051.1882740813,1565568.4856495666
1,All Population,44,Population,144,Jordan,3,Both,26,70+ years,1,Number,2023,352275.95647088677,393042.60383982223,309672.50251048786
1,All Population,44,Population,144,Jordan,3,Both,28,<1 year,1,Number,2023,223356.59604632936,249204.22890712894,196344.3566879001
1,All Population,44,Population,144,Jordan,3,Both,30,80-84 years,1,Number,2023,70250.49958337125,78380.14139230218,61754.563741827296
1,All Population,44,Population,144,Jordan,3,Both,31,85-89 years,1,Number,2023,29164.046675956062,32539.015602591095,25637.013118783103
1,All Population,44,Population,144,Jordan,3,Both,32,90-94 years,1,Number,2023,7676.5359108905195,8564.892401720479,6748.1530955223025
1,All Population,44,Population,144,Jordan,3,Both,34,2-4 years,1,Number,2023,696072.0300775561,776624.0021105835,611890.6599278129
1,All Population,44,Population,89,Netherlands,3,Both,12,35-39 years,1,Number,2023,1103459.7626849634,1120011.3709992752,1085980.1357361157
1,All Population,44,Population,89,Netherlands,3,Both,13,40-44 years,1,Number,2023,1059708.2762892318,1075603.6237316213,1042921.7055681837
1,All Population,44,Population,89,Netherlands,3,Both,14,45-49 years,1,Number,2023,1059311.7286293665,1075201.127960401,1042531.4395194801
1,All Population,44,Population,89,Netherlands,3,Both,15,50-54 years,1,Number,2023,1273183.523122705,1292280.9435267681,1253015.3450212637
1,All Population,44,Population,89,Netherlands,3,Both,16,55-59 years,1,Number,2023,1266089.700003213,1285080.7149127622,1246033.8933592208
1,All Population,44,Population,89,Netherlands,3,Both,17,60-64 years,1,Number,2023,1180371.7707806278,1198077.0391337697,1161673.8001686384
1,All Population,44,Population,89,Netherlands,3,Both,18,65-69 years,1,Number,2023,1029970.9144414532,1045420.2092208909,1013655.4057465157
1,All Population,44,Population,89,Netherlands,3,Both,19,70-74 years,1,Number,2023,927180.594592281,941088.0614137092,912493.3613503103
1,All Population,44,Population,89,Netherlands,3,Both,20,75-79 years,1,Number,2023,770848.9342177087,782411.4669535023,758638.1112591472
1,All Population,44,Population,89,Netherlands,3,Both,21,80+ years,1,Number,2023,890276.1669377263,903630.076980504,876173.527398196
1,All Population,44,Population,89,Netherlands,3,Both,23,5-14 years,1,Number,2023,1851899.4623443752,1879677.4707274137,1822563.9914525445
1,All Population,44,Population,89,Netherlands,3,Both,24,15-49 years,1,Number,2023,7726882.329244536,7842783.5466058655,7604482.74100382
1,All Population,44,Population,89,Netherlands,3,Both,25,50-69 years,1,Number,2023,4749615.908347999,4820858.90679419,4674378.444295639
1,All Population,44,Population,89,Netherlands,3,Both,26,70+ years,1,Number,2023,2588305.695747716,2627129.605347716,2547305.000007653
1,All Population,44,Population,89,Netherlands,3,Both,28,<1 year,1,Number,2023,171818.5093555582,174395.7421321139,169096.77581528437
1,All Population,44,Population,89,Netherlands,3,Both,30,80-84 years,1,Number,2023,470582.0001715373,477640.6072997687,463127.6297540547
1,All Population,44,Population,89,Netherlands,3,Both,31,85-89 years,1,Number,2023,266827.74645400647,270830.09297904064,262600.99562417186
1,All Population,44,Population,89,Netherlands,3,Both,32,90-94 years,1,Number,2023,120092.51674844083,121893.87314213799,118190.16157148067
1,All Population,44,Population,89,Netherlands,3,Both,34,2-4 years,1,Number,2023,523112.12497725803,530958.6702613591,514825.63814173214
1,All Population,44,Population,152,Saudi Arabia,3,Both,157,25+ years,1,Number,2023,20067169.23492418,21569651.31957551,18607585.828947518
1,All Population,44,Population,152,Saudi Arabia,3,Both,158,<20 years,1,Number,2023,10348204.042942548,11123001.47454933,9595528.529724019
1,All Population,44,Population,152,Saudi Arabia,3,Both,159,10-24 years,1,Number,2023,7536533.563495061,8100813.782940162,6988364.601590898
1,All Population,44,Population,152,Saudi Arabia,3,Both,162,10-19 years,1,Number,2023,4963697.552647454,5335342.728863996,4602663.542552876
1,All Population,44,Population,152,Saudi Arabia,3,Both,235,95+ years,1,Number,2023,1383.9075812650733,1487.5244055077887,1283.2492114983804
1,All Population,44,Population,153,Syrian Arab Republic,3,Both,1,<5 years,1,Number,2023,1321865.7611608563,1566032.8630265067,1075669.791650295
1,All Population,44,Population,155,Türkiye,3,Both,28,<1 year,1,Number,2023,992603.6828011365,1069642.5936332084,914191.1278357337
1,All Population,44,Population,155,Türkiye,3,Both,30,80-84 years,1,Number,2023,906418.6002967447,976768.4316894037,834814.3945609179
1,All Population,44,Population,155,Türkiye,3,Both,31,85-89 years,1,Number,2023,458845.39822783717,494457.74818409147,422598.06141801534
1,All Population,44,Population,155,Türkiye,3,Both,32,90-94 years,1,Number,2023,175275.8377231942,188879.51446481995,161429.60029962173
1,All Population,44,Population,155,Türkiye,3,Both,34,2-4 years,1,Number,2023,3390086.484297892,3653201.1340842173,3122280.362485694
1,All Population,44,Population,28,Solomon Islands,3,Both,157,25+ years,1,Number,2023,376387.3343982136,411733.4371435536,340350.5312105218
1,All Population,44,Population,28,Solomon Islands,3,Both,158,<20 years,1,Number,2023,403699.6240860239,441610.59262064256,365047.8349034968
1,All Population,44,Population,28,Solomon Islands,3,Both,159,10-24 years,1,Number,2023,268309.4792252275,293506.1145886532,242620.47480723652
1,All Population,44,Population,29,Tonga,3,Both,157,25+ years,1,Number,2023,48267.20704163162,52228.84606703178,44272.14150557551
1,All Population,44,Population,29,Tonga,3,Both,158,<20 years,1,Number,2023,47161.68693940464,51032.5879285938,43258.125045894376
1,All Population,44,Population,29,Tonga,3,Both,159,10-24 years,1,Number,2023,33129.45522363126,35848.62939484405,30387.33789585457
1,All Population,44,Population,29,Tonga,3,Both,162,10-19 years,1,Number,2023,24157.967143059923,26140.78635457413,22158.417803667442
1,All Population,44,Population,29,Tonga,3,Both,235,95+ years,1,Number,2023,36.676973993716125,39.68731870626116,33.64122935983377
1,All Population,44,Population,30,Vanuatu,3,Both,1,<5 years,1,Number,2023,43649.45980010269,47516.45185215414,39702.66171490865
1,All Population,44,Population,30,Vanuatu,3,Both,6,5-9 years,1,Number,2023,40598.88744117809,44195.62324904707,36927.923082222296
1,All Population,44,Population,30,Vanuatu,3,Both,7,10-14 years,1,Number,2023,35805.670938803334,38977.76620808766,32568.110745675247
1,All Population,44,Population,30,Vanuatu,3,Both,8,15-19 years,1,Number,2023,32368.407350957645,35235.988634596404,29441.64562839356
1,All Population,44,Population,30,Vanuatu,3,Both,9,20-24 years,1,Number,2023,29559.22757245587,32177.938058471966,26886.472781971395
1,All Population,44,Population,30,Vanuatu,3,Both,10,25-29 years,1,Number,2023,26754.458786776435,29124.689253755987,24335.31208499288
1,All Population,44,Population,30,Vanuatu,3,Both,11,30-34 years,1,Number,2023,22413.754716594045,24399.433617149327,20387.095862106817
1,All Population,44,Population,36,Kazakhstan,3,Both,32,90-94 years,1,Number,2023,18610.793816458543,20190.122530284356,17194.96672626915
1,All Population,44,Population,36,Kazakhstan,3,Both,34,2-4 years,1,Number,2023,1263410.0870324878,1370624.2041446222,1167295.4212702338
1,All Population,44,Population,29,Tonga,3,Both,15,50-54 years,1,Number,2023,4819.802925905534,5215.399036315152,4420.868955202415
1,All Population,44,Population,29,Tonga,3,Both,16,55-59 years,1,Number,2023,4185.8000987848845,4529.359008451382,3839.3423950886217
1,All Population,44,Population,29,Tonga,3,Both,17,60-64 years,1,Number,2023,3247.38006272595,3513.916048031774,2978.5951678410606
1,All Population,44,Population,29,Tonga,3,Both,18,65-69 years,1,Number,2023,2479.0905278930836,2682.567430427138,2273.896779677939
1,All Population,44,Population,29,Tonga,3,Both,19,70-74 years,1,Number,2023,1841.0225510811965,1992.1285966146418,1688.641541370344
1,All Population,44,Population,29,Tonga,3,Both,20,75-79 years,1,Number,2023,1238.4243379657935,1340.0707867246563,1135.9202426417603
1,All Population,44,Population,29,Tonga,3,Both,21,80+ years,1,Number,2023,1397.1948678994593,1511.8727631832091,1281.5493726238553
1,All Population,44,Population,29,Tonga,3,Both,23,5-14 years,1,Number,2023,24655.708060887002,26679.380472025983,22614.960821127494
1,All Population,44,Population,29,Tonga,3,Both,24,15-49 years,1,Number,2023,49452.654746361986,53511.59204480248,45359.46997863208
1,All Population,44,Population,29,Tonga,3,Both,25,50-69 years,1,Number,2023,14732.073615309453,15941.241523225444,13512.703297810036
1,All Population,44,Population,29,Tonga,3,Both,26,70+ years,1,Number,2023,4476.641756946449,4844.072146522507,4106.1111566359605
1,All Population,44,Population,29,Tonga,3,Both,28,<1 year,1,Number,2023,2207.2708384502403,2388.4375317227536,2024.5755429087283
1,All Population,44,Population,29,Tonga,3,Both,30,80-84 years,1,Number,2023,797.3673492762235,862.8130587358148,731.3694386467096
1,All Population,44,Population,29,Tonga,3,Both,31,85-89 years,1,Number,2023,434.01044972560146,469.6328285713755,398.08750542738613
1,All Population,44,Population,29,Tonga,3,Both,32,90-94 years,1,Number,2023,129.14009490391803,139.7395571697576,118.45119918992609
1,All Population,44,Population,29,Tonga,3,Both,34,2-4 years,1,Number,2023,6671.5325422287415,7219.113504510726,6119.331340507129
1,All Population,44,Population,214,Nigeria,3,Both,157,25+ years,1,Number,2023,87602294.70788082,98545660.97467789,76603968.08505602
1,All Population,44,Population,214,Nigeria,3,Both,158,<20 years,1,Number,2023,134495281.11198086,151296566.13850003,117609615.77831769
1,All Population,44,Population,214,Nigeria,3,Both,159,10-24 years,1,Number,2023,83142822.83261673,93529107.41279556,72704375.701682
1,All Population,44,Population,214,Nigeria,3,Both,162,10-19 years,1,Number,2023,60406999.79414232,67953102.62204193,52822998.52732252
1,All Population,44,Population,214,Nigeria,3,Both,235,95+ years,1,Number,2023,60512.7999949145,68072.11948970635,52915.51568375514
1,All Population,44,Population,215,Sao Tome and Principe,3,Both,1,<5 years,1,Number,2023,22214.632630054653,25298.255488563078,19214.32427164023
1,All Population,44,Population,215,Sao Tome and Principe,3,Both,6,5-9 years,1,Number,2023,25028.612872658665,28502.845557761528,21648.248333127143
1,All Population,44,Population,215,Sao Tome and Principe,3,Both,7,10-14 years,1,Number,2023,27169.04493611395,30940.391930864473,23499.593634827266
1,All Population,44,Population,215,Sao Tome and Principe,3,Both,8,15-19 years,1,Number,2023,25559.792195784157,29107.758114743912,22107.686575068426
1,All Population,44,Population,215,Sao Tome and Principe,3,Both,9,20-24 years,1,Number,2023,21125.04559813598,24057.422404822995,18271.89686795069
1,All Population,44,Population,215,Sao Tome and Principe,3,Both,10,25-29 years,1,Number,2023,17921.788002075948,20409.51922270282,15501.27125368678
1,All Population,44,Population,215,Sao Tome and Principe,3,Both,11,30-34 years,1,Number,2023,16094.32665099684,18328.387163263484,13920.626838887049
1,All Population,44,Population,215,Sao Tome and Principe,3,Both,12,35-39 years,1,Number,2023,14680.54025769837,16718.352463183423,12697.78644066604
1,All Population,44,Population,215,Sao Tome and Principe,3,Both,13,40-44 years,1,Number,2023,12967.284463621841,14767.27888399804,11215.922979952491
1,All Population,44,Population,215,Sao Tome and Principe,3,Both,14,45-49 years,1,Number,2023,10672.980156521899,12154.501193900258,9231.487420356621
1,All Population,44,Population,215,Sao Tome and Principe,3,Both,15,50-54 years,1,Number,2023,8373.840243773986,9536.216665622365,7242.869352028009
1,All Population,44,Population,215,Sao Tome and Principe,3,Both,16,55-59 years,1,Number,2023,6377.507446868286,7262.772041199881,5516.161269448198
1,All Population,44,Population,215,Sao Tome and Principe,3,Both,17,60-64 years,1,Number,2023,4988.0499907462445,5680.443388692344,4314.363942065992
1,All Population,44,Population,215,Sao Tome and Principe,3,Both,18,65-69 years,1,Number,2023,3506.6935294914533,3993.4591900090095,3033.0794894961814
1,All Population,44,Population,215,Sao Tome and Principe,3,Both,19,70-74 years,1,Number,2023,2208.923649782114,2515.545306444244,1910.5864141451789
1,All Population,44,Population,215,Sao Tome and Principe,3,Both,20,75-79 years,1,Number,2023,1335.4016967544542,1520.769389571116,1155.042339058277
1,All Population,44,Population,215,Sao Tome and Principe,3,Both,21,80+ years,1,Number,2023,1776.0732332609005,2022.6107345409655,1536.196776348469
1,All Population,44,Population,215,Sao Tome and Principe,3,Both,23,5-14 years,1,Number,2023,52197.657808772616,59443.237488626,45147.8419679544
1,All Population,44,Population,215,Sao Tome and Principe,3,Both,24,15-49 years,1,Number,2023,119021.75732483504,135543.21944661497,102946.67837656815
1,All Population,44,Population,215,Sao Tome and Principe,3,Both,25,50-69 years,1,Number,2023,23246.09121087997,26472.891285523598,20106.47405303838
1,All Population,44,Population,215,Sao Tome and Principe,3,Both,26,70+ years,1,Number,2023,5320.398579797468,6058.925430556326,4601.825529551925
1,All Population,44,Population,216,Senegal,3,Both,23,5-14 years,1,Number,2023,4953777.890204373,5294770.29141407,4596923.64864382
1,All Population,44,Population,82,Greece,3,Both,6,5-9 years,1,Number,2023,451704.7137723747,487509.9511382641,412571.7665073763
1,All Population,44,Population,82,Greece,3,Both,7,10-14 years,1,Number,2023,520425.63934370346,561678.1722038899,475339.129332092
1,All Population,44,Population,82,Greece,3,Both,8,15-19 years,1,Number,2023,552169.6640849084,595938.4477305147,504333.04496816517
1,All Population,44,Population,82,Greece,3,Both,9,20-24 years,1,Number,2023,534998.3224886537,577405.9869274001,488649.32390069263
1,All Population,44,Population,82,Greece,3,Both,10,25-29 years,1,Number,2023,530430.9109510059,572476.5307856848,484477.60510077974
1,All Population,44,Population,82,Greece,3,Both,11,30-34 years,1,Number,2023,581359.1437750853,627441.6873107873,530993.7257891231
1,All Population,44,Population,82,Greece,3,Both,12,35-39 years,1,Number,2023,667624.7965182234,720545.3518762854,609785.8474030752
1,All Population,44,Population,82,Greece,3,Both,13,40-44 years,1,Number,2023,822748.6544780324,887965.3988861882,751470.7184141153
1,All Population,44,Population,82,Greece,3,Both,14,45-49 years,1,Number,2023,829651.8592679566,895415.7993961312,757775.8715548825
1,All Population,44,Population,82,Greece,3,Both,15,50-54 years,1,Number,2023,832162.2738116592,898125.2067461592,760068.7990612425
1,All Population,44,Population,82,Greece,3,Both,16,55-59 years,1,Number,2023,783668.5742597427,845787.5614255443,715776.2984992621
1,All Population,44,Population,82,Greece,3,Both,17,60-64 years,1,Number,2023,722485.6666704577,779754.873742812,659893.9056560271
1,All Population,44,Population,82,Greece,3,Both,18,65-69 years,1,Number,2023,635420.8397559763,685788.6869380194,580371.8454570543
1,All Population,44,Population,82,Greece,3,Both,19,70-74 years,1,Number,2023,553208.5308071807,597059.6622088505,505281.9106003037
1,All Population,44,Population,82,Greece,3,Both,20,75-79 years,1,Number,2023,480349.49877336837,518425.31976387824,438734.94167193596
1,All Population,44,Population,82,Greece,3,Both,21,80+ years,1,Number,2023,768364.8842099315,829270.7951378712,701798.4270150304
1,All Population,44,Population,83,Iceland,3,Both,18,65-69 years,1,Number,2023,18678.07194104819,18942.836798550874,18397.84186025334
1,All Population,44,Population,83,Iceland,3,Both,19,70-74 years,1,Number,2023,15120.931134399523,15335.272913879922,14894.06940226464
1,All Population,44,Population,83,Iceland,3,Both,20,75-79 years,1,Number,2023,11102.133509193754,11259.508146459042,10935.566436312996
1,All Population,44,Population,83,Iceland,3,Both,21,80+ years,1,Number,2023,13424.208002303645,13614.498441811227,13222.802476885085
1,All Population,44,Population,83,Iceland,3,Both,23,5-14 years,1,Number,2023,47389.367797466795,48061.12017381696,46678.3775834546
1,All Population,44,Population,83,Iceland,3,Both,24,15-49 years,1,Number,2023,191401.2269268892,194114.37198453126,188529.60391059276
1,All Population,44,Population,83,Iceland,3,Both,25,50-69 years,1,Number,2023,85032.39879605392,86237.74756124799,83756.64420746437
1,All Population,44,Population,83,Iceland,3,Both,26,70+ years,1,Number,2023,39647.27264589692,40209.27950215018,39052.43831546272
1,All Population,44,Population,83,Iceland,3,Both,28,<1 year,1,Number,2023,4660.417956122742,4726.480176032285,4590.496965106965
1,All Population,44,Population,83,Iceland,3,Both,30,80-84 years,1,Number,2023,6738.539973917487,6834.059928096991,6637.440588108811
1,All Population,44,Population,83,Iceland,3,Both,31,85-89 years,1,Number,2023,4107.590337360881,4165.816131424811,4045.963506939421
1,All Population,44,Population,83,Iceland,3,Both,32,90-94 years,1,Number,2023,2045.7584369812712,2074.7574119697924,2015.0655981330535
1,All Population,44,Population,83,Iceland,3,Both,34,2-4 years,1,Number,2023,13653.854273722742,13847.399988320825,13449.003328809218
1,All Population,44,Population,145,Kuwait,3,Both,157,25+ years,1,Number,2023,3133583.6643403396,3373077.289177973,2867575.8654077635
1,All Population,44,Population,145,Kuwait,3,Both,158,<20 years,1,Number,2023,1158332.7230065048,1246861.8105677506,1060002.6411947585
1,All Population,44,Population,145,Kuwait,3,Both,159,10-24 years,1,Number,2023,1010449.0849179528,1087675.7174201407,924672.7451727546
1,All Population,44,Population,145,Kuwait,3,Both,162,10-19 years,1,Number,2023,622640.7834816725,670227.9916691269,569785.2282831867
1,All Population,44,Population,145,Kuwait,3,Both,235,95+ years,1,Number,2023,258.0471899704662,277.7692282260499,236.1417384563034
1,All Population,44,Population,146,Lebanon,3,Both,1,<5 years,1,Number,2023,422803.38357496925,494810.2071265626,352932.91318670614
1,All Population,44,Population,146,Lebanon,3,Both,6,5-9 years,1,Number,2023,480323.44075022335,562126.3935869592,400947.4800851016
1,All Population,44,Population,146,Lebanon,3,Both,7,10-14 years,1,Number,2023,490107.87184969964,573577.1921543954,409114.9827730276
1,All Population,44,Population,146,Lebanon,3,Both,8,15-19 years,1,Number,2023,423497.2594371766,495622.25563997764,353512.1224337281
1,All Population,44,Population,146,Lebanon,3,Both,9,20-24 years,1,Number,2023,359834.4200851166,421117.1216940184,300369.900239861
1,All Population,44,Population,147,Libya,3,Both,6,5-9 years,1,Number,2023,610338.0613222079,720565.3920903183,497920.6018127423
1,All Population,44,Population,147,Libya,3,Both,7,10-14 years,1,Number,2023,618238.6459305893,729892.8258632477,504365.9869069564
1,All Population,44,Population,147,Libya,3,Both,8,15-19 years,1,Number,2023,608835.9188574547,718791.9620149506,496695.1372260538
1,All Population,44,Population,147,Libya,3,Both,9,20-24 years,1,Number,2023,587662.3981932394,693794.4939129435,479421.5427712343
1,All Population,44,Population,147,Libya,3,Both,10,25-29 years,1,Number,2023,583700.6421871812,689117.2429748531,476189.4980082086
1,All Population,44,Population,147,Libya,3,Both,11,30-34 years,1,Number,2023,587322.8104402411,693393.5764576921,479144.5032925316
1,All Population,44,Population,147,Libya,3,Both,12,35-39 years,1,Number,2023,641268.425748652,757081.79436442,523153.93829537736
1,All Population,44,Population,147,Libya,3,Both,13,40-44 years,1,Number,2023,608818.4073488587,718771.2879199575,496680.8511419126
1,All Population,44,Population,147,Libya,3,Both,14,45-49 years,1,Number,2023,568285.9647084478,670918.6677502522,463614.03209292074
1,All Population,44,Population,147,Libya,3,Both,15,50-54 years,1,Number,2023,462163.0403590786,545629.8951183822,377037.7660745535
1,All Population,44,Population,147,Libya,3,Both,16,55-59 years,1,Number,2023,330944.8556427347,390713.6467122437,269988.5065851548
1,All Population,44,Population,147,Libya,3,Both,17,60-64 years,1,Number,2023,228297.04618896695,269527.59630268335,186247.27808097735
1,All Population,44,Population,147,Libya,3,Both,18,65-69 years,1,Number,2023,148451.93962042988,175262.42726437532,121108.74906923284
1,All Population,44,Population,147,Libya,3,Both,19,70-74 years,1,Number,2023,97934.41648134749,115621.41652798634,79895.98991570865
1,All Population,44,Population,147,Libya,3,Both,20,75-79 years,1,Number,2023,67967.78082648593,80242.79287883177,55448.874120164655
1,All Population,44,Population,147,Libya,3,Both,21,80+ years,1,Number,2023,73956.3359117437,87312.88372932715,60334.404191123394
1,All Population,44,Population,147,Libya,3,Both,23,5-14 years,1,Number,2023,1228576.7072527972,1450458.2179535658,1002286.5887196985
1,All Population,44,Population,33,Armenia,3,Both,24,15-49 years,1,Number,2023,1369007.2684654382,1476180.8345808361,1259724.4788499125
1,All Population,44,Population,33,Armenia,3,Both,25,50-69 years,1,Number,2023,774918.9123913071,835583.9104554416,713060.0001542104
1,All Population,44,Population,33,Armenia,3,Both,26,70+ years,1,Number,2023,319075.5103192207,344054.5305835419,293604.89181420126
1,All Population,44,Population,33,Armenia,3,Both,28,<1 year,1,Number,2023,33331.53007439163,35940.90916567975,30670.797240762215
1,All Population,44,Population,33,Armenia,3,Both,30,80-84 years,1,Number,2023,51249.51709537754,55261.61669143042,47158.45759288898
1,All Population,44,Population,33,Armenia,3,Both,31,85-89 years,1,Number,2023,33891.9313984736,36545.18184803797,31186.46379870335
1,All Population,44,Population,33,Armenia,3,Both,32,90-94 years,1,Number,2023,14758.94330832366,15914.356155927517,13580.791421431963
1,All Population,44,Population,33,Armenia,3,Both,34,2-4 years,1,Number,2023,103709.56165013187,111828.52772017207,95430.81071286766
1,All Population,44,Population,213,Niger,3,Both,157,25+ years,1,Number,2023,7860368.754738134,8910849.278047357,6864301.613527287
1,All Population,44,Population,213,Niger,3,Both,158,<20 years,1,Number,2023,16438754.918526953,18635673.71561989,14355633.359262588
1,All Population,44,Population,213,Niger,3,Both,159,10-24 years,1,Number,2023,8885005.85928749,10072421.602224953,7759096.5461185025
1,All Population,44,Population,213,Niger,3,Both,162,10-19 years,1,Number,2023,6544168.177239273,7418748.165271766,5714890.17625789
1,All Population,44,Population,213,Niger,3,Both,235,95+ years,1,Number,2023,2500.816606751636,2835.0323693616647,2183.9127405458435
1,All Population,44,Population,214,Nigeria,3,Both,1,<5 years,1,Number,2023,38782499.662557244,43627248.30715087,33913419.46367947
1,All Population,44,Population,153,Syrian Arab Republic,3,Both,6,5-9 years,1,Number,2023,1474613.7225885456,1746995.5102063501,1199968.6218882736
1,All Population,44,Population,153,Syrian Arab Republic,3,Both,7,10-14 years,1,Number,2023,1937620.0046751925,2295525.5310600903,1576740.5193217485
1,All Population,44,Population,153,Syrian Arab Republic,3,Both,8,15-19 years,1,Number,2023,2232122.0919054686,2644426.2745270273,1816391.9333453388
1,All Population,44,Population,153,Syrian Arab Republic,3,Both,9,20-24 years,1,Number,2023,1821399.2170554714,2157837.137785216,1482165.719007267
1,All Population,44,Population,153,Syrian Arab Republic,3,Both,10,25-29 years,1,Number,2023,927379.5636302428,1098679.5450914265,754656.192255738
1,All Population,44,Population,153,Syrian Arab Republic,3,Both,11,30-34 years,1,Number,2023,732205.5910241577,867454.2088362948,595833.1463631071
1,All Population,44,Population,153,Syrian Arab Republic,3,Both,12,35-39 years,1,Number,2023,1195629.652152111,1416479.178365909,972945.0119745337
1,All Population,44,Population,153,Syrian Arab Republic,3,Both,13,40-44 years,1,Number,2023,1284475.2269403825,1521735.7739605515,1045243.2011927967
1,All Population,44,Population,153,Syrian Arab Republic,3,Both,14,45-49 years,1,Number,2023,1136787.968929222,1346768.6129285267,925062.5242118335
1,All Population,44,Population,153,Syrian Arab Republic,3,Both,15,50-54 years,1,Number,2023,1017149.3120954061,1205031.0221722838,827706.428872216
1,All Population,44,Population,153,Syrian Arab Republic,3,Both,16,55-59 years,1,Number,2023,862271.2356595534,1021544.7979373243,701674.2150832404
1,All Population,44,Population,153,Syrian Arab Republic,3,Both,17,60-64 years,1,Number,2023,670852.3675910638,794768.186569968,545906.8898501971
1,All Population,44,Population,153,Syrian Arab Republic,3,Both,18,65-69 years,1,Number,2023,476271.8311491285,564245.9024419683,387566.753322348
1,All Population,44,Population,153,Syrian Arab Republic,3,Both,19,70-74 years,1,Number,2023,333388.50901238713,394970.0314578869,271295.2847141014
1,All Population,44,Population,153,Syrian Arab Republic,3,Both,20,75-79 years,1,Number,2023,194160.38109645055,230024.52021131612,157998.234629625
1,All Population,44,Population,153,Syrian Arab Republic,3,Both,21,80+ years,1,Number,2023,163317.6553534131,193484.71146667263,132899.93089203158
1,All Population,44,Population,153,Syrian Arab Republic,3,Both,23,5-14 years,1,Number,2023,3412233.7272637384,4042521.0412664404,2776709.1412100224
1,All Population,44,Population,153,Syrian Arab Republic,3,Both,24,15-49 years,1,Number,2023,9329999.311637057,11053380.731494952,7592297.728350616
1,All Population,44,Population,153,Syrian Arab Republic,3,Both,25,50-69 years,1,Number,2023,3026544.746495152,3585589.909121545,2462854.287128002
1,All Population,44,Population,153,Syrian Arab Republic,3,Both,26,70+ years,1,Number,2023,690866.5454622508,818479.2631358756,562193.4502357576
1,All Population,44,Population,153,Syrian Arab Republic,3,Both,28,<1 year,1,Number,2023,251672.73785838045,298160.21399023,204798.98144758752
1,All Population,44,Population,154,Tunisia,3,Both,25,50-69 years,1,Number,2023,2444044.812162268,2743687.024631273,2136980.3461667406
1,All Population,44,Population,154,Tunisia,3,Both,26,70+ years,1,Number,2023,717520.104605774,805488.7500926191,627372.4417374722
1,All Population,44,Population,154,Tunisia,3,Both,28,<1 year,1,Number,2023,150693.8043244651,169169.00768753505,131760.9630265232
1,All Population,44,Population,154,Tunisia,3,Both,30,80-84 years,1,Number,2023,114787.03384754928,128860.0330878556,100365.4409715885
1,All Population,44,Population,154,Tunisia,3,Both,31,85-89 years,1,Number,2023,54946.8949542065,61683.43639994792,48043.48677066392
1,All Population,44,Population,154,Tunisia,3,Both,32,90-94 years,1,Number,2023,16018.529241618571,17982.416122322527,14005.996123103567
1,All Population,44,Population,154,Tunisia,3,Both,34,2-4 years,1,Number,2023,511227.1208475994,573904.0508296686,446997.659061824
1,All Population,44,Population,92,Spain,3,Both,21,80+ years,1,Number,2023,2852581.3463462926,3060331.8154459107,2647086.702421279
1,All Population,44,Population,92,Spain,3,Both,23,5-14 years,1,Number,2023,4685841.258802905,5027106.099817704,4348281.987373125
1,All Population,44,Population,92,Spain,3,Both,24,15-49 years,1,Number,2023,21093772.165068313,22630009.18351001,19574216.130093858
1,All Population,44,Population,92,Spain,3,Both,25,50-69 years,1,Number,2023,13116476.3654119,14071735.405207077,12171589.852810426
1,All Population,44,Population,92,Spain,3,Both,26,70+ years,1,Number,2023,7013041.349790236,7523793.70119998,6507834.920935047
1,All Population,44,Population,92,Spain,3,Both,28,<1 year,1,Number,2023,326927.30899788573,350737.07761071797,303376.07494177984
1,All Population,44,Population,92,Spain,3,Both,30,80-84 years,1,Number,2023,1263773.459850116,1355812.738398927,1172733.575057202
1,All Population,44,Population,92,Spain,3,Both,31,85-89 years,1,Number,2023,990521.1905591682,1062659.7966169247,919165.8899943491
1,All Population,44,Population,93,Sweden,3,Both,26,70+ years,1,Number,2023,1631438.9860482393,1752412.6087349216,1514262.3699869297
1,All Population,44,Population,93,Sweden,3,Both,28,<1 year,1,Number,2023,102966.11583649543,110601.20617897247,95570.66854985045
1,All Population,44,Population,93,Sweden,3,Both,30,80-84 years,1,Number,2023,329738.74572742754,354189.36322029046,306055.56128776254
1,All Population,44,Population,93,Sweden,3,Both,31,85-89 years,1,Number,2023,180507.90015783533,193892.82891852,167543.08498931862
1,All Population,44,Population,93,Sweden,3,Both,32,90-94 years,1,Number,2023,78375.98692302224,84187.68270251842,72746.7032007111
1,All Population,44,Population,93,Sweden,3,Both,34,2-4 years,1,Number,2023,352316.57789518,378441.3751600741,327011.76126819936
1,All Population,44,Population,93,Sweden,3,Both,157,25+ years,1,Number,2023,7561342.864916,8122027.663163147,7018256.3153317375
1,All Population,44,Population,93,Sweden,3,Both,158,<20 years,1,Number,2023,2444111.960058101,2625346.49018066,2268565.849413597
1,All Population,44,Population,93,Sweden,3,Both,159,10-24 years,1,Number,2023,1852846.832534332,1990238.1757179103,1719767.799991298
1,All Population,44,Population,93,Sweden,3,Both,162,10-19 years,1,Number,2023,1256869.083509455,1350067.7918738592,1166595.6088057174
1,All Population,44,Population,93,Sweden,3,Both,235,95+ years,1,Number,2023,24500.560913765436,26317.313876604276,22740.830489256557
1,All Population,44,Population,207,Ghana,3,Both,157,25+ years,1,Number,2023,14727509.326828556,15930089.830330912,13482013.439149274
1,All Population,44,Population,207,Ghana,3,Both,158,<20 years,1,Number,2023,15353055.69077985,16606715.425985986,14054657.75384267
1,All Population,44,Population,207,Ghana,3,Both,159,10-24 years,1,Number,2023,10308882.279849565,11150658.072859207,9437066.808462769
1,All Population,44,Population,207,Ghana,3,Both,162,10-19 years,1,Number,2023,7125234.598236191,7707048.4012741605,6522658.141218639
1,All Population,44,Population,207,Ghana,3,Both,235,95+ years,1,Number,2023,8482.334659637017,9174.962996139211,7764.98913283759
1,All Population,44,Population,208,Guinea,3,Both,1,<5 years,1,Number,2023,2342243.4475539867,2632999.8692747434,2072326.9171303485
1,All Population,44,Population,208,Guinea,3,Both,6,5-9 years,1,Number,2023,2123136.8479495225,2386694.28190369,1878469.8248817143
1,All Population,44,Population,208,Guinea,3,Both,7,10-14 years,1,Number,2023,1841741.1295780449,2070367.2619859634,1629501.7160562102
1,All Population,44,Population,209,Guinea-Bissau,3,Both,6,5-9 years,1,Number,2023,306972.38246270915,355180.6408071425,259797.1187531082
1,All Population,44,Population,209,Guinea-Bissau,3,Both,7,10-14 years,1,Number,2023,276099.11725423165,319458.9057357865,233668.43159462285
1,All Population,44,Population,209,Guinea-Bissau,3,Both,8,15-19 years,1,Number,2023,236557.26396678502,273707.23036791047,200203.33785615052
1,All Population,44,Population,85,Israel,3,Both,157,25+ years,1,Number,2023,5709999.459254053,6142443.847878749,5283081.983862801
1,All Population,44,Population,85,Israel,3,Both,158,<20 years,1,Number,2023,3537339.8169195894,3805238.748504676,3272864.8033899837
1,All Population,44,Population,85,Israel,3,Both,159,10-24 years,1,Number,2023,2400023.605810292,2581788.3762460244,2220581.904285895
1,All Population,44,Population,85,Israel,3,Both,162,10-19 years,1,Number,2023,1657650.9375400285,1783192.428629994,1533713.9462347827
1,All Population,44,Population,85,Israel,3,Both,235,95+ years,1,Number,2023,18480.24295831307,19879.83632513758,17098.537281337296
1,All Population,44,Population,86,Italy,3,Both,1,<5 years,1,Number,2023,2088221.2749220813,2115628.6043850332,2060517.810338961
1,All Population,44,Population,33,Armenia,3,Both,1,<5 years,1,Number,2023,170494.7915600095,183842.07994662985,156884.82259506691
1,All Population,44,Population,33,Armenia,3,Both,6,5-9 years,1,Number,2023,194877.71755070405,210133.8381188217,179321.34973702577
1,All Population,44,Population,33,Armenia,3,Both,7,10-14 years,1,Number,2023,203290.580100648,219205.30672695473,187062.6445683115
1,All Population,44,Population,33,Armenia,3,Both,8,15-19 years,1,Number,2023,176580.60618477504,190404.3262683465,162484.8291349544
1,All Population,44,Population,33,Armenia,3,Both,9,20-24 years,1,Number,2023,159591.5127259436,172085.23130185928,146851.9122056319
1,All Population,44,Population,33,Armenia,3,Both,10,25-29 years,1,Number,2023,175924.7643665299,189697.14147472937,161881.34074469705
1,All Population,44,Population,33,Armenia,3,Both,11,30-34 years,1,Number,2023,231988.17597101576,250149.5113328724,213469.4174429122
1,All Population,44,Population,33,Armenia,3,Both,12,35-39 years,1,Number,2023,232425.24399324373,250620.79549087712,213871.59594057663
1,All Population,44,Population,216,Senegal,3,Both,24,15-49 years,1,Number,2023,9100416.589344874,9726842.112165645,8444851.820020556
1,All Population,44,Population,216,Senegal,3,Both,25,50-69 years,1,Number,2023,1541857.7276300949,1647991.2242303272,1430787.2512819886
1,All Population,44,Population,216,Senegal,3,Both,26,70+ years,1,Number,2023,428961.19914667716,458488.6653683775,398060.2127130529
1,All Population,44,Population,216,Senegal,3,Both,28,<1 year,1,Number,2023,547609.0072718839,585303.5738132986,508161.0139841441
1,All Population,44,Population,216,Senegal,3,Both,30,80-84 years,1,Number,2023,69081.58772851441,73836.806271014,64105.17212388971
1,All Population,44,Population,216,Senegal,3,Both,31,85-89 years,1,Number,2023,37707.67752624984,40303.27865910288,34991.33760086721
1,All Population,44,Population,216,Senegal,3,Both,32,90-94 years,1,Number,2023,17997.49204136372,19236.346136754706,16701.0105448653
1,All Population,44,Population,216,Senegal,3,Both,34,2-4 years,1,Number,2023,1615813.125006843,1727037.327951375,1499415.139467746
1,All Population,44,Population,157,Yemen,3,Both,157,25+ years,1,Number,2023,14248527.695104716,16864728.59865896,11453323.467494074
1,All Population,44,Population,147,Libya,3,Both,24,15-49 years,1,Number,2023,4185894.5674840747,4941869.025395068,3414899.5028282376
1,All Population,44,Population,147,Libya,3,Both,25,50-69 years,1,Number,2023,1169856.8818112102,1381133.5653976847,954382.2998099185
1,All Population,44,Population,147,Libya,3,Both,26,70+ years,1,Number,2023,239858.53321957713,283177.0931361453,195679.26822699668
1,All Population,44,Population,147,Libya,3,Both,28,<1 year,1,Number,2023,113100.49158387739,133526.49167445753,92268.6432380817
1,All Population,44,Population,147,Libya,3,Both,30,80-84 years,1,Number,2023,42345.89397310171,49993.58163579241,34546.252884357316
1,All Population,44,Population,147,Libya,3,Both,31,85-89 years,1,Number,2023,22062.84368186089,26047.40326010049,17999.11409747913
1,All Population,44,Population,147,Libya,3,Both,32,90-94 years,1,Number,2023,7682.231888192926,9069.64645241446,6267.250508263327
1,All Population,44,Population,147,Libya,3,Both,34,2-4 years,1,Number,2023,351210.00508725794,414638.6913401799,286521.041661507
1,All Population,44,Population,214,Nigeria,3,Both,6,5-9 years,1,Number,2023,35305781.65528129,39716215.209307246,30873197.787315696
1,All Population,44,Population,214,Nigeria,3,Both,7,10-14 years,1,Number,2023,32269849.91376727,36301031.83837907,28218422.37291748
1,All Population,44,Population,214,Nigeria,3,Both,8,15-19 years,1,Number,2023,28137149.880375054,31652070.783662867,24604576.154405043
1,All Population,44,Population,214,Nigeria,3,Both,9,20-24 years,1,Number,2023,22735823.038474414,25576004.790753618,19881377.17435949
1,All Population,44,Population,214,Nigeria,3,Both,10,25-29 years,1,Number,2023,18410556.023697525,20710421.0947501,16099140.447979456
1,All Population,44,Population,214,Nigeria,3,Both,11,30-34 years,1,Number,2023,14787430.941195093,16634691.603419589,12930892.868236389
1,All Population,44,Population,214,Nigeria,3,Both,12,35-39 years,1,Number,2023,12256646.65969039,13787759.218407877,10717844.466056725
1,All Population,44,Population,214,Nigeria,3,Both,13,40-44 years,1,Number,2023,10229072.052431934,11506897.963414036,8944828.576205568
1,All Population,44,Population,214,Nigeria,3,Both,14,45-49 years,1,Number,2023,8581882.246615756,9653939.559685098,7504440.790297253
1,All Population,44,Population,214,Nigeria,3,Both,15,50-54 years,1,Number,2023,7098831.393533331,7985624.510822347,6207584.57669146
1,All Population,44,Population,214,Nigeria,3,Both,16,55-59 years,1,Number,2023,5529969.640925535,6220778.979045216,4835690.883411061
1,All Population,44,Population,214,Nigeria,3,Both,17,60-64 years,1,Number,2023,3978314.952490083,4475290.035105786,3478843.9351855842
1,All Population,44,Population,214,Nigeria,3,Both,18,65-69 years,1,Number,2023,2714004.0712358686,3053040.1741159526,2373265.243210133
1,All Population,44,Population,214,Nigeria,3,Both,19,70-74 years,1,Number,2023,1769303.3426270925,1990326.4856851788,1547170.165386041
1,All Population,44,Population,214,Nigeria,3,Both,20,75-79 years,1,Number,2023,1048312.3430962318,1179268.5694229635,916698.4214454564
1,All Population,44,Population,214,Nigeria,3,Both,21,80+ years,1,Number,2023,1197971.04034199,1347622.7808037496,1047567.7109508804
1,All Population,44,Population,214,Nigeria,3,Both,23,5-14 years,1,Number,2023,67575631.56904857,76017247.04768634,59091620.16023318
1,All Population,44,Population,214,Nigeria,3,Both,24,15-49 years,1,Number,2023,115138560.84248017,129521785.01409319,100683100.47753991
1,All Population,44,Population,214,Nigeria,3,Both,25,50-69 years,1,Number,2023,19321120.058184817,21734733.699089307,16895384.638498235
1,All Population,44,Population,214,Nigeria,3,Both,26,70+ years,1,Number,2023,4015586.7260653144,4517217.835911891,3511436.297782378
1,All Population,44,Population,214,Nigeria,3,Both,28,<1 year,1,Number,2023,8118317.938802247,9132466.334924452,7099076.232673141
1,All Population,44,Population,214,Nigeria,3,Both,30,80-84 years,1,Number,2023,679327.138551024,764189.3641003539,594038.7134196104
1,All Population,44,Population,214,Nigeria,3,Both,31,85-89 years,1,Number,2023,325753.966734312,366447.47804840445,284856.0823036377
1,All Population,44,Population,214,Nigeria,3,Both,32,90-94 years,1,Number,2023,132377.13506173954,148913.8191652846,115757.39954387724
1,All Population,44,Population,215,Sao Tome and Principe,3,Both,28,<1 year,1,Number,2023,4258.868646249165,4850.044063266468,3683.6658324316204
1,All Population,44,Population,215,Sao Tome and Principe,3,Both,30,80-84 years,1,Number,2023,896.5975616643792,1021.054660823907,775.5030919428241
1,All Population,44,Population,215,Sao Tome and Principe,3,Both,31,85-89 years,1,Number,2023,540.1913491580021,615.1755462848317,467.2331037072454
1,All Population,44,Population,215,Sao Tome and Principe,3,Both,32,90-94 years,1,Number,2023,219.0443235482496,249.44996177636352,189.4601964663592
1,All Population,44,Population,215,Sao Tome and Principe,3,Both,34,2-4 years,1,Number,2023,13629.153825992895,15521.022621657772,11788.400263995241
1,All Population,44,Population,38,Mongolia,3,Both,157,25+ years,1,Number,2023,1854165.2285755996,2011666.4840050505,1690334.5474486526
1,All Population,44,Population,38,Mongolia,3,Both,158,<20 years,1,Number,2023,1382331.8818429003,1499753.459734136,1260191.540596294
1,All Population,44,Population,38,Mongolia,3,Both,159,10-24 years,1,Number,2023,821810.0777796373,891618.3758644321,749196.4278607151
1,All Population,44,Population,38,Mongolia,3,Both,162,10-19 years,1,Number,2023,596028.8739460831,646658.2862939925,543364.8422379012
1,All Population,44,Population,30,Vanuatu,3,Both,12,35-39 years,1,Number,2023,19525.07280527759,21254.837656881933,17759.60949109099
1,All Population,44,Population,30,Vanuatu,3,Both,13,40-44 years,1,Number,2023,17892.00230612471,19477.090209386864,16274.20174764141
1,All Population,44,Population,30,Vanuatu,3,Both,14,45-49 years,1,Number,2023,15899.31237667507,17307.863934363337,14461.691477549635
1,All Population,44,Population,30,Vanuatu,3,Both,15,50-54 years,1,Number,2023,12963.447885735994,14111.905396342032,11791.288790818277
1,All Population,44,Population,30,Vanuatu,3,Both,16,55-59 years,1,Number,2023,10280.37430465755,11191.133015310164,9350.819579203535
1,All Population,44,Population,30,Vanuatu,3,Both,17,60-64 years,1,Number,2023,7795.566898264654,8486.19160186646,7090.689251485606
1,All Population,44,Population,30,Vanuatu,3,Both,18,65-69 years,1,Number,2023,5881.427409642863,6402.474706721967,5349.626866293833
1,All Population,44,Population,30,Vanuatu,3,Both,19,70-74 years,1,Number,2023,3839.651422006232,4179.81374244602,3492.468915061412
1,All Population,44,Population,30,Vanuatu,3,Both,20,75-79 years,1,Number,2023,2306.808616722416,2511.173358630365,2098.226245415091
1,All Population,44,Population,30,Vanuatu,3,Both,21,80+ years,1,Number,2023,2476.3398375601832,2695.7236859257273,2252.428399161368
1,All Population,44,Population,30,Vanuatu,3,Both,23,5-14 years,1,Number,2023,76404.55837998142,83173.38945713473,69496.03382789755
1,All Population,44,Population,30,Vanuatu,3,Both,24,15-49 years,1,Number,2023,164412.23591486138,178977.84136460588,149546.0290737467
1,All Population,44,Population,30,Vanuatu,3,Both,25,50-69 years,1,Number,2023,36920.81649830106,40191.70472024062,33582.424487801254
1,All Population,44,Population,30,Vanuatu,3,Both,26,70+ years,1,Number,2023,8622.799876288831,9386.71078700211,7843.12355963787
1,All Population,44,Population,30,Vanuatu,3,Both,28,<1 year,1,Number,2023,8959.168015323332,9752.878445347196,8149.077184194038
1,All Population,44,Population,30,Vanuatu,3,Both,30,80-84 years,1,Number,2023,1377.6433033457527,1499.6914507683562,1253.076356203084
1,All Population,44,Population,30,Vanuatu,3,Both,31,85-89 years,1,Number,2023,713.7027168598619,776.9310533905724,649.1694894339026
1,All Population,44,Population,30,Vanuatu,3,Both,32,90-94 years,1,Number,2023,280.89919079587037,305.78460617580504,255.5001963193548
1,All Population,44,Population,30,Vanuatu,3,Both,34,2-4 years,1,Number,2023,25858.146103093473,28148.970455087227,23520.044280213242
1,All Population,44,Population,209,Guinea-Bissau,3,Both,9,20-24 years,1,Number,2023,201058.29968095385,232633.35661458335,170159.82525677595
1,All Population,44,Population,209,Guinea-Bissau,3,Both,10,25-29 years,1,Number,2023,176221.73699305858,203896.35369542,149140.1251317004
1,All Population,44,Population,209,Guinea-Bissau,3,Both,11,30-34 years,1,Number,2023,155397.42164657498,179801.69863298102,131516.07347070193
1,All Population,44,Population,209,Guinea-Bissau,3,Both,12,35-39 years,1,Number,2023,128130.97416436985,148253.21139914857,108439.91125154735
1,All Population,44,Population,209,Guinea-Bissau,3,Both,13,40-44 years,1,Number,2023,98845.91782321746,114369.10432125094,83655.35832559133
1,All Population,44,Population,209,Guinea-Bissau,3,Both,14,45-49 years,1,Number,2023,71717.24953945038,82980.03372157471,60695.801510776895
1,All Population,44,Population,209,Guinea-Bissau,3,Both,15,50-54 years,1,Number,2023,54008.942879823066,62490.73870253538,45708.89287991161
1,All Population,44,Population,209,Guinea-Bissau,3,Both,16,55-59 years,1,Number,2023,41486.67553754078,48001.92083785182,35111.03730188976
1,All Population,44,Population,209,Guinea-Bissau,3,Both,17,60-64 years,1,Number,2023,32192.404246808823,37248.03735688876,27245.10199243168
1,All Population,44,Population,209,Guinea-Bissau,3,Both,18,65-69 years,1,Number,2023,23260.202956444988,26913.084900652044,19685.59406294809
1,All Population,44,Population,209,Guinea-Bissau,3,Both,19,70-74 years,1,Number,2023,15637.128092750674,18092.84969484593,13234.02708568879
1,All Population,44,Population,209,Guinea-Bissau,3,Both,20,75-79 years,1,Number,2023,9780.264304408658,11316.198920028517,8277.24131579787
1,All Population,44,Population,209,Guinea-Bissau,3,Both,21,80+ years,1,Number,2023,8914.276556390192,10314.21274523086,7544.33785391064
1,All Population,44,Population,209,Guinea-Bissau,3,Both,23,5-14 years,1,Number,2023,583071.4997169408,674639.5465429289,493465.5503477311
1,All Population,44,Population,209,Guinea-Bissau,3,Both,24,15-49 years,1,Number,2023,1067928.86381441,1235640.9887528692,903810.4328032444
1,All Population,44,Population,209,Guinea-Bissau,3,Both,25,50-69 years,1,Number,2023,150948.22562061765,174653.78179792804,127750.62623718112
1,All Population,44,Population,209,Guinea-Bissau,3,Both,26,70+ years,1,Number,2023,34331.668953549524,39723.2613601053,29055.606255397313
1,All Population,44,Population,209,Guinea-Bissau,3,Both,28,<1 year,1,Number,2023,69221.37270584474,80092.1936949774,58583.48897982096
1,All Population,44,Population,209,Guinea-Bissau,3,Both,30,80-84 years,1,Number,2023,5226.647433293888,6047.462542842416,4423.420546872921
1,All Population,44,Population,209,Guinea-Bissau,3,Both,31,85-89 years,1,Number,2023,2394.6347808419173,2770.698488036868,2026.6292737402377
1,All Population,44,Population,209,Guinea-Bissau,3,Both,32,90-94 years,1,Number,2023,912.5202988598151,1055.8263968190265,772.2849285189502
1,All Population,44,Population,209,Guinea-Bissau,3,Both,34,2-4 years,1,Number,2023,196779.6062674051,227682.7188528096,166538.67793417306
1,All Population,44,Population,146,Lebanon,3,Both,157,25+ years,1,Number,2023,3527934.795918377,4128770.5229252223,2944925.11987062
1,All Population,44,Population,146,Lebanon,3,Both,158,<20 years,1,Number,2023,1816731.9556120688,2126136.0485078944,1516507.4984785633
1,All Population,44,Population,146,Lebanon,3,Both,159,10-24 years,1,Number,2023,1273439.5513719928,1490316.5694883913,1062997.0054466168
1,All Population,44,Population,146,Lebanon,3,Both,162,10-19 years,1,Number,2023,913605.1312868762,1069199.4477943731,762627.1052067556
1,All Population,44,Population,146,Lebanon,3,Both,235,95+ years,1,Number,2023,4184.212956248386,4896.818142837307,3492.7498818855925
1,All Population,44,Population,147,Libya,3,Both,1,<5 years,1,Number,2023,578452.6844784315,682921.5017230514,471908.15554208803
1,All Population,44,Population,148,Morocco,3,Both,6,5-9 years,1,Number,2023,2898848.671778152,3258423.8761417978,2548889.476336358
1,All Population,44,Population,148,Morocco,3,Both,7,10-14 years,1,Number,2023,3134316.986914465,3523099.8447719263,2755931.2292587175
1,All Population,44,Population,148,Morocco,3,Both,8,15-19 years,1,Number,2023,3163910.976080592,3556364.692926293,2781952.5280877044
1,All Population,44,Population,148,Morocco,3,Both,9,20-24 years,1,Number,2023,2997615.1792391795,3369441.449845203,2635732.5440455424
1,All Population,44,Population,148,Morocco,3,Both,10,25-29 years,1,Number,2023,2881929.280059375,3239405.7913128156,2534012.6530244495
1,All Population,44,Population,148,Morocco,3,Both,11,30-34 years,1,Number,2023,2902560.7590023996,3262596.4132457743,2552153.4273501663
1,All Population,44,Population,148,Morocco,3,Both,12,35-39 years,1,Number,2023,2797976.163779547,3145039.0721301604,2460194.6518729664
1,All Population,44,Population,148,Morocco,3,Both,13,40-44 years,1,Number,2023,2603638.75408694,2926595.915046864,2289318.336994443
1,All Population,44,Population,148,Morocco,3,Both,14,45-49 years,1,Number,2023,2325438.806375047,2613887.8524318575,2044703.6642991595
1,All Population,44,Population,148,Morocco,3,Both,15,50-54 years,1,Number,2023,2038798.1094954303,2291692.044254829,1792667.2393284088
1,All Population,44,Population,148,Morocco,3,Both,16,55-59 years,1,Number,2023,1827517.2421187134,2054203.7512181483,1606892.9405005241
1,All Population,44,Population,148,Morocco,3,Both,17,60-64 years,1,Number,2023,1602831.1232758553,1801647.4100048903,1409331.719256737
1,All Population,44,Population,148,Morocco,3,Both,18,65-69 years,1,Number,2023,1193982.6239592764,1342085.0586246396,1049840.8470806773
1,All Population,44,Population,148,Morocco,3,Both,19,70-74 years,1,Number,2023,834179.5954688342,937651.8123654478,733474.5041936953
1,All Population,44,Population,33,Armenia,3,Both,13,40-44 years,1,Number,2023,213646.4492774863,230371.89141675766,196591.84298991927
1,All Population,44,Population,33,Armenia,3,Both,14,45-49 years,1,Number,2023,178850.5159464439,192851.93729539352,164573.54039122106
1,All Population,44,Population,33,Armenia,3,Both,15,50-54 years,1,Number,2023,166230.1944412508,179243.62625034168,152960.65249993294
1,All Population,44,Population,33,Armenia,3,Both,16,55-59 years,1,Number,2023,178312.01075546368,192271.27489822573,164078.0220790167
1,All Population,44,Population,33,Armenia,3,Both,17,60-64 years,1,Number,2023,232065.76014970487,250233.16923614705,213540.80836341163
1,All Population,44,Population,33,Armenia,3,Both,18,65-69 years,1,Number,2023,198310.94704488767,213835.84007072696,182480.51721184902
1,All Population,44,Population,33,Armenia,3,Both,19,70-74 years,1,Number,2023,145408.03977966716,156791.3965550516,133800.65347450928
1,All Population,44,Population,33,Armenia,3,Both,20,75-79 years,1,Number,2023,69371.03396061632,74801.78751899986,63833.400754163464
1,All Population,44,Population,33,Armenia,3,Both,21,80+ years,1,Number,2023,104296.4365789372,112461.34650949048,95970.83758552851
1,All Population,44,Population,33,Armenia,3,Both,23,5-14 years,1,Number,2023,398168.29765135207,429339.1448457765,366383.99430533726
1,All Population,44,Population,34,Azerbaijan,3,Both,20,75-79 years,1,Number,2023,94443.46276595174,103815.95426431859,85312.34787768776
1,All Population,44,Population,34,Azerbaijan,3,Both,21,80+ years,1,Number,2023,138309.15843519734,152034.84546122933,124936.95903902916
1,All Population,44,Population,34,Azerbaijan,3,Both,23,5-14 years,1,Number,2023,1712753.7342599123,1882726.0048968836,1547158.8834909652
1,All Population,44,Population,34,Azerbaijan,3,Both,24,15-49 years,1,Number,2023,5474935.325006176,6018263.399654324,4945599.9745824365
1,All Population,44,Population,34,Azerbaijan,3,Both,25,50-69 years,1,Number,2023,2228640.351768254,2449808.785645242,2013167.829895057
1,All Population,44,Population,34,Azerbaijan,3,Both,26,70+ years,1,Number,2023,474506.4021991828,521596.0269364049,428629.5109162474
1,All Population,44,Population,34,Azerbaijan,3,Both,28,<1 year,1,Number,2023,116599.78511206467,128171.05180081858,105326.52169473696
1,All Population,44,Population,34,Azerbaijan,3,Both,30,80-84 years,1,Number,2023,80881.18248635731,88907.7644543422,73061.31493859703
1,All Population,44,Population,34,Azerbaijan,3,Both,31,85-89 years,1,Number,2023,42656.875299106454,46890.108488348465,38532.66365202025
1,All Population,44,Population,34,Azerbaijan,3,Both,32,90-94 years,1,Number,2023,11548.221188435007,12694.257152597977,10431.699924406345
1,All Population,44,Population,34,Azerbaijan,3,Both,34,2-4 years,1,Number,2023,395454.17738710524,434698.72441032704,357220.3238093923
1,All Population,44,Population,86,Italy,3,Both,6,5-9 years,1,Number,2023,2463456.7980537475,2495788.990476473,2430775.257559685
1,All Population,44,Population,87,Luxembourg,3,Both,6,5-9 years,1,Number,2023,35487.62153753536,36019.462612172974,34980.66365558516
1,All Population,44,Population,87,Luxembourg,3,Both,7,10-14 years,1,Number,2023,35099.054747974296,35625.072502536495,34597.64773103271
1,All Population,44,Population,87,Luxembourg,3,Both,8,15-19 years,1,Number,2023,34201.1880798636,34713.749807987275,33712.60752366011
1,All Population,44,Population,87,Luxembourg,3,Both,9,20-24 years,1,Number,2023,38780.46235421415,39361.65212912182,38226.464644467735
1,All Population,44,Population,87,Luxembourg,3,Both,10,25-29 years,1,Number,2023,50117.75627661071,50868.85427083346,49401.799825620794
1,All Population,44,Population,87,Luxembourg,3,Both,11,30-34 years,1,Number,2023,53660.68195137758,54464.8765837122,52894.11308912513
1,All Population,44,Population,87,Luxembourg,3,Both,12,35-39 years,1,Number,2023,51732.59269897356,52507.891704732814,50993.567526640596
1,All Population,44,Population,87,Luxembourg,3,Both,13,40-44 years,1,Number,2023,50334.613787780945,51088.96175274806,49615.55942208768
1,All Population,44,Population,87,Luxembourg,3,Both,14,45-49 years,1,Number,2023,47147.47751228377,47854.060935465975,46473.9529337588
1,All Population,44,Population,87,Luxembourg,3,Both,15,50-54 years,1,Number,2023,47218.59669094104,47926.24595338678,46544.056140462584
1,All Population,44,Population,87,Luxembourg,3,Both,16,55-59 years,1,Number,2023,45677.20899368578,46361.75799598943,45024.68791389623
1,All Population,44,Population,87,Luxembourg,3,Both,17,60-64 years,1,Number,2023,38116.19030287021,38687.424855468475,37571.682041489104
1,All Population,44,Population,87,Luxembourg,3,Both,18,65-69 years,1,Number,2023,30266.00473176837,30719.591187668368,29833.64017790039
1,All Population,44,Population,87,Luxembourg,3,Both,19,70-74 years,1,Number,2023,24055.11463483628,24415.620565175705,23711.475657722884
1,All Population,44,Population,87,Luxembourg,3,Both,20,75-79 years,1,Number,2023,17888.064644664457,18156.14706641095,17632.524967122088
1,All Population,44,Population,87,Luxembourg,3,Both,21,80+ years,1,Number,2023,25115.94368791217,25492.347907264786,24757.15025336945
1,All Population,44,Population,87,Luxembourg,3,Both,23,5-14 years,1,Number,2023,70586.67628550965,71644.53511470946,69578.31138661786
1,All Population,44,Population,87,Luxembourg,3,Both,24,15-49 years,1,Number,2023,325974.77266110433,330860.0471846016,321318.0649653608
1,All Population,44,Population,87,Luxembourg,3,Both,25,50-69 years,1,Number,2023,161278.0007192654,163695.01999251303,158974.06627374832
1,All Population,44,Population,87,Luxembourg,3,Both,26,70+ years,1,Number,2023,67059.12296741291,68064.11553885145,66101.15087821442
1,All Population,44,Population,87,Luxembourg,3,Both,28,<1 year,1,Number,2023,6517.2561973518195,6614.928128845513,6424.154032292893
1,All Population,44,Population,87,Luxembourg,3,Both,30,80-84 years,1,Number,2023,13021.846785854925,13217.000833612969,12835.82339010115
1,All Population,44,Population,87,Luxembourg,3,Both,31,85-89 years,1,Number,2023,8052.733112325237,8173.41672105058,7937.695914968499
1,All Population,44,Population,87,Luxembourg,3,Both,32,90-94 years,1,Number,2023,3235.6348869425196,3284.126261141445,3189.412273592296
1,All Population,44,Population,87,Luxembourg,3,Both,34,2-4 years,1,Number,2023,20634.84128316377,20944.088724596462,20340.062569402224
1,All Population,44,Population,94,Switzerland,3,Both,1,<5 years,1,Number,2023,434327.0657144637,468307.81382737367,401010.53539855557
1,All Population,44,Population,94,Switzerland,3,Both,6,5-9 years,1,Number,2023,459296.997144418,495231.3351145987,424065.0635687482
1,All Population,44,Population,94,Switzerland,3,Both,7,10-14 years,1,Number,2023,453096.4132906916,488545.63187799475,418340.1165248052
1,All Population,44,Population,94,Switzerland,3,Both,8,15-19 years,1,Number,2023,444780.587204063,479579.1947336931,410662.18407591525
1,All Population,44,Population,94,Switzerland,3,Both,9,20-24 years,1,Number,2023,475897.4740292379,513130.595032084,439392.1445843012
1,All Population,44,Population,94,Switzerland,3,Both,10,25-29 years,1,Number,2023,564888.5364980955,609084.1130252824,521556.84585065953
1,All Population,44,Population,94,Switzerland,3,Both,11,30-34 years,1,Number,2023,644401.5685707035,694818.0613792841,594970.5611809432
1,All Population,44,Population,94,Switzerland,3,Both,12,35-39 years,1,Number,2023,655408.4991886497,706686.1488680539,605133.1678629295
1,All Population,44,Population,94,Switzerland,3,Both,13,40-44 years,1,Number,2023,641353.8602180643,691531.9073528015,592156.6376318316
1,All Population,44,Population,94,Switzerland,3,Both,14,45-49 years,1,Number,2023,605256.630066191,652610.5131499341,558828.3679192457
1,All Population,44,Population,94,Switzerland,3,Both,15,50-54 years,1,Number,2023,628772.3244170321,677966.0212022807,580540.2111965863
1,All Population,44,Population,94,Switzerland,3,Both,16,55-59 years,1,Number,2023,663180.7582874015,715066.4915967507,612309.2294729047
1,All Population,44,Population,94,Switzerland,3,Both,17,60-64 years,1,Number,2023,585074.695557592,630849.5906226175,540194.5571311505
1,All Population,44,Population,94,Switzerland,3,Both,18,65-69 years,1,Number,2023,469546.66907684255,506282.9177444437,433528.49966044055
1,All Population,44,Population,94,Switzerland,3,Both,19,70-74 years,1,Number,2023,399631.8637950518,430898.1393129586,368976.7465887853
1,All Population,44,Population,94,Switzerland,3,Both,20,75-79 years,1,Number,2023,358822.88096756657,386896.3557699026,331298.1551664425
1,All Population,44,Population,94,Switzerland,3,Both,21,80+ years,1,Number,2023,507998.9003777704,547743.562955904,469031.1221734744
1,All Population,44,Population,95,United Kingdom,3,Both,19,70-74 years,1,Number,2023,3178893.0311143436,3387545.253708497,2958897.7276558867
1,All Population,44,Population,95,United Kingdom,3,Both,20,75-79 years,1,Number,2023,2827735.337763991,3015303.9933538428,2629465.368181737
1,All Population,44,Population,95,United Kingdom,3,Both,21,80+ years,1,Number,2023,3511604.22254484,3745060.8664581524,3265041.634151945
1,All Population,44,Population,95,United Kingdom,3,Both,23,5-14 years,1,Number,2023,8211702.786614045,8761208.233016776,7631384.146319317
1,All Population,44,Population,95,United Kingdom,3,Both,24,15-49 years,1,Number,2023,30767937.13352853,32833393.48741173,28589984.034473572
1,All Population,44,Population,95,United Kingdom,3,Both,25,50-69 years,1,Number,2023,17105752.63081067,18233190.062667545,15916822.869926775
1,All Population,44,Population,95,United Kingdom,3,Both,26,70+ years,1,Number,2023,9518232.591423174,10147950.353434347,8853404.729989568
1,All Population,44,Population,95,United Kingdom,3,Both,28,<1 year,1,Number,2023,692454.759455838,738884.0982973424,643271.3537880597
1,All Population,44,Population,95,United Kingdom,3,Both,30,80-84 years,1,Number,2023,1774447.9899864749,1892033.3333377945,1650177.1287746383
1,All Population,44,Population,95,United Kingdom,3,Both,31,85-89 years,1,Number,2023,1084985.4354282597,1156903.2696765354,1009167.1201787882
1,All Population,44,Population,95,United Kingdom,3,Both,32,90-94 years,1,Number,2023,510130.99998611654,544447.7398376046,473979.63771821704
1,All Population,44,Population,157,Yemen,3,Both,158,<20 years,1,Number,2023,18155823.572634444,21489450.95168054,14594105.766280567
1,All Population,44,Population,157,Yemen,3,Both,159,10-24 years,1,Number,2023,11599545.026703166,13729360.880596977,9324004.845233042
1,All Population,44,Population,157,Yemen,3,Both,162,10-19 years,1,Number,2023,8453739.092437657,10005947.174936298,6795327.237125932
1,All Population,44,Population,157,Yemen,3,Both,235,95+ years,1,Number,2023,1274.1699135115095,1508.1228208112384,1024.2096926975873
1,All Population,44,Population,38,Mongolia,3,Both,235,95+ years,1,Number,2023,671.4669392143942,728.5044050646634,612.1373367009066
1,All Population,44,Population,39,Tajikistan,3,Both,1,<5 years,1,Number,2023,1349135.7638343798,1476129.7179000159,1237471.9983903267
1,All Population,44,Population,40,Turkmenistan,3,Both,1,<5 years,1,Number,2023,596989.0550738928,678108.9146009735,515332.0696115922
1,All Population,44,Population,40,Turkmenistan,3,Both,6,5-9 years,1,Number,2023,583201.1347712061,662447.4688984181,503430.0800443902
1,All Population,44,Population,40,Turkmenistan,3,Both,7,10-14 years,1,Number,2023,535491.8290154075,608255.3438209725,462246.51886197506
1,All Population,44,Population,40,Turkmenistan,3,Both,8,15-19 years,1,Number,2023,473365.26650043204,537686.9213065847,408617.71316346264
1,All Population,44,Population,40,Turkmenistan,3,Both,9,20-24 years,1,Number,2023,445600.5018012753,506149.4344895673,384650.6512331157
1,All Population,44,Population,40,Turkmenistan,3,Both,10,25-29 years,1,Number,2023,451605.66333307937,512970.5872958463,389834.4184969116
1,All Population,44,Population,40,Turkmenistan,3,Both,11,30-34 years,1,Number,2023,453374.4361358006,514979.7038704887,391361.2561187273
1,All Population,44,Population,40,Turkmenistan,3,Both,12,35-39 years,1,Number,2023,404338.4818757341,459280.66309728567,349032.5072422648
1,All Population,44,Population,40,Turkmenistan,3,Both,13,40-44 years,1,Number,2023,337349.80864049477,383189.4582217041,291206.63702664146
1,All Population,44,Population,40,Turkmenistan,3,Both,14,45-49 years,1,Number,2023,300584.15318214335,341428.02473215683,259469.8385762346
1,All Population,44,Population,40,Turkmenistan,3,Both,15,50-54 years,1,Number,2023,263826.6063397265,299675.8016706795,227740.039634103
1,All Population,44,Population,40,Turkmenistan,3,Both,16,55-59 years,1,Number,2023,238572.89274690408,270990.571734675,205940.56378013323
1,All Population,44,Population,40,Turkmenistan,3,Both,17,60-64 years,1,Number,2023,209185.03155796338,237609.43939413308,180572.41473411684
1,All Population,44,Population,40,Turkmenistan,3,Both,18,65-69 years,1,Number,2023,141526.99362916066,160757.91544407824,122168.73644994144
1,All Population,44,Population,40,Turkmenistan,3,Both,19,70-74 years,1,Number,2023,80472.25949358511,91406.96312083739,69465.15296836948
1,All Population,44,Population,40,Turkmenistan,3,Both,20,75-79 years,1,Number,2023,41129.80644601909,46718.59252663511,35504.014853216584
1,All Population,44,Population,40,Turkmenistan,3,Both,21,80+ years,1,Number,2023,52486.013816544684,59617.900124590196,45306.90453344198
1,All Population,44,Population,40,Turkmenistan,3,Both,23,5-14 years,1,Number,2023,1118692.9637866137,1270702.8127193905,965676.5989063652
1,All Population,44,Population,40,Turkmenistan,3,Both,24,15-49 years,1,Number,2023,2866218.31146896,3255684.7930136346,2474173.021857358
1,All Population,44,Population,40,Turkmenistan,3,Both,25,50-69 years,1,Number,2023,853111.5242737546,969033.728243566,736421.7545982946
1,All Population,44,Population,40,Turkmenistan,3,Both,26,70+ years,1,Number,2023,174088.0797561489,197743.45577206262,150276.072355028
1,All Population,44,Population,40,Turkmenistan,3,Both,28,<1 year,1,Number,2023,119430.07311601435,135658.42884907033,103094.26316889768
1,All Population,44,Population,92,Spain,3,Both,157,25+ years,1,Number,2023,36209648.091096014,38846758.29533002,33601172.52539116
1,All Population,44,Population,92,Spain,3,Both,158,<20 years,1,Number,2023,8988959.813835192,9643616.207923237,8341411.901287049
1,All Population,44,Population,92,Spain,3,Both,159,10-24 years,1,Number,2023,7510896.425948619,8057907.033673473,6969825.445243763
1,All Population,44,Population,92,Spain,3,Both,162,10-19 years,1,Number,2023,5030948.500493982,5397347.1353067495,4668528.346538245
1,All Population,44,Population,92,Spain,3,Both,235,95+ years,1,Number,2023,139264.0208573107,149406.4715533664,129231.70033670793
1,All Population,44,Population,93,Sweden,3,Both,1,<5 years,1,Number,2023,563681.1039771333,605478.8946216472,523195.22318931785
1,All Population,44,Population,93,Sweden,3,Both,6,5-9 years,1,Number,2023,623561.7725715127,669799.8036851536,578775.0174185615
1,All Population,44,Population,93,Sweden,3,Both,7,10-14 years,1,Number,2023,638277.8362267821,685607.0853064577,592434.1132340195
1,All Population,44,Population,93,Sweden,3,Both,8,15-19 years,1,Number,2023,618591.2472826729,664460.7065674015,574161.4955716981
1,All Population,44,Population,93,Sweden,3,Both,9,20-24 years,1,Number,2023,595977.7490248771,640170.3838440514,553172.1911855806
1,All Population,44,Population,95,United Kingdom,3,Both,157,25+ years,1,Number,2023,49198035.9016718,52473912.52338376,45745538.034816034
1,All Population,44,Population,95,United Kingdom,3,Both,158,<20 years,1,Number,2023,15861931.55953769,16923491.049968593,14741133.764787376
1,All Population,44,Population,95,United Kingdom,3,Both,159,10-24 years,1,Number,2023,12428530.37636235,13258666.66731564,11552929.680297833
1,All Population,44,Population,95,United Kingdom,3,Both,162,10-19 years,1,Number,2023,8322844.745973849,8879015.764799021,7735764.015813457
1,All Population,44,Population,95,United Kingdom,3,Both,235,95+ years,1,Number,2023,142039.7971439889,151572.02285695396,131923.05194723236
1,All Population,44,Population,97,Argentina,3,Both,11,30-34 years,1,Number,2023,3629490.0349930623,3908832.2540561855,3365236.689087894
1,All Population,44,Population,97,Argentina,3,Both,12,35-39 years,1,Number,2023,3515056.0523135876,3785590.9066092866,3259134.3349613985
1,All Population,44,Population,97,Argentina,3,Both,13,40-44 years,1,Number,2023,3365819.2938045403,3624868.2018968402,3120763.1009166264
1,All Population,44,Population,97,Argentina,3,Both,14,45-49 years,1,Number,2023,3071142.2294234014,3307511.437536475,2847540.6760229818
1,All Population,44,Population,149,Palestine,3,Both,157,25+ years,1,Number,2023,2385254.308881381,2632035.2580282656,2115140.2244014908
1,All Population,44,Population,149,Palestine,3,Both,158,<20 years,1,Number,2023,2515849.5429400736,2776142.0139800594,2230946.422358727
1,All Population,44,Population,149,Palestine,3,Both,159,10-24 years,1,Number,2023,1706008.084284051,1882513.496190977,1512814.0881194293
1,All Population,44,Population,149,Palestine,3,Both,162,10-19 years,1,Number,2023,1198938.2178642517,1322981.6417756302,1063166.4899354884
1,All Population,44,Population,150,Oman,3,Both,157,25+ years,1,Number,2023,3206334.844600781,3489416.178473963,2935275.8904254115
1,All Population,44,Population,150,Oman,3,Both,158,<20 years,1,Number,2023,1619722.3882245577,1762724.6622805463,1482793.3780352788
1,All Population,44,Population,150,Oman,3,Both,159,10-24 years,1,Number,2023,1014407.1334650584,1103967.250654726,928650.6077022885
1,All Population,44,Population,150,Oman,3,Both,162,10-19 years,1,Number,2023,706257.8265579741,768612.0151534261,646551.8017279909
1,All Population,44,Population,150,Oman,3,Both,235,95+ years,1,Number,2023,210.03548157146568,228.57912319519318,192.27938286881434
1,All Population,44,Population,151,Qatar,3,Both,1,<5 years,1,Number,2023,151523.300883721,164873.20205654224,138456.42839443882
1,All Population,44,Population,151,Qatar,3,Both,6,5-9 years,1,Number,2023,174924.9020015377,190336.59208990255,159839.9521864044
1,All Population,44,Population,151,Qatar,3,Both,7,10-14 years,1,Number,2023,164785.25955499965,179303.60041060913,150574.71924759942
1,All Population,44,Population,151,Qatar,3,Both,8,15-19 years,1,Number,2023,118179.79179992077,128591.9761435304,107988.35417116605
1,All Population,44,Population,151,Qatar,3,Both,9,20-24 years,1,Number,2023,187560.4863823049,204085.42969152934,171385.8852134319
1,All Population,44,Population,151,Qatar,3,Both,10,25-29 years,1,Number,2023,328117.8272848765,357026.52015090233,299822.0220484133
1,All Population,44,Population,151,Qatar,3,Both,11,30-34 years,1,Number,2023,497489.2786742534,541320.3770340761,454587.4349887729
1,All Population,44,Population,151,Qatar,3,Both,12,35-39 years,1,Number,2023,524829.6024419585,571069.5093361987,479570.01890785596
1,All Population,44,Population,151,Qatar,3,Both,13,40-44 years,1,Number,2023,380533.349994715,414060.09199257114,347717.40199661715
1,All Population,44,Population,151,Qatar,3,Both,14,45-49 years,1,Number,2023,247718.29232615867,269543.4156040105,226355.87928334458
1,All Population,44,Population,151,Qatar,3,Both,15,50-54 years,1,Number,2023,156056.4956639629,169805.7921902408,142598.6953251881
1,All Population,44,Population,151,Qatar,3,Both,16,55-59 years,1,Number,2023,82629.76016920127,89909.82287743961,75504.04066828112
1,All Population,44,Population,151,Qatar,3,Both,17,60-64 years,1,Number,2023,45632.864305595955,49653.32997100514,41697.63575840689
1,All Population,44,Population,151,Qatar,3,Both,18,65-69 years,1,Number,2023,23109.05421730913,25145.06840258081,21116.205176637737
1,All Population,44,Population,151,Qatar,3,Both,19,70-74 years,1,Number,2023,10343.164953964812,11254.445457651707,9451.20433272157
1,All Population,44,Population,151,Qatar,3,Both,20,75-79 years,1,Number,2023,5201.169587822966,5659.416600497301,4752.637781804761
1,All Population,44,Population,151,Qatar,3,Both,21,80+ years,1,Number,2023,4159.912063248754,4526.419488892911,3801.174890945387
1,All Population,44,Population,35,Georgia,3,Both,157,25+ years,1,Number,2023,2467580.770264226,2794121.617673745,2165575.938815691
1,All Population,44,Population,35,Georgia,3,Both,158,<20 years,1,Number,2023,924876.5258111754,1047267.6418901086,811681.7795016546
1,All Population,44,Population,35,Georgia,3,Both,159,10-24 years,1,Number,2023,632424.618974851,716114.8768546677,555022.7795866503
1,All Population,44,Population,35,Georgia,3,Both,162,10-19 years,1,Number,2023,443863.39864311385,502600.900601954,389539.38521718915
1,All Population,44,Population,35,Georgia,3,Both,235,95+ years,1,Number,2023,2664.658334810985,3017.2789262791393,2338.5333702424064
1,All Population,44,Population,36,Kazakhstan,3,Both,1,<5 years,1,Number,2023,2074795.7068552093,2250864.7379494724,1916954.4026451535
1,All Population,44,Population,36,Kazakhstan,3,Both,6,5-9 years,1,Number,2023,2046806.5335319338,2220500.378186454,1891094.5221512925
1,All Population,44,Population,36,Kazakhstan,3,Both,7,10-14 years,1,Number,2023,1930872.5798657427,2094728.164866317,1783980.3122258657
1,All Population,44,Population,36,Kazakhstan,3,Both,8,15-19 years,1,Number,2023,1529664.8486353015,1659473.5844584499,1413294.6952196509
1,All Population,44,Population,36,Kazakhstan,3,Both,9,20-24 years,1,Number,2023,1162088.912436725,1260704.8234789968,1073682.3146492841
1,All Population,44,Population,36,Kazakhstan,3,Both,10,25-29 years,1,Number,2023,1267186.0995846177,1374720.6525205092,1170784.1714456524
1,All Population,44,Population,36,Kazakhstan,3,Both,11,30-34 years,1,Number,2023,1549308.4805593838,1680784.1926677716,1431443.926286784
1,All Population,44,Population,36,Kazakhstan,3,Both,12,35-39 years,1,Number,2023,1559511.7167124876,1691853.2846242047,1440870.9452459502
1,All Population,44,Population,37,Kyrgyzstan,3,Both,9,20-24 years,1,Number,2023,534978.3742516752,574279.111394648,495555.3351029277
1,All Population,44,Population,37,Kyrgyzstan,3,Both,10,25-29 years,1,Number,2023,561244.2309262756,602474.5180822697,519885.63709757203
1,All Population,44,Population,37,Kyrgyzstan,3,Both,11,30-34 years,1,Number,2023,574044.168774641,616214.7686928635,531742.3359755707
1,All Population,44,Population,37,Kyrgyzstan,3,Both,12,35-39 years,1,Number,2023,520812.02585107094,559072.0705818566,482432.91769929696
1,All Population,44,Population,37,Kyrgyzstan,3,Both,13,40-44 years,1,Number,2023,429429.0280548104,460975.86838597636,397784.01547221
1,All Population,44,Population,37,Kyrgyzstan,3,Both,14,45-49 years,1,Number,2023,369629.83767816966,396783.69246923353,342391.4813956101
1,All Population,44,Population,37,Kyrgyzstan,3,Both,15,50-54 years,1,Number,2023,335197.60399162996,359821.9880031451,310496.590080156
1,All Population,44,Population,37,Kyrgyzstan,3,Both,16,55-59 years,1,Number,2023,303021.38837899454,325282.0338677766,280691.46883096994
1,All Population,44,Population,37,Kyrgyzstan,3,Both,17,60-64 years,1,Number,2023,268917.6286855406,288672.93384692277,249100.84596364494
1,All Population,44,Population,37,Kyrgyzstan,3,Both,18,65-69 years,1,Number,2023,180351.67016456477,193600.71708603756,167061.39284562628
1,All Population,44,Population,218,Togo,3,Both,157,25+ years,1,Number,2023,3621216.8371398677,3896457.1664759186,3360011.7465326064
1,All Population,44,Population,218,Togo,3,Both,158,<20 years,1,Number,2023,4169343.383003328,4486245.545305022,3868600.9074463192
1,All Population,44,Population,218,Togo,3,Both,159,10-24 years,1,Number,2023,2679048.3004657906,2882676.5750735584,2485803.5748566226
1,All Population,44,Population,218,Togo,3,Both,162,10-19 years,1,Number,2023,1914776.6423983292,2060314.3932044785,1776660.249797727
1,All Population,44,Population,218,Togo,3,Both,235,95+ years,1,Number,2023,1593.5662815825106,1714.689574632265,1478.6193883999972
1,All Population,44,Population,148,Morocco,3,Both,20,75-79 years,1,Number,2023,538913.1621266758,605760.3253789382,473853.6719687578
1,All Population,44,Population,148,Morocco,3,Both,21,80+ years,1,Number,2023,542784.6473719247,610112.0323452463,477257.7779144998
1,All Population,44,Population,148,Morocco,3,Both,23,5-14 years,1,Number,2023,6033165.658692617,6781523.720913724,5304820.705595076
1,All Population,44,Population,148,Morocco,3,Both,24,15-49 years,1,Number,2023,19673069.91862308,22113331.186938964,17298067.80567443
1,All Population,44,Population,148,Morocco,3,Both,25,50-69 years,1,Number,2023,6663129.098849275,7489628.264102507,5858732.746166347
1,All Population,44,Population,148,Morocco,3,Both,26,70+ years,1,Number,2023,1915877.404967435,2153524.1700896313,1684585.954076953
1,All Population,44,Population,148,Morocco,3,Both,28,<1 year,1,Number,2023,499621.7851267832,561595.2186628272,439305.6880326528
1,All Population,44,Population,148,Morocco,3,Both,30,80-84 years,1,Number,2023,369943.7647921132,415831.8465409907,325282.85387745604
1,All Population,44,Population,148,Morocco,3,Both,31,85-89 years,1,Number,2023,146523.84356551684,164698.76297650486,128834.97042548704
1,All Population,44,Population,148,Morocco,3,Both,32,90-94 years,1,Number,2023,24900.02592429095,27988.64244903522,21894.007319808396
1,All Population,44,Population,148,Morocco,3,Both,34,2-4 years,1,Number,2023,1609100.314300206,1808694.2358418903,1414844.0715166803
1,All Population,44,Population,217,Sierra Leone,3,Both,157,25+ years,1,Number,2023,3376730.271697647,3644063.8614938348,3116622.404505043
1,All Population,44,Population,217,Sierra Leone,3,Both,158,<20 years,1,Number,2023,3802710.491104376,4103768.66417292,3509789.5777336974
1,All Population,44,Population,217,Sierra Leone,3,Both,159,10-24 years,1,Number,2023,2566496.347353641,2769684.232239663,2368800.3996900027
1,All Population,44,Population,217,Sierra Leone,3,Both,162,10-19 years,1,Number,2023,1732097.4884108112,1869226.5458705951,1598674.8732684725
1,All Population,44,Population,217,Sierra Leone,3,Both,235,95+ years,1,Number,2023,1736.923111460006,1874.4342104300517,1603.128780954518
1,All Population,44,Population,156,United Arab Emirates,3,Both,157,25+ years,1,Number,2023,8079555.342585541,9542784.356884915,6591070.626196554
1,All Population,44,Population,156,United Arab Emirates,3,Both,158,<20 years,1,Number,2023,1717468.3946895734,2028506.500092011,1401061.6930853145
1,All Population,44,Population,156,United Arab Emirates,3,Both,159,10-24 years,1,Number,2023,1098773.9198394136,1297764.806279704,896348.4004760662
1,All Population,44,Population,156,United Arab Emirates,3,Both,162,10-19 years,1,Number,2023,764766.5415529978,903267.8012532168,623874.7151541677
1,All Population,44,Population,156,United Arab Emirates,3,Both,235,95+ years,1,Number,2023,93.57245923518207,110.51868108610489,76.33374131807345
1,All Population,44,Population,157,Yemen,3,Both,1,<5 years,1,Number,2023,4965326.943281007,5877020.63637163,3991254.1716713156
1,All Population,44,Population,37,Kyrgyzstan,3,Both,19,70-74 years,1,Number,2023,109226.13040341203,117250.1322074721,101177.15829125301
1,All Population,44,Population,37,Kyrgyzstan,3,Both,20,75-79 years,1,Number,2023,41232.22314542935,44261.236731119796,38193.783414989986
1,All Population,44,Population,37,Kyrgyzstan,3,Both,21,80+ years,1,Number,2023,53398.09792920567,57320.84455160124,49463.143907790596
1,All Population,44,Population,37,Kyrgyzstan,3,Both,23,5-14 years,1,Number,2023,1576626.938753996,1692449.5661250062,1460443.8769313358
1,All Population,44,Population,37,Kyrgyzstan,3,Both,24,15-49 years,1,Number,2023,3590332.413448876,3854086.4588983255,3325757.57808212
1,All Population,44,Population,37,Kyrgyzstan,3,Both,25,50-69 years,1,Number,2023,1087488.29122073,1167377.672803882,1007350.2977203974
1,All Population,44,Population,37,Kyrgyzstan,3,Both,26,70+ years,1,Number,2023,203856.45147804706,218832.2134901931,188834.08561403357
1,All Population,44,Population,37,Kyrgyzstan,3,Both,28,<1 year,1,Number,2023,148433.36692859096,159337.62216146258,137495.17817733245
1,All Population,44,Population,37,Kyrgyzstan,3,Both,30,80-84 years,1,Number,2023,32265.211036096935,34635.48736654847,29887.558519585582
1,All Population,44,Population,37,Kyrgyzstan,3,Both,31,85-89 years,1,Number,2023,14869.806495291257,15962.176550914084,13774.03703653854
1,All Population,44,Population,37,Kyrgyzstan,3,Both,32,90-94 years,1,Number,2023,4860.923790828484,5218.018390105691,4502.7179303150315
1,All Population,44,Population,37,Kyrgyzstan,3,Both,34,2-4 years,1,Number,2023,490475.5888059746,526507.0493629953,454332.0000748413
1,All Population,44,Population,93,Sweden,3,Both,10,25-29 years,1,Number,2023,644144.683224624,691908.9677185242,597879.5793012625
1,All Population,44,Population,93,Sweden,3,Both,11,30-34 years,1,Number,2023,785943.1768983193,844222.0301979906,729493.525594782
1,All Population,44,Population,93,Sweden,3,Both,12,35-39 years,1,Number,2023,720546.9676087338,773976.5949089084,668794.3393464026
1,All Population,44,Population,93,Sweden,3,Both,13,40-44 years,1,Number,2023,658202.269107397,707008.9444629914,610927.4919092018
1,All Population,44,Population,93,Sweden,3,Both,14,45-49 years,1,Number,2023,645695.2766750981,693574.5399752071,599318.8027924754
1,All Population,44,Population,93,Sweden,3,Both,15,50-54 years,1,Number,2023,661410.7167217042,710455.30323084,613905.495702153
1,All Population,44,Population,93,Sweden,3,Both,16,55-59 years,1,Number,2023,683170.0528431501,733828.126427426,634101.987367719
1,All Population,44,Population,93,Sweden,3,Both,17,60-64 years,1,Number,2023,587312.9676508021,630863.0960682206,545129.749824836
1,All Population,44,Population,93,Sweden,3,Both,18,65-69 years,1,Number,2023,543477.7681379317,583777.4514381164,504442.9735059781
1,All Population,44,Population,93,Sweden,3,Both,19,70-74 years,1,Number,2023,514079.7382525495,552199.5139953572,477156.43028377934
1,All Population,44,Population,93,Sweden,3,Both,20,75-79 years,1,Number,2023,504236.0540736392,541625.9060216314,468019.75973610196
1,All Population,44,Population,93,Sweden,3,Both,21,80+ years,1,Number,2023,613123.1937220505,658587.1887179333,569086.1799670489
1,All Population,44,Population,93,Sweden,3,Both,23,5-14 years,1,Number,2023,1261839.6087982948,1355406.8889916113,1171209.130652581
1,All Population,44,Population,93,Sweden,3,Both,24,15-49 years,1,Number,2023,4669101.369821723,5015322.167675075,4333747.425701403
1,All Population,44,Population,93,Sweden,3,Both,25,50-69 years,1,Number,2023,2475371.505353588,2658923.977164603,2297580.2064006864
1,All Population,44,Population,94,Switzerland,3,Both,23,5-14 years,1,Number,2023,912393.4104351096,983776.9669925934,842405.1800935533
1,All Population,44,Population,94,Switzerland,3,Both,24,15-49 years,1,Number,2023,4031987.155775005,4347440.533541132,3722699.909105826
1,All Population,44,Population,94,Switzerland,3,Both,25,50-69 years,1,Number,2023,2346574.447338868,2530165.0211660927,2166572.4974610815
1,All Population,44,Population,94,Switzerland,3,Both,26,70+ years,1,Number,2023,1266453.6451403887,1365538.058038766,1169306.0239287019
1,All Population,44,Population,94,Switzerland,3,Both,28,<1 year,1,Number,2023,83054.7396605875,89552.7509768916,76683.7442283089
1,All Population,44,Population,94,Switzerland,3,Both,30,80-84 years,1,Number,2023,257774.51008355367,277942.1933539226,238001.04221150282
1,All Population,44,Population,94,Switzerland,3,Both,31,85-89 years,1,Number,2023,155374.66830986133,167530.824082192,143456.1275241189
1,All Population,44,Population,94,Switzerland,3,Both,32,90-94 years,1,Number,2023,73045.70009264411,78760.62723285396,67442.48197963055
1,All Population,44,Population,94,Switzerland,3,Both,34,2-4 years,1,Number,2023,265943.75141900784,286750.57729412545,245543.63418960475
1,All Population,44,Population,95,United Kingdom,3,Both,34,2-4 years,1,Number,2023,2166593.1976512717,2311705.029452751,2013107.139025136
1,All Population,44,Population,40,Turkmenistan,3,Both,30,80-84 years,1,Number,2023,28525.765056345586,32401.893160548174,24623.97161020159
1,All Population,44,Population,40,Turkmenistan,3,Both,31,85-89 years,1,Number,2023,15671.298309644624,17800.740226009406,13527.756535520082
1,All Population,44,Population,40,Turkmenistan,3,Both,32,90-94 years,1,Number,2023,6029.988440174702,6849.353235993862,5205.198313434035
1,All Population,44,Population,40,Turkmenistan,3,Both,34,2-4 years,1,Number,2023,358165.04195024905,406833.09983770724,309174.7340458341
1,All Population,44,Population,211,Mali,3,Both,157,25+ years,1,Number,2023,8180372.565173799,8791416.156025818,7553340.067397841
1,All Population,44,Population,211,Mali,3,Both,158,<20 years,1,Number,2023,14008370.674057467,15054744.17972192,12934617.176457558
1,All Population,44,Population,212,Mauritania,3,Both,157,25+ years,1,Number,2023,1770736.8217360342,1994878.5852447606,1539595.1953883013
1,All Population,44,Population,212,Mauritania,3,Both,158,<20 years,1,Number,2023,2408308.7429125356,2713155.0430988474,2093942.207608596
1,All Population,44,Population,212,Mauritania,3,Both,159,10-24 years,1,Number,2023,1518620.5790670791,1710849.198540312,1320388.7322212209
1,All Population,44,Population,212,Mauritania,3,Both,162,10-19 years,1,Number,2023,1099384.649380257,1238545.9358355328,955877.4083717649
1,All Population,44,Population,212,Mauritania,3,Both,235,95+ years,1,Number,2023,1377.7263724454747,1552.1204523345768,1197.8860311365954
1,All Population,44,Population,213,Niger,3,Both,1,<5 years,1,Number,2023,5442833.322532683,6170228.000230533,4753116.644241436
1,All Population,44,Population,213,Niger,3,Both,6,5-9 years,1,Number,2023,4451753.418754997,5046697.550117591,3887626.538763264
1,All Population,44,Population,36,Kazakhstan,3,Both,157,25+ years,1,Number,2023,11658109.516532531,12647427.182934435,10771211.975423647
1,All Population,44,Population,36,Kazakhstan,3,Both,158,<20 years,1,Number,2023,7582139.668888187,8225566.865460692,7005323.932241962
1,All Population,44,Population,36,Kazakhstan,3,Both,159,10-24 years,1,Number,2023,4622626.340937769,5014906.572803764,4270957.3220948
1,All Population,44,Population,36,Kazakhstan,3,Both,162,10-19 years,1,Number,2023,3460537.4285010444,3754201.749324767,3197275.007445516
1,All Population,44,Population,36,Kazakhstan,3,Both,235,95+ years,1,Number,2023,5603.093374398537,6078.576921188948,5176.834749077646
1,All Population,44,Population,37,Kyrgyzstan,3,Both,1,<5 years,1,Number,2023,792060.6418350604,850247.2313950523,733692.9784039477
1,All Population,44,Population,37,Kyrgyzstan,3,Both,6,5-9 years,1,Number,2023,822507.8281278178,882931.1377550621,761896.4840640672
1,All Population,44,Population,37,Kyrgyzstan,3,Both,7,10-14 years,1,Number,2023,754119.1106261782,809518.428369944,698547.3928672685
1,All Population,44,Population,37,Kyrgyzstan,3,Both,8,15-19 years,1,Number,2023,600194.7479122328,644286.429291478,555965.8553389318
1,All Population,44,Population,38,Mongolia,3,Both,6,5-9 years,1,Number,2023,404003.2757386325,438321.15752488916,368306.2780699702
1,All Population,44,Population,151,Qatar,3,Both,23,5-14 years,1,Number,2023,339710.1615565373,369640.1925005117,310414.6714340039
1,All Population,44,Population,151,Qatar,3,Both,24,15-49 years,1,Number,2023,2284428.6289041876,2485697.319952819,2087426.996609602
1,All Population,44,Population,151,Qatar,3,Both,25,50-69 years,1,Number,2023,307428.17435606924,334514.01344126643,280916.5769285138
1,All Population,44,Population,151,Qatar,3,Both,26,70+ years,1,Number,2023,19704.246605036533,21440.28154704192,18005.017005471713
1,All Population,44,Population,151,Qatar,3,Both,28,<1 year,1,Number,2023,28248.11179471067,30736.90063826673,25812.087284079593
1,All Population,44,Population,151,Qatar,3,Both,30,80-84 years,1,Number,2023,2555.9166492198447,2781.1046861359487,2335.502780502593
1,All Population,44,Population,151,Qatar,3,Both,31,85-89 years,1,Number,2023,1218.6638596473076,1326.0337624562842,1113.5702854680596
1,All Population,44,Population,151,Qatar,3,Both,32,90-94 years,1,Number,2023,330.6886869357678,359.82388438602874,302.17117919513447
1,All Population,44,Population,151,Qatar,3,Both,34,2-4 years,1,Number,2023,94137.23520160589,102431.15949770129,86019.14879708047
1,All Population,44,Population,157,Yemen,3,Both,6,5-9 years,1,Number,2023,4736757.536915779,5606483.140372621,3807524.357483323
1,All Population,44,Population,157,Yemen,3,Both,7,10-14 years,1,Number,2023,4534067.041927186,5366576.234855296,3644596.6604912737
1,All Population,44,Population,157,Yemen,3,Both,8,15-19 years,1,Number,2023,3919672.0505104703,4639370.940081001,3150730.5766346585
1,All Population,44,Population,157,Yemen,3,Both,9,20-24 years,1,Number,2023,3145805.9342655106,3723413.7056606775,2528677.6081071086
1,All Population,44,Population,157,Yemen,3,Both,10,25-29 years,1,Number,2023,2651776.0753417765,3138674.0280836727,2131564.032730618
1,All Population,44,Population,157,Yemen,3,Both,11,30-34 years,1,Number,2023,2515346.405234341,2977194.2311249343,2021898.446521257
1,All Population,44,Population,157,Yemen,3,Both,12,35-39 years,1,Number,2023,2316042.2874109345,2741295.482313035,1861692.8043187105
1,All Population,44,Population,157,Yemen,3,Both,13,40-44 years,1,Number,2023,1907530.1663116023,2257775.626856691,1533320.5287080703
1,All Population,44,Population,97,Argentina,3,Both,15,50-54 years,1,Number,2023,2616780.042065363,2818179.449889341,2426259.3697541733
1,All Population,44,Population,97,Argentina,3,Both,16,55-59 years,1,Number,2023,2281023.3968650615,2456581.4315398717,2114948.2571352124
1,All Population,44,Population,97,Argentina,3,Both,17,60-64 years,1,Number,2023,2058365.922720153,2216787.2157814135,1908501.871040226
1,All Population,44,Population,97,Argentina,3,Both,18,65-69 years,1,Number,2023,1789404.7997384635,1927125.60975361,1659123.079455255
1,All Population,44,Population,97,Argentina,3,Both,19,70-74 years,1,Number,2023,1467878.3968255257,1580853.058480671,1361006.1436981517
1,All Population,44,Population,97,Argentina,3,Both,20,75-79 years,1,Number,2023,1091345.723194965,1175340.7013167092,1011887.7949149341
1,All Population,44,Population,97,Argentina,3,Both,21,80+ years,1,Number,2023,1380847.4334248207,1487123.7925060063,1280311.6691854873
1,All Population,44,Population,97,Argentina,3,Both,23,5-14 years,1,Number,2023,7298153.534599761,7859852.942440229,6766794.728857425
1,All Population,44,Population,97,Argentina,3,Both,24,15-49 years,1,Number,2023,24715648.72959601,26617878.54567076,22916169.24073028
1,All Population,44,Population,97,Argentina,3,Both,25,50-69 years,1,Number,2023,8745574.16138904,9418673.706964234,8108832.577384869
1,All Population,44,Population,97,Argentina,3,Both,26,70+ years,1,Number,2023,3940071.5534453113,4243317.552303388,3653205.6077985717
1,All Population,44,Population,97,Argentina,3,Both,28,<1 year,1,Number,2023,502385.4447180936,541051.3354078402,465808.12023976195
1,All Population,44,Population,97,Argentina,3,Both,30,80-84 years,1,Number,2023,711860.7758426768,766648.849889082,660032.1194690724
1,All Population,44,Population,97,Argentina,3,Both,31,85-89 years,1,Number,2023,400339.2662532173,431151.21447047975,371191.64783171227
1,All Population,44,Population,97,Argentina,3,Both,32,90-94 years,1,Number,2023,204381.29011738917,220111.41268720763,189500.84156036805
1,All Population,44,Population,97,Argentina,3,Both,34,2-4 years,1,Number,2023,1761820.9044843786,1897418.7312604499,1633547.4929563159
1,All Population,44,Population,218,Togo,3,Both,1,<5 years,1,Number,2023,1141775.9626840132,1228559.716911045,1059417.543622418
1,All Population,44,Population,218,Togo,3,Both,6,5-9 years,1,Number,2023,1112790.7779209854,1197371.435189498,1032523.1140261742
1,All Population,44,Population,218,Togo,3,Both,7,10-14 years,1,Number,2023,1021025.1345777283,1098630.8972095854,947376.6968331636
1,All Population,44,Population,218,Togo,3,Both,8,15-19 years,1,Number,2023,893751.5078206008,961683.4959948935,829283.5529645634
1,All Population,44,Population,218,Togo,3,Both,9,20-24 years,1,Number,2023,764271.6580674612,822362.1818690805,709143.3250588953
1,All Population,44,Population,218,Togo,3,Both,10,25-29 years,1,Number,2023,668855.715358949,719693.8936987751,620609.9113679603
1,All Population,44,Population,218,Togo,3,Both,11,30-34 years,1,Number,2023,598197.2311441097,643664.821269992,555048.154745409
1,All Population,44,Population,218,Togo,3,Both,12,35-39 years,1,Number,2023,524845.2460103937,564737.5211375741,486987.1844237768
1,All Population,44,Population,218,Togo,3,Both,13,40-44 years,1,Number,2023,447443.63021436,481452.78726798453,415168.6908146819
1,All Population,44,Population,218,Togo,3,Both,14,45-49 years,1,Number,2023,373180.565458687,401545.15845549566,346262.3587349785
1,All Population,44,Population,218,Togo,3,Both,15,50-54 years,1,Number,2023,297479.22667897696,320089.93573180056,276021.4980056971
1,All Population,44,Population,522,Sudan,3,Both,1,<5 years,1,Number,2023,4184821.711078521,4882167.034191641,3516464.218077912
1,All Population,44,Population,522,Sudan,3,Both,6,5-9 years,1,Number,2023,4291189.797602935,5006259.958902095,3605844.2672251235
1,All Population,44,Population,522,Sudan,3,Both,7,10-14 years,1,Number,2023,4200815.005570592,4900825.400193377,3529903.2249683766
1,All Population,44,Population,522,Sudan,3,Both,8,15-19 years,1,Number,2023,3940895.272901417,4597593.473486921,3311495.249048185
1,All Population,44,Population,522,Sudan,3,Both,9,20-24 years,1,Number,2023,3542076.4908573856,4132316.803477955,2976371.7782339863
1,All Population,44,Population,522,Sudan,3,Both,10,25-29 years,1,Number,2023,3167065.732209136,3694815.4498377712,2661253.9535749853
1,All Population,44,Population,522,Sudan,3,Both,11,30-34 years,1,Number,2023,2746949.289788647,3204692.1453544903,2308234.2697765324
1,All Population,44,Population,522,Sudan,3,Both,12,35-39 years,1,Number,2023,2387065.050518457,2784837.945965614,2005827.1094682238
1,All Population,44,Population,522,Sudan,3,Both,13,40-44 years,1,Number,2023,2007010.8084650445,2341452.678955121,1686471.2956777448
1,All Population,44,Population,522,Sudan,3,Both,14,45-49 years,1,Number,2023,1680042.2443237847,1959999.117662057,1411722.851031884
1,All Population,44,Population,522,Sudan,3,Both,15,50-54 years,1,Number,2023,1397734.3057458664,1630648.2859248314,1174502.2875224438
1,All Population,44,Population,522,Sudan,3,Both,16,55-59 years,1,Number,2023,1190272.9188753273,1388616.1962026653,1000174.5397878689
1,All Population,44,Population,522,Sudan,3,Both,17,60-64 years,1,Number,2023,945444.2291628974,1102990.03564867,794447.4177330612
1,All Population,44,Population,522,Sudan,3,Both,18,65-69 years,1,Number,2023,721901.7387302157,842197.1386317338,606606.8780165057
1,All Population,44,Population,522,Sudan,3,Both,19,70-74 years,1,Number,2023,520284.20883705764,606982.7075476816,437189.6653955589
1,All Population,44,Population,522,Sudan,3,Both,20,75-79 years,1,Number,2023,327881.47484079935,382518.59651562845,275515.55446101306
1,All Population,44,Population,33,Armenia,3,Both,157,25+ years,1,Number,2023,2126829.5722652473,2293329.7180496133,1957052.6294777375
1,All Population,44,Population,33,Armenia,3,Both,158,<20 years,1,Number,2023,745243.6953961366,803585.5510607526,685753.6460353587
1,All Population,44,Population,33,Armenia,3,Both,159,10-24 years,1,Number,2023,539462.6990113667,581694.8642971605,496399.38590889773
1,All Population,44,Population,33,Armenia,3,Both,162,10-19 years,1,Number,2023,379871.18628542306,409609.6329953012,349547.4737032659
1,All Population,44,Population,33,Armenia,3,Both,235,95+ years,1,Number,2023,4396.044776762403,4740.191814094576,4045.124772504233
1,All Population,44,Population,34,Azerbaijan,3,Both,1,<5 years,1,Number,2023,631336.5894710898,693989.9128894571,570296.8227917219
1,All Population,44,Population,34,Azerbaijan,3,Both,6,5-9 years,1,Number,2023,812075.7972485161,892665.5308609216,733561.5498301333
1,All Population,44,Population,34,Azerbaijan,3,Both,7,10-14 years,1,Number,2023,900677.9370113962,990060.4740359621,813597.3336608318
1,All Population,44,Population,34,Azerbaijan,3,Both,8,15-19 years,1,Number,2023,756068.5789380718,831100.2023108869,682969.2996920453
1,All Population,44,Population,298,American Samoa,3,Both,157,25+ years,1,Number,2023,27009.967780673334,29388.010376435042,24685.6204878425
1,All Population,44,Population,298,American Samoa,3,Both,158,<20 years,1,Number,2023,18435.504656697925,20058.624525036324,16849.034221460035
1,All Population,44,Population,298,American Samoa,3,Both,159,10-24 years,1,Number,2023,13674.039565881441,14877.94505765565,12497.317805044671
1,All Population,44,Population,298,American Samoa,3,Both,162,10-19 years,1,Number,2023,10136.096506118845,11028.51035281545,9263.833026755223
1,All Population,44,Population,298,American Samoa,3,Both,235,95+ years,1,Number,2023,8.929940098706076,9.716160138091634,8.161472610624847
1,All Population,44,Population,305,Bermuda,3,Both,1,<5 years,1,Number,2023,2372.3937749262855,2624.742760583967,2111.706067734145
1,All Population,44,Population,213,Niger,3,Both,7,10-14 years,1,Number,2023,3593281.4811264505,4073497.146379524,3137940.297506527
1,All Population,44,Population,213,Niger,3,Both,8,15-19 years,1,Number,2023,2950886.6961128223,3345251.018892242,2576949.8787513627
1,All Population,44,Population,213,Niger,3,Both,9,20-24 years,1,Number,2023,2340837.6820482155,2653673.436953187,2044206.3698606133
1,All Population,44,Population,213,Niger,3,Both,10,25-29 years,1,Number,2023,1828109.9620280443,2072423.4248564169,1596451.585619339
1,All Population,44,Population,213,Niger,3,Both,11,30-34 years,1,Number,2023,1413130.2043776913,1601984.6720136942,1234058.126876909
1,All Population,44,Population,213,Niger,3,Both,12,35-39 years,1,Number,2023,1121355.0006895792,1271215.856419756,979256.7220119941
1,All Population,44,Population,213,Niger,3,Both,13,40-44 years,1,Number,2023,900398.2347061292,1020729.8423308536,786299.6315007239
1,All Population,44,Population,213,Niger,3,Both,14,45-49 years,1,Number,2023,669002.3751033223,758409.6264705085,584226.2909239694
1,All Population,44,Population,213,Niger,3,Both,15,50-54 years,1,Number,2023,519897.3015752306,589377.7555420488,454015.83531563287
1,All Population,44,Population,213,Niger,3,Both,16,55-59 years,1,Number,2023,451360.2483150249,511681.22874805337,394163.8080176962
1,All Population,44,Population,213,Niger,3,Both,17,60-64 years,1,Number,2023,354796.19666884624,402212.1011860672,309836.36789295124
1,All Population,44,Population,213,Niger,3,Both,18,65-69 years,1,Number,2023,258063.78658067918,292552.11531347816,225361.90373395922
1,All Population,44,Population,213,Niger,3,Both,19,70-74 years,1,Number,2023,165383.9629414056,187486.3142888429,144426.48164386878
1,All Population,44,Population,213,Niger,3,Both,20,75-79 years,1,Number,2023,98393.45394082525,111543.016030219,85925.02027839403
1,All Population,44,Population,213,Niger,3,Both,21,80+ years,1,Number,2023,80478.02781135627,91233.32484741551,70279.83971184443
1,All Population,44,Population,213,Niger,3,Both,23,5-14 years,1,Number,2023,8045034.899881448,9120194.696497116,7025566.836269792
1,All Population,44,Population,213,Niger,3,Both,24,15-49 years,1,Number,2023,11223720.155065805,12723687.87793666,9801448.605544908
1,All Population,44,Population,213,Niger,3,Both,25,50-69 years,1,Number,2023,1584117.5331397809,1795823.200789648,1383377.9149602398
1,All Population,44,Population,213,Niger,3,Both,26,70+ years,1,Number,2023,344255.44469358714,390262.6551664775,300631.3416341072
1,All Population,44,Population,213,Niger,3,Both,28,<1 year,1,Number,2023,1199195.2800047095,1359458.917067531,1047233.0691239767
1,All Population,44,Population,213,Niger,3,Both,30,80-84 years,1,Number,2023,51625.09275863997,58524.40704644528,45083.15304011887
1,All Population,44,Population,213,Niger,3,Both,31,85-89 years,1,Number,2023,19901.28746858788,22560.948297086237,17379.39325041871
1,All Population,44,Population,213,Niger,3,Both,32,90-94 years,1,Number,2023,6450.830977376782,7312.937134522312,5633.380680761003
1,All Population,44,Population,213,Niger,3,Both,34,2-4 years,1,Number,2023,3109102.875087791,3524611.6275589378,2715116.8791187876
1,All Population,44,Population,214,Nigeria,3,Both,34,2-4 years,1,Number,2023,22766946.191069324,25611015.878697246,19908592.86541001
1,All Population,44,Population,38,Mongolia,3,Both,7,10-14 years,1,Number,2023,349805.17284844216,379519.22045878926,318897.0213815337
1,All Population,44,Population,38,Mongolia,3,Both,8,15-19 years,1,Number,2023,246223.70109764097,267139.0658352033,224467.8208563675
1,All Population,44,Population,38,Mongolia,3,Both,9,20-24 years,1,Number,2023,225781.2038335542,244960.08957043962,205831.58562281396
1,All Population,44,Population,38,Mongolia,3,Both,10,25-29 years,1,Number,2023,242269.53561884156,262849.01549701346,220863.03827705112
1,All Population,44,Population,38,Mongolia,3,Both,11,30-34 years,1,Number,2023,285847.30132927164,310128.47548065335,260590.35154219676
1,All Population,44,Population,38,Mongolia,3,Both,12,35-39 years,1,Number,2023,277342.01295543293,300900.7091010664,252836.57504334755
1,All Population,44,Population,38,Mongolia,3,Both,13,40-44 years,1,Number,2023,230541.06321950874,250124.27313279532,210170.87245501153
1,All Population,44,Population,38,Mongolia,3,Both,14,45-49 years,1,Number,2023,209193.6499589485,226963.51317751114,190709.67796334857
1,All Population,44,Population,38,Mongolia,3,Both,15,50-54 years,1,Number,2023,176995.9956834678,192030.84322375277,161356.95009968188
1,All Population,44,Population,38,Mongolia,3,Both,16,55-59 years,1,Number,2023,150711.7093467897,163513.84966535945,137395.095694694
1,All Population,44,Population,38,Mongolia,3,Both,17,60-64 years,1,Number,2023,117426.9635700503,127401.74569761685,107051.32976575902
1,All Population,44,Population,38,Mongolia,3,Both,18,65-69 years,1,Number,2023,72722.7556212447,78900.15833170014,66297.1046580834
1,All Population,44,Population,38,Mongolia,3,Both,19,70-74 years,1,Number,2023,40465.033713417855,43902.318326803914,36889.61662926353
1,All Population,44,Population,38,Mongolia,3,Both,20,75-79 years,1,Number,2023,24149.091672817107,26200.42571647809,22015.321674123927
1,All Population,44,Population,38,Mongolia,3,Both,21,80+ years,1,Number,2023,26500.11588580874,28751.156654299037,24158.613646091784
1,All Population,44,Population,38,Mongolia,3,Both,23,5-14 years,1,Number,2023,753808.4485870746,817840.3779836786,687203.2994515039
1,All Population,44,Population,38,Mongolia,3,Both,24,15-49 years,1,Number,2023,1717198.4680131986,1863065.1417946822,1565469.921760137
1,All Population,44,Population,38,Mongolia,3,Both,25,50-69 years,1,Number,2023,517857.4242215525,561846.5969184292,472100.48021821835
1,All Population,44,Population,38,Mongolia,3,Both,26,70+ years,1,Number,2023,91114.2412720437,98853.900697581,83063.55194947925
1,All Population,44,Population,38,Mongolia,3,Both,28,<1 year,1,Number,2023,74320.59838930266,80633.72915574227,67753.76493334603
1,All Population,44,Population,38,Mongolia,3,Both,30,80-84 years,1,Number,2023,15873.087319061458,17221.41978790731,14470.570074647872
1,All Population,44,Population,38,Mongolia,3,Both,31,85-89 years,1,Number,2023,7396.239879984334,8024.510245862034,6742.721521080047
1,All Population,44,Population,38,Mongolia,3,Both,32,90-94 years,1,Number,2023,2559.3217475485512,2776.722215465026,2333.18471366296
1,All Population,44,Population,38,Mongolia,3,Both,34,2-4 years,1,Number,2023,232452.15564820025,252197.7024730639,211913.10421828672
1,All Population,44,Population,522,Sudan,3,Both,21,80+ years,1,Number,2023,242024.06820307343,282354.1858746163,203370.4263903794
1,All Population,44,Population,522,Sudan,3,Both,23,5-14 years,1,Number,2023,8492004.803173527,9907085.359095473,7135747.4921935005
1,All Population,44,Population,522,Sudan,3,Both,24,15-49 years,1,Number,2023,19471104.889063872,22715707.614739932,16361376.506811544
1,All Population,44,Population,522,Sudan,3,Both,25,50-69 years,1,Number,2023,4255353.192514307,4964451.6564079,3575731.1230598805
1,All Population,44,Population,522,Sudan,3,Both,26,70+ years,1,Number,2023,1090189.7518809305,1271855.489937927,916075.6462469511
1,All Population,44,Population,522,Sudan,3,Both,28,<1 year,1,Number,2023,840504.399235,980563.3676519542,706267.5184518733
1,All Population,44,Population,522,Sudan,3,Both,30,80-84 years,1,Number,2023,167579.36176217103,195504.25133769712,140815.2772112091
1,All Population,44,Population,522,Sudan,3,Both,31,85-89 years,1,Number,2023,60004.147923664226,70003.04747323932,50420.890942911705
1,All Population,44,Population,522,Sudan,3,Both,32,90-94 years,1,Number,2023,12791.043524018081,14922.502160737771,10748.187131846682
1,All Population,44,Population,522,Sudan,3,Both,34,2-4 years,1,Number,2023,2511735.774531583,2930283.4012150858,2110586.6835436127
1,All Population,44,Population,34,Azerbaijan,3,Both,9,20-24 years,1,Number,2023,663336.1576718834,729165.0918962265,599202.5640080009
1,All Population,44,Population,34,Azerbaijan,3,Both,10,25-29 years,1,Number,2023,798222.7275666649,877437.6939477884,721047.8419962651
1,All Population,44,Population,34,Azerbaijan,3,Both,11,30-34 years,1,Number,2023,955228.5246321219,1050024.6170657391,862873.785113747
1,All Population,44,Population,34,Azerbaijan,3,Both,12,35-39 years,1,Number,2023,913605.2881865834,1004270.724899888,825274.8245987457
1,All Population,44,Population,34,Azerbaijan,3,Both,13,40-44 years,1,Number,2023,766622.3400529935,842701.3099909225,692502.6873219069
1,All Population,44,Population,34,Azerbaijan,3,Both,14,45-49 years,1,Number,2023,621851.7079578565,683563.7595428718,561728.9718517271
1,All Population,44,Population,34,Azerbaijan,3,Both,15,50-54 years,1,Number,2023,602882.2739639423,662711.8145351739,544593.5671923051
1,All Population,44,Population,34,Azerbaijan,3,Both,16,55-59 years,1,Number,2023,616894.6544839435,678114.7721628892,557251.1831511711
1,All Population,44,Population,34,Azerbaijan,3,Both,17,60-64 years,1,Number,2023,600373.626150163,659954.2105774918,542327.4639732596
1,All Population,44,Population,34,Azerbaijan,3,Both,18,65-69 years,1,Number,2023,408489.7971702051,449027.98836968734,368995.61557832157
1,All Population,44,Population,34,Azerbaijan,3,Both,19,70-74 years,1,Number,2023,241753.78099803373,265745.227210857,218380.2039995304
1,All Population,44,Population,35,Georgia,3,Both,17,60-64 years,1,Number,2023,244539.42866898054,276899.9143823046,214610.48375756893
1,All Population,44,Population,35,Georgia,3,Both,18,65-69 years,1,Number,2023,208153.06096933954,235698.4518796987,182677.40852015518
1,All Population,44,Population,35,Georgia,3,Both,19,70-74 years,1,Number,2023,158960.44930277576,179996.06460884248,139505.4331682775
1,All Population,44,Population,35,Georgia,3,Both,20,75-79 years,1,Number,2023,89653.50121433716,101517.56281367647,78680.89563672614
1,All Population,44,Population,35,Georgia,3,Both,21,80+ years,1,Number,2023,137443.4824207477,155631.7061909388,120621.907118176
1,All Population,44,Population,35,Georgia,3,Both,23,5-14 years,1,Number,2023,495533.92317856295,561109.108860353,434886.00407091464
1,All Population,44,Population,35,Georgia,3,Both,24,15-49 years,1,Number,2023,1581913.9143768612,1791252.3548260531,1388304.9955383823
1,All Population,44,Population,35,Georgia,3,Both,25,50-69 years,1,Number,2023,892932.8444555366,1011096.777009234,783647.6545098475
1,All Population,44,Population,35,Georgia,3,Both,26,70+ years,1,Number,2023,386057.4329378606,437145.33361345774,338808.2359231796
1,All Population,44,Population,35,Georgia,3,Both,28,<1 year,1,Number,2023,41742.604678360076,47266.50309295692,36633.7675363195
1,All Population,44,Population,35,Georgia,3,Both,30,80-84 years,1,Number,2023,79093.83001257422,89560.50514167437,69413.61241264179
1,All Population,44,Population,35,Georgia,3,Both,31,85-89 years,1,Number,2023,42765.52596093901,48424.789988070916,37531.49446933423
1,All Population,44,Population,35,Georgia,3,Both,32,90-94 years,1,Number,2023,12919.468112423476,14629.132134914325,11338.266865957536
1,All Population,44,Population,35,Georgia,3,Both,34,2-4 years,1,Number,2023,139731.59527290557,158222.61047295213,122629.98004435518
1,All Population,44,Population,39,Tajikistan,3,Both,157,25+ years,1,Number,2023,4917935.947060502,5380860.545533611,4510893.705069459
1,All Population,44,Population,39,Tajikistan,3,Both,158,<20 years,1,Number,2023,4837942.739570175,5293337.58900697,4437521.286233443
1,All Population,44,Population,39,Tajikistan,3,Both,159,10-24 years,1,Number,2023,3052533.2149771904,3339867.724430036,2799884.5475379373
1,All Population,44,Population,39,Tajikistan,3,Both,162,10-19 years,1,Number,2023,2122133.411978441,2321889.522717067,1946491.0386099743
1,All Population,44,Population,39,Tajikistan,3,Both,235,95+ years,1,Number,2023,2425.8362537112835,2654.1798689594693,2225.057341980239
1,All Population,44,Population,40,Turkmenistan,3,Both,235,95+ years,1,Number,2023,2258.962010379776,2565.913502038761,1949.978074286276
1,All Population,44,Population,41,Uzbekistan,3,Both,1,<5 years,1,Number,2023,4121680.6320996843,5306399.847394619,2894578.4196127667
1,All Population,44,Population,41,Uzbekistan,3,Both,6,5-9 years,1,Number,2023,3600100.008111377,4634898.197805236,2528282.2038102313
1,All Population,44,Population,41,Uzbekistan,3,Both,7,10-14 years,1,Number,2023,3052901.5602351604,3930415.240612667,2143995.074396904
1,All Population,44,Population,41,Uzbekistan,3,Both,8,15-19 years,1,Number,2023,2608502.407457813,3358279.7922437065,1831901.9473104877
1,All Population,44,Population,41,Uzbekistan,3,Both,9,20-24 years,1,Number,2023,2504001.021338618,3223740.9502391205,1758512.5986247926
1,All Population,44,Population,41,Uzbekistan,3,Both,10,25-29 years,1,Number,2023,2792923.257737524,3595709.8260408947,1961417.2254203174
1,All Population,44,Population,41,Uzbekistan,3,Both,11,30-34 years,1,Number,2023,3024616.9168483675,3894000.573696849,2124131.303847524
1,All Population,44,Population,41,Uzbekistan,3,Both,12,35-39 years,1,Number,2023,2811013.1892727916,3618999.4543518634,1974121.4424880971
1,All Population,44,Population,41,Uzbekistan,3,Both,13,40-44 years,1,Number,2023,2303663.0505755763,2965818.643206128,1617819.0275888671
1,All Population,44,Population,41,Uzbekistan,3,Both,14,45-49 years,1,Number,2023,1986201.7929510633,2557107.605312283,1394871.9854947962
1,All Population,44,Population,41,Uzbekistan,3,Both,15,50-54 years,1,Number,2023,1707715.3192143939,2198574.1055964357,1199296.1976100437
1,All Population,44,Population,151,Qatar,3,Both,157,25+ years,1,Number,2023,2305820.771683068,2508974.209106067,2106974.35115899
1,All Population,44,Population,151,Qatar,3,Both,158,<20 years,1,Number,2023,609413.2542401791,663105.3707005843,556859.4539996088
1,All Population,44,Population,151,Qatar,3,Both,159,10-24 years,1,Number,2023,470525.5377372253,511981.0062456688,429948.95863219735
1,All Population,44,Population,151,Qatar,3,Both,162,10-19 years,1,Number,2023,282965.05135492043,307895.5765541395,258563.07341876547
1,All Population,44,Population,151,Qatar,3,Both,235,95+ years,1,Number,2023,54.64286744583379,59.457155914649896,49.93064577960049
1,All Population,44,Population,152,Saudi Arabia,3,Both,1,<5 years,1,Number,2023,2538421.0822727047,2728479.3886918495,2353789.296608664
1,All Population,44,Population,152,Saudi Arabia,3,Both,6,5-9 years,1,Number,2023,2846085.4080223893,3059179.3569934857,2639075.690562482
1,All Population,44,Population,152,Saudi Arabia,3,Both,7,10-14 years,1,Number,2023,2674155.268913472,2874376.3532169806,2479650.8717153724
1,All Population,44,Population,152,Saudi Arabia,3,Both,8,15-19 years,1,Number,2023,2289542.2837339817,2460966.375647016,2123012.670837504
1,All Population,44,Population,152,Saudi Arabia,3,Both,9,20-24 years,1,Number,2023,2572836.010847607,2765471.0540761645,2385701.0590380207
1,All Population,44,Population,152,Saudi Arabia,3,Both,10,25-29 years,1,Number,2023,3727995.3240958657,4007120.203172974,3456839.9833047474
1,All Population,44,Population,152,Saudi Arabia,3,Both,11,30-34 years,1,Number,2023,4052758.872250272,4356199.657927728,3757981.889552267
1,All Population,44,Population,152,Saudi Arabia,3,Both,12,35-39 years,1,Number,2023,3622202.51786271,3893406.409470709,3358742.005507128
1,All Population,44,Population,152,Saudi Arabia,3,Both,13,40-44 years,1,Number,2023,2756914.3400235698,2963331.815070069,2556390.4706481937
1,All Population,44,Population,152,Saudi Arabia,3,Both,14,45-49 years,1,Number,2023,1914574.8555352374,2057924.1434437325,1775318.4583860082
1,All Population,44,Population,152,Saudi Arabia,3,Both,15,50-54 years,1,Number,2023,1441765.0886085683,1549713.8575928917,1336898.459239282
1,All Population,44,Population,152,Saudi Arabia,3,Both,16,55-59 years,1,Number,2023,1034942.2801133649,1112431.1484392635,959665.8641668571
1,All Population,44,Population,152,Saudi Arabia,3,Both,17,60-64 years,1,Number,2023,685213.1131676749,736516.8329225704,635374.2107381002
1,All Population,44,Population,89,Netherlands,3,Both,157,25+ years,1,Number,2023,12886572.122548286,13079867.339555165,12682439.19358359
1,All Population,44,Population,89,Netherlands,3,Both,158,<20 years,1,Number,2023,3737564.34180193,3793626.831008169,3678358.530587711
1,All Population,44,Population,90,Norway,3,Both,157,25+ years,1,Number,2023,3903618.926759941,3966136.010537264,3841694.289623521
1,All Population,44,Population,90,Norway,3,Both,158,<20 years,1,Number,2023,1234992.2098409387,1254770.8083403194,1215401.0443364251
1,All Population,44,Population,90,Norway,3,Both,159,10-24 years,1,Number,2023,986653.022278735,1002454.4288223154,971001.358648014
1,All Population,44,Population,90,Norway,3,Both,162,10-19 years,1,Number,2023,654282.6437742384,664761.0853491782,643903.5017369273
1,All Population,44,Population,97,Argentina,3,Both,157,25+ years,1,Number,2023,29973755.697631635,32280673.570254583,27791447.67196477
1,All Population,44,Population,97,Argentina,3,Both,158,<20 years,1,Number,2023,13799901.968608106,14862005.790797528,12795168.45695514
1,All Population,44,Population,97,Argentina,3,Both,159,10-24 years,1,Number,2023,11198359.915104132,12060237.115039384,10383037.639058193
1,All Population,44,Population,97,Argentina,3,Both,162,10-19 years,1,Number,2023,7490045.770033692,8066514.085448029,6944715.810003082
1,All Population,44,Population,320,Cook Islands,3,Both,6,5-9 years,1,Number,2023,1255.2043173222219,1359.63843879729,1155.2694889947095
1,All Population,44,Population,320,Cook Islands,3,Both,7,10-14 years,1,Number,2023,1330.195651593367,1440.8691191292883,1224.2902844356302
1,All Population,44,Population,320,Cook Islands,3,Both,8,15-19 years,1,Number,2023,1268.841863408602,1374.4106409113401,1167.8212629815653
1,All Population,44,Population,320,Cook Islands,3,Both,9,20-24 years,1,Number,2023,809.9155160615358,877.3012111405304,745.4329717136419
1,All Population,44,Population,320,Cook Islands,3,Both,10,25-29 years,1,Number,2023,851.1770682441838,921.9957613565866,783.4094283329664
1,All Population,44,Population,320,Cook Islands,3,Both,11,30-34 years,1,Number,2023,740.910655408128,802.5550843837508,681.9220285109594
1,All Population,44,Population,320,Cook Islands,3,Both,12,35-39 years,1,Number,2023,1056.9914078196505,1144.934038002625,972.8375745142827
1,All Population,44,Population,320,Cook Islands,3,Both,13,40-44 years,1,Number,2023,846.8382485482148,917.2959479825893,779.4160497699485
1,All Population,44,Population,320,Cook Islands,3,Both,14,45-49 years,1,Number,2023,901.3972698403097,976.3943286272196,829.6312790982183
1,All Population,44,Population,320,Cook Islands,3,Both,15,50-54 years,1,Number,2023,1066.0917144441723,1154.7914982748598,981.2133476364106
1,All Population,44,Population,320,Cook Islands,3,Both,16,55-59 years,1,Number,2023,882.9343433922137,956.3952701910031,812.6383040831687
1,All Population,44,Population,320,Cook Islands,3,Both,17,60-64 years,1,Number,2023,903.6762185992819,978.8628879605385,831.7287861987672
1,All Population,44,Population,320,Cook Islands,3,Both,18,65-69 years,1,Number,2023,494.1336948255981,535.2460600383235,454.792557066781
1,All Population,44,Population,320,Cook Islands,3,Both,19,70-74 years,1,Number,2023,607.6456193306915,658.2022781528616,559.2670726560557
1,All Population,44,Population,320,Cook Islands,3,Both,20,75-79 years,1,Number,2023,247.22570235732837,267.79510183710755,227.5424860217317
1,All Population,44,Population,320,Cook Islands,3,Both,21,80+ years,1,Number,2023,351.37060537043806,380.60495389650725,323.3957484945956
1,All Population,44,Population,320,Cook Islands,3,Both,23,5-14 years,1,Number,2023,2585.399968915589,2800.507557926578,2379.5597734303396
1,All Population,44,Population,320,Cook Islands,3,Both,24,15-49 years,1,Number,2023,6476.072029330625,7014.8870124046425,5960.470594921581
1,All Population,44,Population,320,Cook Islands,3,Both,25,50-69 years,1,Number,2023,3346.835971261266,3625.2957164647246,3080.372994985127
1,All Population,44,Population,320,Cook Islands,3,Both,26,70+ years,1,Number,2023,1206.241927058458,1306.6023338864766,1110.205307172383
1,All Population,44,Population,320,Cook Islands,3,Both,28,<1 year,1,Number,2023,197.03337701331816,213.42673014769034,181.34629210221578
1,All Population,44,Population,320,Cook Islands,3,Both,30,80-84 years,1,Number,2023,229.12434968228524,248.1877004351437,210.88229758354785
1,All Population,44,Population,320,Cook Islands,3,Both,31,85-89 years,1,Number,2023,78.88528405118069,85.44861021529984,72.60472302184984
1,All Population,44,Population,320,Cook Islands,3,Both,32,90-94 years,1,Number,2023,36.22860506645283,39.24285739985279,33.34421455098284
1,All Population,44,Population,320,Cook Islands,3,Both,34,2-4 years,1,Number,2023,691.3551508736383,748.8765175645857,636.3119540311578
1,All Population,44,Population,216,Senegal,3,Both,157,25+ years,1,Number,2023,7171520.247233653,7665170.540732636,6654906.972398848
1,All Population,44,Population,216,Senegal,3,Both,158,<20 years,1,Number,2023,9762731.209750295,10434747.039156053,9059455.423344124
1,All Population,44,Population,216,Senegal,3,Both,159,10-24 years,1,Number,2023,6314986.343475472,6749677.281300159,5860075.018823163
1,All Population,44,Population,216,Senegal,3,Both,162,10-19 years,1,Number,2023,4515325.276442476,4826136.871629565,4190055.752326286
1,All Population,44,Population,216,Senegal,3,Both,235,95+ years,1,Number,2023,10351.865634379865,11064.434424887686,9606.150497050407
1,All Population,44,Population,217,Sierra Leone,3,Both,1,<5 years,1,Number,2023,1096701.9211949678,1183527.1153737216,1012223.5131743479
1,All Population,44,Population,160,Afghanistan,3,Both,157,25+ years,1,Number,2023,12533735.138596807,16721865.094366271,8244332.328028148
1,All Population,44,Population,160,Afghanistan,3,Both,158,<20 years,1,Number,2023,20384522.0953132,27195981.462962124,13408355.342077956
1,All Population,44,Population,160,Afghanistan,3,Both,159,10-24 years,1,Number,2023,12026727.047870815,16045440.963720301,7910836.913714481
1,All Population,44,Population,160,Afghanistan,3,Both,162,10-19 years,1,Number,2023,8703059.218695099,11611174.207371429,5724623.320663546
1,All Population,44,Population,160,Afghanistan,3,Both,235,95+ years,1,Number,2023,1362.2927607583024,1817.5009693864033,896.0771967466162
1,All Population,44,Population,161,Bangladesh,3,Both,235,95+ years,1,Number,2023,20828.43936637816,22302.17952575585,19294.76322015313
1,All Population,44,Population,97,Argentina,3,Both,235,95+ years,1,Number,2023,64266.10121153753,69212.31545923707,59587.06032433435
1,All Population,44,Population,98,Chile,3,Both,1,<5 years,1,Number,2023,967571.9015276069,1068249.9258850578,866537.4545709522
1,All Population,44,Population,98,Chile,3,Both,6,5-9 years,1,Number,2023,1256084.2098539593,1386782.5863519032,1124923.1320330563
1,All Population,44,Population,98,Chile,3,Both,7,10-14 years,1,Number,2023,1326870.1725286443,1464933.9870504455,1188317.5813950459
1,All Population,44,Population,99,Uruguay,3,Both,6,5-9 years,1,Number,2023,231347.8295717868,263590.2730438333,197706.44405209678
1,All Population,44,Population,99,Uruguay,3,Both,7,10-14 years,1,Number,2023,233433.84534103263,265967.01229056413,199489.12237130795
1,All Population,44,Population,99,Uruguay,3,Both,8,15-19 years,1,Number,2023,238338.975986556,271555.76031799254,203680.9746974456
1,All Population,44,Population,99,Uruguay,3,Both,9,20-24 years,1,Number,2023,242041.2583136127,275774.0216748445,206844.89058597648
1,All Population,44,Population,99,Uruguay,3,Both,10,25-29 years,1,Number,2023,245352.46012646696,279546.6984774278,209674.59483334277
1,All Population,44,Population,99,Uruguay,3,Both,11,30-34 years,1,Number,2023,231228.10728662505,263453.86532436765,197604.13115243852
1,All Population,44,Population,99,Uruguay,3,Both,12,35-39 years,1,Number,2023,229142.86158889643,261078.00347234536,195822.11092499166
1,All Population,44,Population,99,Uruguay,3,Both,13,40-44 years,1,Number,2023,226412.98469478122,257967.6695771549,193489.19838185483
1,All Population,44,Population,99,Uruguay,3,Both,14,45-49 years,1,Number,2023,223760.46369129844,254945.47249470686,191222.39304228127
1,All Population,44,Population,99,Uruguay,3,Both,15,50-54 years,1,Number,2023,206491.51932931558,235269.7929433611,176464.60781187468
1,All Population,44,Population,99,Uruguay,3,Both,16,55-59 years,1,Number,2023,189493.346848886,215902.62216135772,161938.22023905703
1,All Population,44,Population,99,Uruguay,3,Both,17,60-64 years,1,Number,2023,184504.8801767516,210218.9237466728,157675.1501733227
1,All Population,44,Population,99,Uruguay,3,Both,18,65-69 years,1,Number,2023,162537.773285381,185190.30897990783,138902.38451719386
1,All Population,44,Population,99,Uruguay,3,Both,19,70-74 years,1,Number,2023,129731.48985610048,147811.88523293182,110866.6184096252
1,All Population,44,Population,99,Uruguay,3,Both,20,75-79 years,1,Number,2023,102790.15518513379,117115.79538748189,87842.95103538039
1,All Population,44,Population,99,Uruguay,3,Both,21,80+ years,1,Number,2023,150960.32020600155,171999.33146352333,129008.46381890669
1,All Population,44,Population,99,Uruguay,3,Both,23,5-14 years,1,Number,2023,464781.67491281946,529557.2853343973,397195.56642340467
1,All Population,44,Population,99,Uruguay,3,Both,24,15-49 years,1,Number,2023,1636277.1116882367,1864321.4913388398,1398338.2936183312
1,All Population,44,Population,99,Uruguay,3,Both,25,50-69 years,1,Number,2023,743027.5196403342,846581.6478312996,634980.3627414483
1,All Population,44,Population,99,Uruguay,3,Both,26,70+ years,1,Number,2023,383481.9652472358,436927.01208393706,327718.0332639123
1,All Population,44,Population,99,Uruguay,3,Both,28,<1 year,1,Number,2023,31797.539676784065,36229.09357325466,27173.70857007207
1,All Population,44,Population,99,Uruguay,3,Both,157,25+ years,1,Number,2023,2282406.362275638,2600500.369261239,1950510.8243402697
1,All Population,44,Population,99,Uruguay,3,Both,158,<20 years,1,Number,2023,877994.2928406222,1000358.4464533495,750320.9771055647
1,All Population,44,Population,99,Uruguay,3,Both,159,10-24 years,1,Number,2023,713814.0796412013,813296.7942834013,610014.98765473
1,All Population,44,Population,99,Uruguay,3,Both,162,10-19 years,1,Number,2023,471772.82132758864,537522.7726085568,403170.0970687536
1,All Population,44,Population,99,Uruguay,3,Both,235,95+ years,1,Number,2023,6652.208655618934,7579.312497224235,5684.879433834927
1,All Population,44,Population,101,Canada,3,Both,1,<5 years,1,Number,2023,1855325.9278502627,2008218.0322200619,1703507.6326504098
1,All Population,44,Population,101,Canada,3,Both,6,5-9 years,1,Number,2023,2103093.199204632,2276403.0959109105,1931000.5122234258
1,All Population,44,Population,101,Canada,3,Both,7,10-14 years,1,Number,2023,2218414.524158637,2401227.721490569,2036885.2812106896
1,All Population,44,Population,101,Canada,3,Both,8,15-19 years,1,Number,2023,2159117.2751312675,2337043.9557326115,1982440.2293753289
1,All Population,44,Population,101,Canada,3,Both,9,20-24 years,1,Number,2023,2221455.861456282,2404519.6866981443,2039677.7508367707
1,All Population,44,Population,101,Canada,3,Both,10,25-29 years,1,Number,2023,2469591.1997741843,2673103.1486984952,2267508.5790538993
1,All Population,44,Population,101,Canada,3,Both,11,30-34 years,1,Number,2023,2670572.415504839,2890646.6517074094,2452043.829640965
1,All Population,44,Population,101,Canada,3,Both,12,35-39 years,1,Number,2023,2625801.4132314734,2842186.199160339,2410936.3654756485
1,All Population,44,Population,161,Bangladesh,3,Both,157,25+ years,1,Number,2023,90628009.40003891,97040498.33729912,83954728.99953677
1,All Population,44,Population,161,Bangladesh,3,Both,158,<20 years,1,Number,2023,67199686.12772405,71954477.13255891,62251521.081125975
1,All Population,44,Population,161,Bangladesh,3,Both,159,10-24 years,1,Number,2023,50578698.85848701,54157452.81146667,46854399.472351596
1,All Population,44,Population,161,Bangladesh,3,Both,162,10-19 years,1,Number,2023,34549004.987436354,36993559.532349385,32005032.110112965
1,All Population,44,Population,162,Bhutan,3,Both,158,<20 years,1,Number,2023,236025.56592347112,259638.5492526494,210972.20482434175
1,All Population,44,Population,162,Bhutan,3,Both,159,10-24 years,1,Number,2023,196696.394427751,216374.7231899746,175817.69945581286
1,All Population,44,Population,162,Bhutan,3,Both,162,10-19 years,1,Number,2023,130020.73513556267,143028.55248446384,116219.44875804498
1,All Population,44,Population,162,Bhutan,3,Both,235,95+ years,1,Number,2023,280.3884675297978,308.4397008085761,250.62612590561454
1,All Population,44,Population,163,India,3,Both,1,<5 years,1,Number,2023,110034436.90795523,125500148.23229142,93615375.0983502
1,All Population,44,Population,163,India,3,Both,6,5-9 years,1,Number,2023,121801820.7353379,138921477.55556646,103626859.5197972
1,All Population,44,Population,163,India,3,Both,7,10-14 years,1,Number,2023,130789054.65732071,149171897.52500394,111273041.00938696
1,All Population,44,Population,163,India,3,Both,8,15-19 years,1,Number,2023,133927883.22104993,152751899.0326528,113943501.47267564
1,All Population,44,Population,163,India,3,Both,9,20-24 years,1,Number,2023,131675135.13340983,150182519.60132673,112026902.78636679
1,All Population,44,Population,163,India,3,Both,10,25-29 years,1,Number,2023,126087123.18096735,143809093.71701026,107272719.91705683
1,All Population,44,Population,163,India,3,Both,11,30-34 years,1,Number,2023,117956151.20925364,134535286.20367444,100355031.12402119
1,All Population,44,Population,163,India,3,Both,12,35-39 years,1,Number,2023,109779847.215858,125209775.10007516,93398774.63951573
1,All Population,44,Population,163,India,3,Both,13,40-44 years,1,Number,2023,96344036.09175862,109885515.39485161,81967821.44451451
1,All Population,44,Population,163,India,3,Both,14,45-49 years,1,Number,2023,81812397.7730731,93311406.28591293,69604557.63161133
1,All Population,44,Population,163,India,3,Both,15,50-54 years,1,Number,2023,70463149.80516557,80366983.22780344,59948815.88879117
1,All Population,44,Population,163,India,3,Both,16,55-59 years,1,Number,2023,59206018.047486596,67527623.62403737,50371445.007089704
1,All Population,44,Population,163,India,3,Both,17,60-64 years,1,Number,2023,50496576.477512605,57594040.65885574,42961604.39371594
1,All Population,44,Population,163,India,3,Both,18,65-69 years,1,Number,2023,39502587.78750881,45054809.76867741,33608111.03324494
1,All Population,44,Population,163,India,3,Both,19,70-74 years,1,Number,2023,28940613.256458547,33008314.08495513,24622167.765951265
1,All Population,44,Population,163,India,3,Both,20,75-79 years,1,Number,2023,18276061.28376075,20844823.354102068,15548953.404749986
1,All Population,44,Population,163,India,3,Both,21,80+ years,1,Number,2023,16292229.67246223,18582157.51709564,13861144.154823717
1,All Population,44,Population,97,Argentina,3,Both,1,<5 years,1,Number,2023,2782523.8322800556,2996679.643264841,2579935.803203876
1,All Population,44,Population,97,Argentina,3,Both,6,5-9 years,1,Number,2023,3527332.366294358,3798812.0620846585,3270516.8437481825
1,All Population,44,Population,41,Uzbekistan,3,Both,16,55-59 years,1,Number,2023,1574457.7114708852,2027013.4698966958,1105711.8978902749
1,All Population,44,Population,41,Uzbekistan,3,Both,17,60-64 years,1,Number,2023,1376691.4546888447,1772402.07991294,966824.3929849587
1,All Population,44,Population,41,Uzbekistan,3,Both,18,65-69 years,1,Number,2023,864950.0659066632,1113567.815513387,607438.0861334808
1,All Population,44,Population,41,Uzbekistan,3,Both,19,70-74 years,1,Number,2023,478765.40824279364,616379.8013489415,336227.8988730659
1,All Population,44,Population,41,Uzbekistan,3,Both,20,75-79 years,1,Number,2023,216357.44182702733,278546.35008651036,151943.74284067322
1,All Population,44,Population,41,Uzbekistan,3,Both,21,80+ years,1,Number,2023,318993.8210081594,410684.1150997224,224023.3323972162
1,All Population,44,Population,41,Uzbekistan,3,Both,23,5-14 years,1,Number,2023,6653001.568346537,8565313.438417904,4672277.278207136
1,All Population,44,Population,41,Uzbekistan,3,Both,24,15-49 years,1,Number,2023,18030921.636181753,23213656.845090847,12662775.530774884
1,All Population,44,Population,41,Uzbekistan,3,Both,25,50-69 years,1,Number,2023,5523814.551280787,7111557.470919456,3879270.5746187577
1,All Population,44,Population,41,Uzbekistan,3,Both,26,70+ years,1,Number,2023,1014116.6710779803,1305610.2665351746,712194.9741109554
1,All Population,44,Population,41,Uzbekistan,3,Both,28,<1 year,1,Number,2023,842105.9071522644,1084157.4241346533,591395.0651313888
1,All Population,44,Population,41,Uzbekistan,3,Both,30,80-84 years,1,Number,2023,166839.20453717603,214794.7908920127,117168.02054909684
1,All Population,44,Population,41,Uzbekistan,3,Both,31,85-89 years,1,Number,2023,105152.93868054906,135377.6741996895,73846.92173700189
1,All Population,44,Population,41,Uzbekistan,3,Both,32,90-94 years,1,Number,2023,36249.07471586843,46668.3621827564,25457.040166169256
1,All Population,44,Population,41,Uzbekistan,3,Both,34,2-4 years,1,Number,2023,2441885.611544352,3143771.338210923,1714890.1201349213
1,All Population,44,Population,154,Tunisia,3,Both,157,25+ years,1,Number,2023,7631045.651607152,8566619.08754452,6672297.6997129405
1,All Population,44,Population,154,Tunisia,3,Both,158,<20 years,1,Number,2023,3565923.2283206424,4003108.798859875,3117908.40206359
1,All Population,44,Population,154,Tunisia,3,Both,159,10-24 years,1,Number,2023,2578520.086883421,2894649.0956007214,2254560.4403182208
1,All Population,44,Population,154,Tunisia,3,Both,162,10-19 years,1,Number,2023,1798674.5727794992,2019193.7816816345,1572693.017759795
1,All Population,44,Population,154,Tunisia,3,Both,235,95+ years,1,Number,2023,2906.783266793952,3263.1576527690786,2541.581349406375
1,All Population,44,Population,155,Türkiye,3,Both,1,<5 years,1,Number,2023,5418375.030179698,5838911.159591146,4990340.521302854
1,All Population,44,Population,155,Türkiye,3,Both,6,5-9 years,1,Number,2023,6534711.5246929815,7041889.834815164,6018489.959639916
1,All Population,44,Population,155,Türkiye,3,Both,7,10-14 years,1,Number,2023,6539462.3349043075,7047009.369473711,6022865.470853988
1,All Population,44,Population,155,Türkiye,3,Both,8,15-19 years,1,Number,2023,6283198.282045168,6770855.904697453,5786845.468544577
1,All Population,44,Population,155,Türkiye,3,Both,9,20-24 years,1,Number,2023,6576334.901576229,7086743.7252213815,6056825.221251927
1,All Population,44,Population,155,Türkiye,3,Both,10,25-29 years,1,Number,2023,6567397.261793117,7077112.408751156,6048593.626774607
1,All Population,44,Population,155,Türkiye,3,Both,11,30-34 years,1,Number,2023,6348084.295991721,6840777.914308026,5846605.692386553
1,All Population,44,Population,155,Türkiye,3,Both,12,35-39 years,1,Number,2023,6312629.993121304,6802571.898014845,5813952.167430581
1,All Population,44,Population,155,Türkiye,3,Both,13,40-44 years,1,Number,2023,6701342.347797057,7221453.369479168,6171957.47416276
1,All Population,44,Population,155,Türkiye,3,Both,14,45-49 years,1,Number,2023,5912110.966070698,6370967.40337417,5445072.87813983
1,All Population,44,Population,155,Türkiye,3,Both,15,50-54 years,1,Number,2023,5154495.1415037885,5554550.771430577,4747306.310145158
1,All Population,44,Population,155,Türkiye,3,Both,16,55-59 years,1,Number,2023,4679105.90564593,5042265.169393188,4309471.322002228
1,All Population,44,Population,155,Türkiye,3,Both,17,60-64 years,1,Number,2023,3973692.416133688,4282102.450294255,3659783.269518006
1,All Population,44,Population,155,Türkiye,3,Both,18,65-69 years,1,Number,2023,3351495.002478565,3611614.4530949993,3086737.4858063506
1,All Population,44,Population,43,Albania,3,Both,157,25+ years,1,Number,2023,1737099.172958321,1869658.9329117958,1614437.8129618336
1,All Population,44,Population,43,Albania,3,Both,158,<20 years,1,Number,2023,539567.4073558868,580742.3311088042,501467.06569068483
1,All Population,44,Population,43,Albania,3,Both,159,10-24 years,1,Number,2023,438536.61723371124,472001.7812360109,407570.338096903
1,All Population,44,Population,43,Albania,3,Both,162,10-19 years,1,Number,2023,290186.6130192239,312331.04113384313,269695.7365282209
1,All Population,44,Population,43,Albania,3,Both,235,95+ years,1,Number,2023,1981.7515353133113,2132.980959573054,1841.8145977562692
1,All Population,44,Population,44,Bosnia and Herzegovina,3,Both,1,<5 years,1,Number,2023,141026.70383524217,157926.1917462063,123914.75729924838
1,All Population,44,Population,44,Bosnia and Herzegovina,3,Both,6,5-9 years,1,Number,2023,156316.639603402,175048.34848845418,137349.43759955585
1,All Population,44,Population,44,Bosnia and Herzegovina,3,Both,7,10-14 years,1,Number,2023,162424.44723787426,181888.06588522118,142716.13397743003
1,All Population,44,Population,44,Bosnia and Herzegovina,3,Both,8,15-19 years,1,Number,2023,164423.4432783016,184126.60527808152,144472.57515101865
1,All Population,44,Population,44,Bosnia and Herzegovina,3,Both,9,20-24 years,1,Number,2023,170207.2774144512,190603.52683955358,149554.60843797255
1,All Population,44,Population,44,Bosnia and Herzegovina,3,Both,10,25-29 years,1,Number,2023,198256.47814250767,222013.91460329216,174200.36563240862
1,All Population,44,Population,44,Bosnia and Herzegovina,3,Both,11,30-34 years,1,Number,2023,189680.2360020744,212409.9656780284,166664.75050087352
1,All Population,44,Population,44,Bosnia and Herzegovina,3,Both,12,35-39 years,1,Number,2023,216728.22995468078,242699.17022683448,190430.78569080745
1,All Population,44,Population,44,Bosnia and Herzegovina,3,Both,13,40-44 years,1,Number,2023,242502.48861884317,271562.0054574458,213077.6385213818
1,All Population,44,Population,44,Bosnia and Herzegovina,3,Both,14,45-49 years,1,Number,2023,235161.38021695233,263341.1986061339,206627.28804739978
1,All Population,44,Population,44,Bosnia and Herzegovina,3,Both,15,50-54 years,1,Number,2023,219485.35528659658,245786.6869310833,192853.366004016
1,All Population,44,Population,44,Bosnia and Herzegovina,3,Both,16,55-59 years,1,Number,2023,238229.50339074255,266776.98059257993,209323.1302397308
1,All Population,44,Population,44,Bosnia and Herzegovina,3,Both,17,60-64 years,1,Number,2023,243516.10661625164,272697.0871537688,213968.26579073755
1,All Population,44,Population,44,Bosnia and Herzegovina,3,Both,18,65-69 years,1,Number,2023,217596.29657891276,243671.25886266548,191193.52254940226
1,All Population,44,Population,44,Bosnia and Herzegovina,3,Both,19,70-74 years,1,Number,2023,170210.22920254103,190606.83234581008,149557.20206098718
1,All Population,44,Population,44,Bosnia and Herzegovina,3,Both,20,75-79 years,1,Number,2023,99603.51594232609,111539.18746963741,87517.79037936246
1,All Population,44,Population,44,Bosnia and Herzegovina,3,Both,21,80+ years,1,Number,2023,126597.95657414952,141768.42130526208,111236.77031970947
1,All Population,44,Population,44,Bosnia and Herzegovina,3,Both,23,5-14 years,1,Number,2023,318741.08684127626,356936.41437367536,280065.5715769859
1,All Population,44,Population,44,Bosnia and Herzegovina,3,Both,24,15-49 years,1,Number,2023,1416959.5336278111,1586756.38668937,1245028.0119818624
1,All Population,44,Population,44,Bosnia and Herzegovina,3,Both,25,50-69 years,1,Number,2023,918827.2618725036,1028932.0135400975,807338.2845838866
1,All Population,44,Population,40,Turkmenistan,3,Both,157,25+ years,1,Number,2023,2974452.1471971557,3378625.621233111,2567602.4844141044
1,All Population,44,Population,40,Turkmenistan,3,Both,158,<20 years,1,Number,2023,2189047.2853609384,2486498.648626949,1889626.3816814204
1,All Population,44,Population,40,Turkmenistan,3,Both,159,10-24 years,1,Number,2023,1454457.597317115,1652091.6996171242,1255514.8832585532
1,All Population,44,Population,40,Turkmenistan,3,Both,162,10-19 years,1,Number,2023,1008857.0955158395,1145942.265127557,870864.2320254375
1,All Population,44,Population,41,Uzbekistan,3,Both,157,25+ years,1,Number,2023,19456349.42974409,25048803.840062663,13663826.533569314
1,All Population,44,Population,41,Uzbekistan,3,Both,158,<20 years,1,Number,2023,13383184.607904034,17229993.07805623,9398757.64513039
1,All Population,44,Population,41,Uzbekistan,3,Both,159,10-24 years,1,Number,2023,8165404.989031591,10512435.983095493,5734409.620332185
1,All Population,44,Population,41,Uzbekistan,3,Both,162,10-19 years,1,Number,2023,5661403.967692973,7288695.032856372,3975897.021707392
1,All Population,44,Population,41,Uzbekistan,3,Both,235,95+ years,1,Number,2023,10752.603074565852,13843.287825263797,7551.349944948247
1,All Population,44,Population,97,Argentina,3,Both,7,10-14 years,1,Number,2023,3770821.1683054026,4061040.880355569,3496277.8851092425
1,All Population,44,Population,97,Argentina,3,Both,8,15-19 years,1,Number,2023,3719224.601728289,4005473.20509246,3448437.9248938398
1,All Population,44,Population,97,Argentina,3,Both,9,20-24 years,1,Number,2023,3708314.1450704397,3993723.029591354,3438321.829055112
1,All Population,44,Population,97,Argentina,3,Both,10,25-29 years,1,Number,2023,3706602.3722626898,3991879.510888165,3436734.685792427
1,All Population,44,Population,98,Chile,3,Both,8,15-19 years,1,Number,2023,1273739.3169507752,1406274.746901305,1140734.6820994632
1,All Population,44,Population,98,Chile,3,Both,9,20-24 years,1,Number,2023,1361015.6825941957,1502632.4139469313,1218897.596513835
1,All Population,44,Population,98,Chile,3,Both,10,25-29 years,1,Number,2023,1539565.1509231564,1699760.3545248825,1378802.8206697886
1,All Population,44,Population,98,Chile,3,Both,11,30-34 years,1,Number,2023,1607568.0017678635,1774839.0543715195,1439704.772433277
1,All Population,44,Population,98,Chile,3,Both,12,35-39 years,1,Number,2023,1402526.4764365903,1548462.4989003676,1256073.807993951
1,All Population,44,Population,98,Chile,3,Both,13,40-44 years,1,Number,2023,1290333.1830974352,1424595.242001803,1155595.8066417489
1,All Population,44,Population,98,Chile,3,Both,14,45-49 years,1,Number,2023,1179303.837060247,1302013.0437299896,1056160.2125057017
1,All Population,44,Population,98,Chile,3,Both,15,50-54 years,1,Number,2023,1200952.0482633119,1325913.7998151002,1075547.9043168235
1,All Population,44,Population,98,Chile,3,Both,16,55-59 years,1,Number,2023,1164377.098772864,1285533.1448779998,1042792.1333167813
1,All Population,44,Population,98,Chile,3,Both,17,60-64 years,1,Number,2023,1066700.1455379252,1177692.6857977354,955314.6669984447
1,All Population,44,Population,98,Chile,3,Both,18,65-69 years,1,Number,2023,845355.1741437211,933316.2741702605,757082.6722586296
1,All Population,44,Population,98,Chile,3,Both,19,70-74 years,1,Number,2023,647295.7132350696,714648.2825693648,579704.7008246573
1,All Population,44,Population,98,Chile,3,Both,20,75-79 years,1,Number,2023,456935.14999644936,504480.2761917097,409221.70347938954
1,All Population,44,Population,98,Chile,3,Both,21,80+ years,1,Number,2023,566530.9322643528,625479.7451719097,507373.42744760733
1,All Population,44,Population,98,Chile,3,Both,23,5-14 years,1,Number,2023,2582954.3823826034,2851716.573402348,2313240.7134281024
1,All Population,44,Population,98,Chile,3,Both,24,15-49 years,1,Number,2023,9654051.648830263,10658577.3543768,8645969.698857766
1,All Population,44,Population,98,Chile,3,Both,25,50-69 years,1,Number,2023,4277384.4667178225,4722455.904661097,3830737.3768906784
1,All Population,44,Population,98,Chile,3,Both,26,70+ years,1,Number,2023,1670761.7954958717,1844608.303932984,1496299.8317516542
1,All Population,44,Population,98,Chile,3,Both,28,<1 year,1,Number,2023,174069.3638175686,192181.67115373936,155892.9348848574
1,All Population,44,Population,98,Chile,3,Both,30,80-84 years,1,Number,2023,298915.1015295128,330017.8876119584,267702.2046664005
1,All Population,44,Population,98,Chile,3,Both,31,85-89 years,1,Number,2023,158712.1966826305,175226.5563681598,142139.37249066232
1,All Population,44,Population,98,Chile,3,Both,32,90-94 years,1,Number,2023,79477.55789254342,87747.3758737634,71178.46291628286
1,All Population,44,Population,98,Chile,3,Both,34,2-4 years,1,Number,2023,613763.5146173493,677626.9835510812,549673.9547989699
1,All Population,44,Population,90,Norway,3,Both,235,95+ years,1,Number,2023,11072.427735386515,11249.754443074675,10896.781474161384
1,All Population,44,Population,91,Portugal,3,Both,1,<5 years,1,Number,2023,421154.33038915176,454826.9814960493,385323.7255640618
1,All Population,44,Population,91,Portugal,3,Both,6,5-9 years,1,Number,2023,431488.84792526346,465987.7771403074,394779.0119319881
1,All Population,44,Population,91,Portugal,3,Both,7,10-14 years,1,Number,2023,475693.49808627635,513726.7320793309,435222.8569983768
1,All Population,44,Population,91,Portugal,3,Both,8,15-19 years,1,Number,2023,537857.5930311808,580861.047509732,492098.20869749255
1,All Population,44,Population,91,Portugal,3,Both,9,20-24 years,1,Number,2023,577982.1939661811,624193.7400885706,528809.123446391
1,All Population,44,Population,91,Portugal,3,Both,10,25-29 years,1,Number,2023,557076.6607418555,601616.7418556439,509682.1731442129
1,All Population,44,Population,91,Portugal,3,Both,11,30-34 years,1,Number,2023,575779.5467046413,621814.9840531263,526793.8711085229
1,All Population,44,Population,91,Portugal,3,Both,12,35-39 years,1,Number,2023,623687.2287116579,673553.0402131807,570625.7046718269
1,All Population,44,Population,91,Portugal,3,Both,13,40-44 years,1,Number,2023,737639.5920677725,796616.2636441551,674883.3271558121
1,All Population,44,Population,91,Portugal,3,Both,14,45-49 years,1,Number,2023,841802.094620639,909106.8952314379,770183.9821690472
1,All Population,44,Population,91,Portugal,3,Both,15,50-54 years,1,Number,2023,789065.8349991307,852154.201056646,721934.3725523141
1,All Population,44,Population,91,Portugal,3,Both,16,55-59 years,1,Number,2023,765381.514648101,826576.2426771356,700265.0463775629
1,All Population,44,Population,91,Portugal,3,Both,17,60-64 years,1,Number,2023,724205.2267486348,782107.7773589194,662591.9191805562
1,All Population,44,Population,91,Portugal,3,Both,18,65-69 years,1,Number,2023,659041.2751082374,711733.7569859832,602971.9300061528
1,All Population,44,Population,91,Portugal,3,Both,19,70-74 years,1,Number,2023,601076.7666163805,649134.7985307944,549938.8759664757
1,All Population,44,Population,91,Portugal,3,Both,20,75-79 years,1,Number,2023,491708.4543647852,531022.135919094,449875.30664142926
1,All Population,44,Population,91,Portugal,3,Both,21,80+ years,1,Number,2023,727211.7994041465,785354.7352242023,665342.7012412092
1,All Population,44,Population,91,Portugal,3,Both,23,5-14 years,1,Number,2023,907182.3460115398,979714.5092196383,830001.8689303647
1,All Population,44,Population,91,Portugal,3,Both,24,15-49 years,1,Number,2023,4451824.909843928,4807762.7125958465,4073076.3903933056
1,All Population,44,Population,91,Portugal,3,Both,25,50-69 years,1,Number,2023,2937693.8515041037,3172571.9780786843,2687763.268116587
1,All Population,44,Population,91,Portugal,3,Both,26,70+ years,1,Number,2023,1819997.0203853124,1965511.669674091,1665156.8838491149
1,All Population,44,Population,91,Portugal,3,Both,28,<1 year,1,Number,2023,85077.10560642385,91879.29541561495,77838.98900477454
1,All Population,44,Population,91,Portugal,3,Both,30,80-84 years,1,Number,2023,357252.4223915881,385815.90923777677,326858.40897211013
1,All Population,44,Population,91,Portugal,3,Both,31,85-89 years,1,Number,2023,243303.87041202342,262756.80191523687,222604.27360366852
1,All Population,44,Population,91,Portugal,3,Both,32,90-94 years,1,Number,2023,96648.1724344068,104375.50646774311,88425.6225905893
1,All Population,44,Population,91,Portugal,3,Both,34,2-4 years,1,Number,2023,252476.19664732256,272662.48530460935,230996.24457974444
1,All Population,44,Population,101,Canada,3,Both,13,40-44 years,1,Number,2023,2557002.5076080654,2767717.7724564546,2347767.162109172
1,All Population,44,Population,101,Canada,3,Both,14,45-49 years,1,Number,2023,2386818.36839609,2583509.244977221,2191508.9134899904
1,All Population,44,Population,101,Canada,3,Both,15,50-54 years,1,Number,2023,2390096.3943511564,2587057.403677659,2194518.703926624
1,All Population,44,Population,101,Canada,3,Both,16,55-59 years,1,Number,2023,2530944.696288282,2739512.6114186784,2323841.618997268
1,All Population,44,Population,101,Canada,3,Both,17,60-64 years,1,Number,2023,2653791.3160277563,2872482.6698083356,2436635.900169188
1,All Population,44,Population,101,Canada,3,Both,18,65-69 years,1,Number,2023,2370428.9601898207,2565769.2325065383,2176460.6238310663
1,All Population,44,Population,101,Canada,3,Both,19,70-74 years,1,Number,2023,1922756.734015184,2081205.6183011958,1765420.6859061313
1,All Population,44,Population,101,Canada,3,Both,20,75-79 years,1,Number,2023,1459898.0785350895,1580204.1045772538,1340436.9994213257
1,All Population,44,Population,101,Canada,3,Both,21,80+ years,1,Number,2023,1807275.8902120702,1956208.3283802203,1659389.4512370548
1,All Population,44,Population,101,Canada,3,Both,23,5-14 years,1,Number,2023,4321507.723363269,4677630.817401481,3967885.7934341156
1,All Population,44,Population,101,Canada,3,Both,24,15-49 years,1,Number,2023,17090359.0411022,18498726.65943068,15691882.829981772
1,All Population,44,Population,101,Canada,3,Both,25,50-69 years,1,Number,2023,9945261.366857016,10764821.917411208,9131456.846924147
1,All Population,44,Population,101,Canada,3,Both,26,70+ years,1,Number,2023,5189930.702762343,5617618.05125867,4765247.136564512
1,All Population,44,Population,101,Canada,3,Both,28,<1 year,1,Number,2023,354435.9269119636,383643.97813163267,325433.012990687
1,All Population,44,Population,101,Canada,3,Both,30,80-84 years,1,Number,2023,920631.5094281235,996498.1195545198,845297.7342835091
1,All Population,44,Population,101,Canada,3,Both,31,85-89 years,1,Number,2023,542733.7510811909,587458.8875489733,498322.7332650169
1,All Population,44,Population,101,Canada,3,Both,32,90-94 years,1,Number,2023,257263.53238056772,278463.8844334538,236212.0770449734
1,All Population,44,Population,101,Canada,3,Both,34,2-4 years,1,Number,2023,1140295.513128783,1234264.005666214,1046986.9907669782
1,All Population,44,Population,99,Uruguay,3,Both,30,80-84 years,1,Number,2023,76803.89306391703,87507.88447429698,65635.47458011821
1,All Population,44,Population,99,Uruguay,3,Both,31,85-89 years,1,Number,2023,46983.317603523625,53531.280317350436,40151.25048009412
1,All Population,44,Population,99,Uruguay,3,Both,32,90-94 years,1,Number,2023,20520.900882941954,23380.85417465165,17536.85932485946
1,All Population,44,Population,99,Uruguay,3,Both,34,2-4 years,1,Number,2023,109858.80055240986,125169.58247448012,93883.71114286104
1,All Population,44,Population,298,American Samoa,3,Both,1,<5 years,1,Number,2023,3651.119425222059,3972.5754738147466,3336.9217326987314
1,All Population,44,Population,298,American Samoa,3,Both,6,5-9 years,1,Number,2023,4648.288725357021,5057.5386984061315,4248.279462006084
1,All Population,44,Population,298,American Samoa,3,Both,7,10-14 years,1,Number,2023,5296.628855916612,5762.960735154283,4840.82657424234
1,All Population,44,Population,298,American Samoa,3,Both,8,15-19 years,1,Number,2023,4839.467650202233,5265.549617661169,4423.006452512884
1,All Population,44,Population,305,Bermuda,3,Both,6,5-9 years,1,Number,2023,2620.4987873315763,2899.238437506579,2332.548351872994
1,All Population,44,Population,305,Bermuda,3,Both,7,10-14 years,1,Number,2023,2967.2544194491416,3282.8780949325806,2641.2011480920387
1,All Population,44,Population,305,Bermuda,3,Both,8,15-19 years,1,Number,2023,3083.738259614523,3411.7521964541984,2744.8852981138257
1,All Population,44,Population,305,Bermuda,3,Both,9,20-24 years,1,Number,2023,2946.6809824029997,3260.1162834163324,2622.8883990435233
1,All Population,44,Population,305,Bermuda,3,Both,10,25-29 years,1,Number,2023,3267.799847384321,3615.392218235733,2908.721494211726
1,All Population,44,Population,44,Bosnia and Herzegovina,3,Both,26,70+ years,1,Number,2023,396411.70171901665,443914.4411207096,348311.7627600592
1,All Population,44,Population,44,Bosnia and Herzegovina,3,Both,28,<1 year,1,Number,2023,25995.298784915663,29110.36299339929,22841.07230937991
1,All Population,44,Population,45,Bulgaria,3,Both,24,15-49 years,1,Number,2023,2823896.108940761,3042009.242743693,2569195.6231815587
1,All Population,44,Population,45,Bulgaria,3,Both,25,50-69 years,1,Number,2023,2009595.4015636533,2164813.2756643486,1828340.5305586027
1,All Population,44,Population,45,Bulgaria,3,Both,26,70+ years,1,Number,2023,1109699.8186722076,1195411.2243662118,1009610.7672485956
1,All Population,44,Population,45,Bulgaria,3,Both,28,<1 year,1,Number,2023,57200.94956484466,61619.05769799817,52041.726605499185
1,All Population,44,Population,45,Bulgaria,3,Both,30,80-84 years,1,Number,2023,166803.13601986817,179686.73843366123,151758.37582635146
1,All Population,44,Population,45,Bulgaria,3,Both,31,85-89 years,1,Number,2023,95309.83842228384,102671.41503082735,86713.39534956313
1,All Population,44,Population,45,Bulgaria,3,Both,32,90-94 years,1,Number,2023,30039.651054686554,32359.8647513377,27330.233490973304
1,All Population,44,Population,45,Bulgaria,3,Both,34,2-4 years,1,Number,2023,186317.97319710779,200708.8698342632,169513.0779572564
1,All Population,44,Population,217,Sierra Leone,3,Both,6,5-9 years,1,Number,2023,973911.0814985968,1051015.0029286048,898891.1912908772
1,All Population,44,Population,217,Sierra Leone,3,Both,7,10-14 years,1,Number,2023,869435.9205590825,938268.6098884428,802463.7004641785
1,All Population,44,Population,217,Sierra Leone,3,Both,8,15-19 years,1,Number,2023,862661.5678517286,930957.9359821525,796211.1728042942
1,All Population,44,Population,217,Sierra Leone,3,Both,9,20-24 years,1,Number,2023,834398.85894283,900457.6863690678,770125.5264215305
1,All Population,44,Population,217,Sierra Leone,3,Both,10,25-29 years,1,Number,2023,735034.6040030811,793226.8265088403,678415.2510264867
1,All Population,44,Population,217,Sierra Leone,3,Both,11,30-34 years,1,Number,2023,612674.7237824589,661179.7923273051,565480.6920229268
1,All Population,44,Population,217,Sierra Leone,3,Both,12,35-39 years,1,Number,2023,507447.02913054265,547621.2879589434,468358.6347844909
1,All Population,44,Population,217,Sierra Leone,3,Both,13,40-44 years,1,Number,2023,415382.1021059922,448267.6391664493,383385.42367586977
1,All Population,44,Population,217,Sierra Leone,3,Both,14,45-49 years,1,Number,2023,324043.1140798666,349697.4015015722,299082.232842708
1,All Population,44,Population,217,Sierra Leone,3,Both,15,50-54 years,1,Number,2023,240512.38708513428,259553.59993202044,221985.8365452641
1,All Population,44,Population,217,Sierra Leone,3,Both,16,55-59 years,1,Number,2023,173896.22539356322,187663.4790519657,160501.08492910923
1,All Population,44,Population,217,Sierra Leone,3,Both,17,60-64 years,1,Number,2023,123209.64452197975,132964.07378263053,113718.86637994625
1,All Population,44,Population,217,Sierra Leone,3,Both,18,65-69 years,1,Number,2023,87994.41339220753,94960.8751825719,81216.24713351953
1,All Population,44,Population,217,Sierra Leone,3,Both,19,70-74 years,1,Number,2023,63065.50085014183,68058.3564761515,58207.596427910124
1,All Population,44,Population,218,Togo,3,Both,16,55-59 years,1,Number,2023,233067.28971587837,250782.1961862477,216255.7135894656
1,All Population,44,Population,218,Togo,3,Both,17,60-64 years,1,Number,2023,174400.3066782468,187656.07124724792,161820.48891074592
1,All Population,44,Population,218,Togo,3,Both,18,65-69 years,1,Number,2023,121486.15675594257,130720.03898368758,112723.13481881183
1,All Population,44,Population,218,Togo,3,Both,19,70-74 years,1,Number,2023,87184.67609095601,93811.3819855649,80895.88360983809
1,All Population,44,Population,218,Togo,3,Both,20,75-79 years,1,Number,2023,48941.026239229155,52660.92062444614,45410.81919332163
1,All Population,44,Population,218,Togo,3,Both,21,80+ years,1,Number,2023,46135.76679413819,49642.4398871031,42807.90831792045
1,All Population,44,Population,218,Togo,3,Both,23,5-14 years,1,Number,2023,2133815.912498714,2296002.3323990833,1979899.810859338
1,All Population,44,Population,218,Togo,3,Both,24,15-49 years,1,Number,2023,4270545.554074561,4595139.8596937945,3962503.178110266
1,All Population,44,Population,218,Togo,3,Both,25,50-69 years,1,Number,2023,826432.9798290447,889248.2421489839,766820.8353247204
1,All Population,44,Population,218,Togo,3,Both,26,70+ years,1,Number,2023,182261.46912432337,196114.74249711414,169114.61112108018
1,All Population,44,Population,218,Togo,3,Both,28,<1 year,1,Number,2023,229521.21873592644,246966.59654003064,212965.42728998853
1,All Population,44,Population,218,Togo,3,Both,30,80-84 years,1,Number,2023,28273.80554262793,30422.832209388624,26234.3634791675
1,All Population,44,Population,218,Togo,3,Both,31,85-89 years,1,Number,2023,11410.431207142417,12277.71173315499,10587.37562903912
1,All Population,44,Population,218,Togo,3,Both,32,90-94 years,1,Number,2023,4857.963762785332,5227.206369927223,4507.5498213138335
1,All Population,44,Population,218,Togo,3,Both,34,2-4 years,1,Number,2023,684020.3844797038,736011.1942997164,634680.724762902
1,All Population,44,Population,155,Türkiye,3,Both,19,70-74 years,1,Number,2023,2383635.007432411,2568635.9780872627,2195335.3725667624
1,All Population,44,Population,155,Türkiye,3,Both,20,75-79 years,1,Number,2023,1551494.7013454721,1671910.79895261,1428931.5216437133
1,All Population,44,Population,156,United Arab Emirates,3,Both,17,60-64 years,1,Number,2023,232641.95333323895,274774.0313532084,189782.66501297458
1,All Population,44,Population,156,United Arab Emirates,3,Both,18,65-69 years,1,Number,2023,190881.56099637607,225450.7206223404,155715.7289503943
1,All Population,44,Population,156,United Arab Emirates,3,Both,19,70-74 years,1,Number,2023,57360.56055660768,67748.71100846725,46793.10800609479
1,All Population,44,Population,156,United Arab Emirates,3,Both,20,75-79 years,1,Number,2023,24908.439919364784,29419.424799788154,20319.59430138265
1,All Population,44,Population,156,United Arab Emirates,3,Both,21,80+ years,1,Number,2023,11755.053689259776,13883.925253776773,9589.437264235587
1,All Population,44,Population,156,United Arab Emirates,3,Both,23,5-14 years,1,Number,2023,972258.3026556876,1148336.8735073358,793140.5712308574
1,All Population,44,Population,156,United Arab Emirates,3,Both,24,15-49 years,1,Number,2023,6795793.483555597,8026529.8024113625,5543814.345212158
1,All Population,44,Population,156,United Arab Emirates,3,Both,25,50-69 years,1,Number,2023,1832790.8666713643,2164714.179223144,1495138.473971169
1,All Population,44,Population,156,United Arab Emirates,3,Both,26,70+ years,1,Number,2023,94024.05416523224,111052.06106203217,76702.139571713
1,All Population,44,Population,156,United Arab Emirates,3,Both,28,<1 year,1,Number,2023,76927.71045422333,90859.52392258919,62755.43036915792
1,All Population,44,Population,156,United Arab Emirates,3,Both,30,80-84 years,1,Number,2023,7742.19119299241,9144.32266031822,6315.858582658091
1,All Population,44,Population,156,United Arab Emirates,3,Both,31,85-89 years,1,Number,2023,3257.5935122554765,3847.552382739584,2657.4518027677227
1,All Population,44,Population,156,United Arab Emirates,3,Both,32,90-94 years,1,Number,2023,661.6965247767063,781.5315296328646,539.7931374917015
1,All Population,44,Population,156,United Arab Emirates,3,Both,34,2-4 years,1,Number,2023,277727.37905899464,328024.547884921,226562.068404684
1,All Population,44,Population,163,India,3,Both,23,5-14 years,1,Number,2023,252590875.39265862,288093375.0805704,214899900.52918416
1,All Population,44,Population,163,India,3,Both,24,15-49 years,1,Number,2023,797582573.8253704,909685495.3355038,678569309.015762
1,All Population,44,Population,163,India,3,Both,25,50-69 years,1,Number,2023,219668332.11767358,250543457.27937394,186889976.32284173
1,All Population,44,Population,163,India,3,Both,26,70+ years,1,Number,2023,63508904.212681524,72435294.95615283,54032265.32552496
1,All Population,44,Population,163,India,3,Both,28,<1 year,1,Number,2023,21050821.52588588,24009585.509308744,17909670.905325055
1,All Population,44,Population,163,India,3,Both,30,80-84 years,1,Number,2023,10128411.568440523,11551993.984031029,8617075.47904467
1,All Population,44,Population,163,India,3,Both,31,85-89 years,1,Number,2023,4512028.416108014,5146209.231965703,3838754.8889054065
1,All Population,44,Population,163,India,3,Both,32,90-94 years,1,Number,2023,1345506.869359925,1534622.3991084802,1144733.7198435704
1,All Population,44,Population,163,India,3,Both,34,2-4 years,1,Number,2023,67533051.44927277,77025049.66288368,57455939.43692711
1,All Population,44,Population,162,Bhutan,3,Both,1,<5 years,1,Number,2023,50915.50747097205,56009.307476936374,45510.988730704375
1,All Population,44,Population,162,Bhutan,3,Both,6,5-9 years,1,Number,2023,55089.323316936396,60600.689291249146,49241.7673355924
1,All Population,44,Population,162,Bhutan,3,Both,7,10-14 years,1,Number,2023,63976.62860728978,70377.11771892603,57185.713512426606
1,All Population,44,Population,162,Bhutan,3,Both,8,15-19 years,1,Number,2023,66044.1065282729,72651.43476553781,59033.73524561836
1,All Population,44,Population,162,Bhutan,3,Both,9,20-24 years,1,Number,2023,66675.6592921883,73346.17070551077,59598.250697767886
1,All Population,44,Population,162,Bhutan,3,Both,10,25-29 years,1,Number,2023,67471.27733907968,74221.3857045549,60309.41642633619
1,All Population,44,Population,162,Bhutan,3,Both,11,30-34 years,1,Number,2023,71226.25191505278,78352.02361901861,63665.81242629009
1,All Population,44,Population,162,Bhutan,3,Both,12,35-39 years,1,Number,2023,64604.89787303181,71068.2416658555,57747.29399926228
1,All Population,44,Population,162,Bhutan,3,Both,13,40-44 years,1,Number,2023,54075.1073681808,59485.00694330729,48335.207175298754
1,All Population,44,Population,162,Bhutan,3,Both,14,45-49 years,1,Number,2023,44676.45400550305,49146.073046606405,39934.190893245825
1,All Population,44,Population,162,Bhutan,3,Both,15,50-54 years,1,Number,2023,34604.76144153392,38066.76629610156,30931.576374687884
1,All Population,44,Population,162,Bhutan,3,Both,16,55-59 years,1,Number,2023,29143.488015576033,32059.124268680214,26049.999706012495
1,All Population,44,Population,162,Bhutan,3,Both,17,60-64 years,1,Number,2023,23748.49920785142,26124.398249524827,21227.671754737265
1,All Population,44,Population,162,Bhutan,3,Both,18,65-69 years,1,Number,2023,18944.875984680257,20840.20049772327,16933.937817175494
1,All Population,44,Population,162,Bhutan,3,Both,19,70-74 years,1,Number,2023,14035.738378715461,15439.93226361341,12545.88951205123
1,All Population,44,Population,162,Bhutan,3,Both,20,75-79 years,1,Number,2023,9761.05173768184,10737.58811862568,8724.947225297283
1,All Population,44,Population,162,Bhutan,3,Both,21,80+ years,1,Number,2023,11350.82258703395,12486.406283111171,10145.968969026648
1,All Population,44,Population,162,Bhutan,3,Both,23,5-14 years,1,Number,2023,119065.95192422617,130977.80701017518,106427.480848019
1,All Population,44,Population,162,Bhutan,3,Both,24,15-49 years,1,Number,2023,434773.75432130933,478270.3364503912,388623.9068638194
1,All Population,44,Population,162,Bhutan,3,Both,25,50-69 years,1,Number,2023,106441.62464964163,117090.48931202987,95143.18565261315
1,All Population,44,Population,162,Bhutan,3,Both,26,70+ years,1,Number,2023,35147.61270343125,38663.92666535025,31416.805706375166
1,All Population,44,Population,162,Bhutan,3,Both,28,<1 year,1,Number,2023,10138.156308964637,11152.419806122422,9062.02334898579
1,All Population,44,Population,162,Bhutan,3,Both,30,80-84 years,1,Number,2023,6393.913355866467,7033.587150904579,5715.21984436353
1,All Population,44,Population,162,Bhutan,3,Both,31,85-89 years,1,Number,2023,3413.413504426629,3754.9056468573003,3051.0905468586625
1,All Population,44,Population,162,Bhutan,3,Both,32,90-94 years,1,Number,2023,1263.107259211057,1389.4737845407128,1129.0324518988407
1,All Population,44,Population,162,Bhutan,3,Both,34,2-4 years,1,Number,2023,30659.502566383868,33726.80724648644,27405.09414706731
1,All Population,44,Population,152,Saudi Arabia,3,Both,18,65-69 years,1,Number,2023,387519.83466265723,416534.4705692696,359333.6209750757
1,All Population,44,Population,152,Saudi Arabia,3,Both,19,70-74 years,1,Number,2023,214602.8601364297,230670.74439530005,198993.74407908725
1,All Population,44,Population,152,Saudi Arabia,3,Both,20,75-79 years,1,Number,2023,136611.18842381585,146839.6297533729,126674.78825895692
1,All Population,44,Population,152,Saudi Arabia,3,Both,21,80+ years,1,Number,2023,92068.9600440138,98962.40681765562,85372.33409181438
1,All Population,44,Population,152,Saudi Arabia,3,Both,23,5-14 years,1,Number,2023,5520240.676935862,5933555.710210466,5118726.562277855
1,All Population,44,Population,152,Saudi Arabia,3,Both,24,15-49 years,1,Number,2023,20936824.204349242,22504419.658808395,19413986.53727387
1,All Population,44,Population,152,Saudi Arabia,3,Both,25,50-69 years,1,Number,2023,3549440.3165522655,3815196.3095239955,3291272.155119315
1,All Population,44,Population,152,Saudi Arabia,3,Both,26,70+ years,1,Number,2023,443283.00860425935,476472.7809663286,411040.8664298586
1,All Population,44,Population,152,Saudi Arabia,3,Both,28,<1 year,1,Number,2023,415723.0845061457,446849.3723913062,385485.5104605457
1,All Population,44,Population,152,Saudi Arabia,3,Both,30,80-84 years,1,Number,2023,62464.69995456317,67141.5974036322,57921.33669063463
1,All Population,44,Population,152,Saudi Arabia,3,Both,31,85-89 years,1,Number,2023,21449.625234915864,23055.615460077206,19889.489039781027
1,All Population,44,Population,152,Saudi Arabia,3,Both,32,90-94 years,1,Number,2023,6770.7272732696865,7277.669548438398,6278.2591499003465
1,All Population,44,Population,152,Saudi Arabia,3,Both,34,2-4 years,1,Number,2023,1656527.0100214628,1780555.5726035098,1536039.6952899187
1,All Population,44,Population,153,Syrian Arab Republic,3,Both,30,80-84 years,1,Number,2023,111691.99481825311,132323.06907530656,90889.4899355336
1,All Population,44,Population,153,Syrian Arab Republic,3,Both,31,85-89 years,1,Number,2023,41878.67492246731,49614.25215446449,34078.820143491896
1,All Population,44,Population,153,Syrian Arab Republic,3,Both,32,90-94 years,1,Number,2023,9001.616753884544,10664.341320538793,7325.076042262739
1,All Population,44,Population,153,Syrian Arab Republic,3,Both,34,2-4 years,1,Number,2023,814254.4582054473,964658.6498282122,662600.5069069898
1,All Population,44,Population,92,Spain,3,Both,32,90-94 years,1,Number,2023,459022.6750796977,492452.80887669284,425955.53703302046
1,All Population,44,Population,92,Spain,3,Both,34,2-4 years,1,Number,2023,1104191.0042353836,1184608.0620694398,1024647.1421361719
1,All Population,44,Population,305,Bermuda,3,Both,11,30-34 years,1,Number,2023,3734.3032356815906,4131.517072449363,3323.9637048841482
1,All Population,44,Population,305,Bermuda,3,Both,12,35-39 years,1,Number,2023,4146.5051182970965,4587.564427963835,3690.871267132177
1,All Population,44,Population,305,Bermuda,3,Both,13,40-44 years,1,Number,2023,4542.400198770567,5025.570444252526,4043.2638810640287
1,All Population,44,Population,305,Bermuda,3,Both,14,45-49 years,1,Number,2023,4691.331342336685,5190.343234095479,4175.829900612333
1,All Population,44,Population,305,Bermuda,3,Both,15,50-54 years,1,Number,2023,4817.626595769287,5330.072378408228,4288.247348263045
1,All Population,44,Population,305,Bermuda,3,Both,16,55-59 years,1,Number,2023,4887.126835111237,5406.965283793338,4350.110635327153
1,All Population,44,Population,305,Bermuda,3,Both,17,60-64 years,1,Number,2023,5070.439969275851,5609.777239761095,4513.280620766357
1,All Population,44,Population,305,Bermuda,3,Both,18,65-69 years,1,Number,2023,4388.10423607771,4854.862185216568,3905.9225492459104
1,All Population,44,Population,305,Bermuda,3,Both,19,70-74 years,1,Number,2023,3390.6013214415375,3751.2559536018125,3018.0290723355893
1,All Population,44,Population,305,Bermuda,3,Both,20,75-79 years,1,Number,2023,2756.349763547618,3049.5397366036905,2453.4715029177382
1,All Population,44,Population,305,Bermuda,3,Both,21,80+ years,1,Number,2023,3336.0904507779296,3690.946819991867,2969.5080647548016
1,All Population,44,Population,305,Bermuda,3,Both,23,5-14 years,1,Number,2023,5587.753206780718,6182.116532439159,4973.7494999650335
1,All Population,44,Population,305,Bermuda,3,Both,24,15-49 years,1,Number,2023,26412.758984487784,29222.255876867468,23510.423945061768
1,All Population,44,Population,305,Bermuda,3,Both,25,50-69 years,1,Number,2023,19163.297636234085,21201.67708717923,17057.561153602463
1,All Population,44,Population,305,Bermuda,3,Both,26,70+ years,1,Number,2023,9483.041535767084,10491.742510197368,8441.00864000813
1,All Population,44,Population,305,Bermuda,3,Both,28,<1 year,1,Number,2023,450.0723913401485,497.9461097032574,400.6167145427363
1,All Population,44,Population,305,Bermuda,3,Both,30,80-84 years,1,Number,2023,1898.3789738119403,2100.3075126145677,1689.7778270313306
1,All Population,44,Population,305,Bermuda,3,Both,31,85-89 years,1,Number,2023,1080.5356703727552,1195.4710926737937,961.8022756783823
1,All Population,44,Population,305,Bermuda,3,Both,32,90-94 years,1,Number,2023,248.98855829029188,275.47320463736634,221.62874262065685
1,All Population,44,Population,305,Bermuda,3,Both,34,2-4 years,1,Number,2023,1460.663162991689,1616.0323396706094,1300.1599046520591
1,All Population,44,Population,367,Monaco,3,Both,30,80-84 years,1,Number,2023,1569.0039850434885,1747.850440871031,1392.6167884554538
1,All Population,44,Population,367,Monaco,3,Both,31,85-89 years,1,Number,2023,742.4441490897332,827.0733189199896,658.9786873512808
1,All Population,44,Population,44,Bosnia and Herzegovina,3,Both,157,25+ years,1,Number,2023,2397567.7765265787,2684872.7092325427,2106650.875736817
1,All Population,44,Population,44,Bosnia and Herzegovina,3,Both,158,<20 years,1,Number,2023,624191.23395482,698989.2113979632,548452.9040272529
1,All Population,44,Population,44,Bosnia and Herzegovina,3,Both,159,10-24 years,1,Number,2023,497055.16793062707,556618.1980028563,436743.31756642123
1,All Population,44,Population,44,Bosnia and Herzegovina,3,Both,162,10-19 years,1,Number,2023,326847.89051617583,366014.6711633027,287188.7091284487
1,All Population,44,Population,44,Bosnia and Herzegovina,3,Both,235,95+ years,1,Number,2023,2128.965333410114,2384.0831439834838,1870.6402079440954
1,All Population,44,Population,45,Bulgaria,3,Both,1,<5 years,1,Number,2023,302557.3034479219,325926.33653701236,275268.23572542495
1,All Population,44,Population,45,Bulgaria,3,Both,6,5-9 years,1,Number,2023,329924.8266081181,355407.6825896287,300167.35311783856
1,All Population,44,Population,45,Bulgaria,3,Both,7,10-14 years,1,Number,2023,350978.9227841637,378087.96284582024,319322.4812311847
1,All Population,44,Population,45,Bulgaria,3,Both,8,15-19 years,1,Number,2023,332411.73386424757,358086.6745097067,302429.95449948177
1,All Population,44,Population,45,Bulgaria,3,Both,9,20-24 years,1,Number,2023,292689.89677794656,315296.78745518206,266290.8169215291
1,All Population,44,Population,45,Bulgaria,3,Both,10,25-29 years,1,Number,2023,289353.2876031256,311702.4640248361,263255.15223787585
1,All Population,44,Population,45,Bulgaria,3,Both,11,30-34 years,1,Number,2023,398475.8757596938,429253.50307099574,362535.46038889367
1,All Population,44,Population,45,Bulgaria,3,Both,12,35-39 years,1,Number,2023,463530.5117730989,499332.8531609449,421722.51248480193
1,All Population,44,Population,45,Bulgaria,3,Both,13,40-44 years,1,Number,2023,493685.5558345214,531817.0236868216,449157.7311439311
1,All Population,44,Population,45,Bulgaria,3,Both,157,25+ years,1,Number,2023,5318089.698534428,5728850.280809364,4838426.1495677475
1,All Population,44,Population,45,Bulgaria,3,Both,158,<20 years,1,Number,2023,1315872.786704451,1417508.656482168,1197188.0245739298
1,All Population,44,Population,45,Bulgaria,3,Both,159,10-24 years,1,Number,2023,976080.5534263578,1051471.424810709,888043.2526521955
1,All Population,44,Population,45,Bulgaria,3,Both,162,10-19 years,1,Number,2023,683390.6566484112,736174.6373555268,621752.4357306665
1,All Population,44,Population,45,Bulgaria,3,Both,235,95+ years,1,Number,2023,4838.355259176085,5212.061935101439,4401.9612180192435
1,All Population,44,Population,46,Croatia,3,Both,1,<5 years,1,Number,2023,176101.54086416296,190114.955697078,161970.1808282079
1,All Population,44,Population,101,Canada,3,Both,157,25+ years,1,Number,2023,27844977.97413401,30139602.985669803,25566468.83325833
1,All Population,44,Population,101,Canada,3,Both,158,<20 years,1,Number,2023,8335950.9263448,9022892.805354154,7653833.655459856
1,All Population,44,Population,105,Antigua and Barbuda,3,Both,1,<5 years,1,Number,2023,5184.211347679847,5907.9976899873245,4420.187175868843
1,All Population,44,Population,105,Antigua and Barbuda,3,Both,6,5-9 years,1,Number,2023,5382.64642773086,6134.137003362061,4589.377846784785
1,All Population,44,Population,105,Antigua and Barbuda,3,Both,7,10-14 years,1,Number,2023,5903.707016431348,6727.944729924682,5033.647028259291
1,All Population,44,Population,105,Antigua and Barbuda,3,Both,8,15-19 years,1,Number,2023,6293.8921151528575,7172.604969894612,5366.328520952642
1,All Population,44,Population,105,Antigua and Barbuda,3,Both,9,20-24 years,1,Number,2023,6897.061179905937,7859.984631379254,5880.605425596114
1,All Population,44,Population,105,Antigua and Barbuda,3,Both,10,25-29 years,1,Number,2023,7289.955760093511,8307.732633241789,6215.597089389051
1,All Population,44,Population,37,Kyrgyzstan,3,Both,157,25+ years,1,Number,2023,3746504.0339837447,4021730.804506275,3470420.7709746906
1,All Population,44,Population,37,Kyrgyzstan,3,Both,158,<20 years,1,Number,2023,2968882.3285012892,3186983.2268115375,2750102.710674215
1,All Population,44,Population,37,Kyrgyzstan,3,Both,159,10-24 years,1,Number,2023,1889292.2327900862,2028083.96905607,1750068.5833091282
1,All Population,44,Population,37,Kyrgyzstan,3,Both,162,10-19 years,1,Number,2023,1354313.858538411,1453804.8576614219,1254513.2482062003
1,All Population,44,Population,37,Kyrgyzstan,3,Both,235,95+ years,1,Number,2023,1402.1566069889946,1505.1622440329945,1298.830421351447
1,All Population,44,Population,38,Mongolia,3,Both,1,<5 years,1,Number,2023,382299.73215818475,414774.01591525483,348520.42028842226
1,All Population,44,Population,298,American Samoa,3,Both,9,20-24 years,1,Number,2023,3537.9430597625965,3849.4347048401987,3233.4847782894503
1,All Population,44,Population,298,American Samoa,3,Both,10,25-29 years,1,Number,2023,2910.1226184441916,3166.3389753737874,2659.691530006295
1,All Population,44,Population,298,American Samoa,3,Both,11,30-34 years,1,Number,2023,3036.2289549555117,3303.5481107575283,2774.9457646469627
1,All Population,44,Population,298,American Samoa,3,Both,12,35-39 years,1,Number,2023,2983.58829172003,3246.2727978082958,2726.835102486557
1,All Population,44,Population,298,American Samoa,3,Both,13,40-44 years,1,Number,2023,3125.8851703050577,3401.0979415607203,2856.8865993960817
1,All Population,44,Population,298,American Samoa,3,Both,14,45-49 years,1,Number,2023,3263.2102667353283,3550.513571805398,2982.3941616953475
1,All Population,44,Population,298,American Samoa,3,Both,15,50-54 years,1,Number,2023,3071.2860248012494,3341.6917153985946,2806.985992486365
1,All Population,44,Population,298,American Samoa,3,Both,16,55-59 years,1,Number,2023,2883.6735981757583,3137.561300094537,2635.518584598748
1,All Population,44,Population,298,American Samoa,3,Both,17,60-64 years,1,Number,2023,2130.5294313627946,2318.107949798865,1947.1863649698037
1,All Population,44,Population,298,American Samoa,3,Both,18,65-69 years,1,Number,2023,1538.4560086091035,1673.9065189498008,1406.06391959267
1,All Population,44,Population,298,American Samoa,3,Both,19,70-74 years,1,Number,2023,1047.4757163726492,1139.6987760884974,957.3350184855924
1,All Population,44,Population,298,American Samoa,3,Both,20,75-79 years,1,Number,2023,559.8162263889826,609.104209364814,511.64114743827497
1,All Population,44,Population,298,American Samoa,3,Both,21,80+ years,1,Number,2023,459.69547280267597,500.168509434204,420.1363020397979
1,All Population,44,Population,101,Canada,3,Both,159,10-24 years,1,Number,2023,6598987.660746187,7142791.363921325,6059003.261422789
1,All Population,44,Population,101,Canada,3,Both,162,10-19 years,1,Number,2023,4377531.799289905,4738271.67722318,4019325.5105860177
1,All Population,44,Population,101,Canada,3,Both,235,95+ years,1,Number,2023,86647.09732218801,93787.43684327364,79556.90664355487
1,All Population,44,Population,45,Bulgaria,3,Both,14,45-49 years,1,Number,2023,553749.2473281273,596519.9368352059,503803.99550504575
1,All Population,44,Population,45,Bulgaria,3,Both,15,50-54 years,1,Number,2023,538592.7694202885,580192.7972718526,490014.55170065816
1,All Population,44,Population,45,Bulgaria,3,Both,16,55-59 years,1,Number,2023,479338.9179283984,516362.27484724973,436105.084058551
1,All Population,44,Population,45,Bulgaria,3,Both,17,60-64 years,1,Number,2023,494892.2744942937,533116.9473294782,450255.6101662091
1,All Population,44,Population,45,Bulgaria,3,Both,18,65-69 years,1,Number,2023,496771.4397206726,535141.2562157676,451965.28463318467
1,All Population,44,Population,45,Bulgaria,3,Both,19,70-74 years,1,Number,2023,460947.2287038814,496550.0415170242,419372.2278784174
1,All Population,44,Population,45,Bulgaria,3,Both,20,75-79 years,1,Number,2023,351761.60921231157,378931.1026982594,320034.573485271
1,All Population,44,Population,45,Bulgaria,3,Both,21,80+ years,1,Number,2023,296990.98075601464,319930.08015092765,270203.9658849072
1,All Population,44,Population,45,Bulgaria,3,Both,23,5-14 years,1,Number,2023,680903.7493922818,733495.645435449,619489.8343490232
1,All Population,44,Population,46,Croatia,3,Both,21,80+ years,1,Number,2023,215359.780267864,232497.19953409806,198078.1223261152
1,All Population,44,Population,46,Croatia,3,Both,23,5-14 years,1,Number,2023,378098.82488527294,408186.32812320336,347758.0873914045
1,All Population,44,Population,46,Croatia,3,Both,24,15-49 years,1,Number,2023,1617155.7855805494,1745842.1943512098,1487386.2757390991
1,All Population,44,Population,46,Croatia,3,Both,25,50-69 years,1,Number,2023,1101893.3347265043,1189577.3397918397,1013471.3291163981
1,All Population,44,Population,46,Croatia,3,Both,26,70+ years,1,Number,2023,615357.3863833912,664324.9211566416,565977.7118212271
1,All Population,44,Population,46,Croatia,3,Both,28,<1 year,1,Number,2023,33724.13848559602,36407.762604739124,31017.92739565462
1,All Population,44,Population,46,Croatia,3,Both,30,80-84 years,1,Number,2023,120312.29407426543,129886.23691479312,110657.77125764458
1,All Population,44,Population,46,Croatia,3,Both,31,85-89 years,1,Number,2023,68964.0578229084,74451.92548205065,63430.00101764925
1,All Population,44,Population,46,Croatia,3,Both,32,90-94 years,1,Number,2023,21805.073221435625,23540.22860403255,20055.313742952974
1,All Population,44,Population,46,Croatia,3,Both,34,2-4 years,1,Number,2023,107523.54131620975,116079.80937254883,98895.2586377959
1,All Population,44,Population,367,Monaco,3,Both,32,90-94 years,1,Number,2023,323.4992958983563,360.37409232057377,287.1315527659941
1,All Population,44,Population,367,Monaco,3,Both,34,2-4 years,1,Number,2023,976.6728932773199,1088.0011544739534,866.8754706634211
1,All Population,44,Population,165,Pakistan,3,Both,157,25+ years,1,Number,2023,103033259.19515048,110460205.63312775,96055360.5263084
1,All Population,44,Population,165,Pakistan,3,Both,158,<20 years,1,Number,2023,119556011.04746424,128173967.00968361,111459113.62951443
1,All Population,44,Population,165,Pakistan,3,Both,159,10-24 years,1,Number,2023,75846143.16158557,81313360.71044835,70709484.32405807
1,All Population,44,Population,165,Pakistan,3,Both,162,10-19 years,1,Number,2023,54484777.188057356,58412203.39025474,50794810.88802406
1,All Population,44,Population,105,Antigua and Barbuda,3,Both,11,30-34 years,1,Number,2023,7042.330848124385,8025.535919068156,6004.46594775428
1,All Population,44,Population,105,Antigua and Barbuda,3,Both,12,35-39 years,1,Number,2023,6858.5392773607,7816.084547839444,5847.760696050756
1,All Population,44,Population,105,Antigua and Barbuda,3,Both,13,40-44 years,1,Number,2023,6571.674932651919,7489.170042967318,5603.1730408304
1,All Population,44,Population,105,Antigua and Barbuda,3,Both,14,45-49 years,1,Number,2023,6465.657756525823,7368.351428592681,5512.780166985833
1,All Population,44,Population,105,Antigua and Barbuda,3,Both,15,50-54 years,1,Number,2023,6257.214832095451,7130.807039786083,5335.056559733581
1,All Population,44,Population,105,Antigua and Barbuda,3,Both,16,55-59 years,1,Number,2023,5704.487865432757,6500.911878644869,4863.787839006609
1,All Population,44,Population,105,Antigua and Barbuda,3,Both,17,60-64 years,1,Number,2023,4866.526468869389,5545.959685692596,4149.321168850459
1,All Population,44,Population,105,Antigua and Barbuda,3,Both,18,65-69 years,1,Number,2023,3651.024429817337,4160.75704689426,3112.953982997815
1,All Population,44,Population,105,Antigua and Barbuda,3,Both,19,70-74 years,1,Number,2023,2626.6941153886696,2993.416302937715,2239.584551074935
1,All Population,44,Population,105,Antigua and Barbuda,3,Both,20,75-79 years,1,Number,2023,1849.4271125541063,2107.6322657369315,1576.8674263780506
1,All Population,44,Population,105,Antigua and Barbuda,3,Both,21,80+ years,1,Number,2023,1975.771764687157,2251.616347959656,1684.592010436156
1,All Population,44,Population,105,Antigua and Barbuda,3,Both,23,5-14 years,1,Number,2023,11286.353444162207,12862.081733286745,9623.024875044077
1,All Population,44,Population,105,Antigua and Barbuda,3,Both,24,15-49 years,1,Number,2023,47419.11186981513,54039.464172983244,40430.71088755907
1,All Population,44,Population,105,Antigua and Barbuda,3,Both,25,50-69 years,1,Number,2023,20479.253596214934,23338.43565101781,17461.11955058846
1,All Population,44,Population,105,Antigua and Barbuda,3,Both,26,70+ years,1,Number,2023,6451.892992629933,7352.664916634303,5501.043987889139
1,All Population,44,Population,106,Bahamas,3,Both,23,5-14 years,1,Number,2023,59167.258418091995,64026.71026445086,54597.64573170603
1,All Population,44,Population,106,Bahamas,3,Both,24,15-49 years,1,Number,2023,226492.19060633247,245094.16614575117,208999.71900576274
1,All Population,44,Population,106,Bahamas,3,Both,25,50-69 years,1,Number,2023,85224.5295142028,92224.08481514986,78642.45859066154
1,All Population,44,Population,106,Bahamas,3,Both,26,70+ years,1,Number,2023,20868.76281314962,22582.730143983,19257.024060167478
1,All Population,44,Population,106,Bahamas,3,Both,28,<1 year,1,Number,2023,3971.4239038267547,4297.599963662975,3664.7024240903534
1,All Population,44,Population,106,Bahamas,3,Both,30,80-84 years,1,Number,2023,3644.5757962612133,3943.9075729203287,3363.097488150219
1,All Population,44,Population,106,Bahamas,3,Both,31,85-89 years,1,Number,2023,1722.2784191770504,1863.7304530852975,1589.2632090054447
1,All Population,44,Population,106,Bahamas,3,Both,32,90-94 years,1,Number,2023,535.4858885189303,579.4657510177942,494.1291791668448
1,All Population,44,Population,106,Bahamas,3,Both,34,2-4 years,1,Number,2023,13046.229100563336,14117.72579967975,12038.641194661604
1,All Population,44,Population,46,Croatia,3,Both,6,5-9 years,1,Number,2023,181113.96624919586,195526.24866665792,166580.38152274874
1,All Population,44,Population,46,Croatia,3,Both,7,10-14 years,1,Number,2023,196984.85863607712,212660.0794565454,181177.70586865576
1,All Population,44,Population,46,Croatia,3,Both,8,15-19 years,1,Number,2023,195613.59582457898,211179.69735779866,179916.48075698756
1,All Population,44,Population,46,Croatia,3,Both,9,20-24 years,1,Number,2023,196548.0591751294,212188.52134433875,180775.95760837253
1,All Population,44,Population,46,Croatia,3,Both,10,25-29 years,1,Number,2023,220262.04678358254,237789.5676580658,202587.0039072905
1,All Population,44,Population,46,Croatia,3,Both,11,30-34 years,1,Number,2023,220360.3367717632,237895.6791472483,202677.40656408208
1,All Population,44,Population,46,Croatia,3,Both,12,35-39 years,1,Number,2023,248482.30917838198,268255.47902158764,228542.7166209622
1,All Population,44,Population,46,Croatia,3,Both,13,40-44 years,1,Number,2023,270676.40984585154,292215.6922282804,248955.8400995487
1,All Population,44,Population,46,Croatia,3,Both,14,45-49 years,1,Number,2023,265213.0280012617,286317.5575938901,243930.8701818559
1,All Population,44,Population,46,Croatia,3,Both,15,50-54 years,1,Number,2023,256627.7715074297,277049.122746793,236034.54207513513
1,All Population,44,Population,46,Croatia,3,Both,16,55-59 years,1,Number,2023,275853.0145879894,297804.22925290506,253717.0454930152
1,All Population,44,Population,46,Croatia,3,Both,17,60-64 years,1,Number,2023,285000.788856054,307679.9446564486,262130.75184165497
1,All Population,44,Population,46,Croatia,3,Both,18,65-69 years,1,Number,2023,284411.7597750312,307044.04313569295,261588.98970659266
1,All Population,44,Population,46,Croatia,3,Both,19,70-74 years,1,Number,2023,241821.59974848694,261064.73854332932,222416.49929480936
1,All Population,44,Population,46,Croatia,3,Both,20,75-79 years,1,Number,2023,158176.00636704022,170762.98307921406,145483.09020030245
1,All Population,44,Population,47,Czechia,3,Both,17,60-64 years,1,Number,2023,603883.6670714571,649723.4352321776,556776.4034418337
1,All Population,44,Population,47,Czechia,3,Both,18,65-69 years,1,Number,2023,633730.5215750682,681835.913009568,584294.9889090671
1,All Population,44,Population,47,Czechia,3,Both,19,70-74 years,1,Number,2023,607172.9248932779,653262.3749450559,559809.075527349
1,All Population,44,Population,47,Czechia,3,Both,20,75-79 years,1,Number,2023,494898.9217764069,532465.8457954607,456293.25109947665
1,All Population,44,Population,47,Czechia,3,Both,21,80+ years,1,Number,2023,490703.14532965614,527951.575191539,452424.7753531516
1,All Population,44,Population,47,Czechia,3,Both,23,5-14 years,1,Number,2023,1182661.5146311827,1272435.3114722304,1090405.4216248645
1,All Population,44,Population,47,Czechia,3,Both,24,15-49 years,1,Number,2023,4854226.394346087,5222702.351968145,4475561.868469317
1,All Population,44,Population,47,Czechia,3,Both,25,50-69 years,1,Number,2023,2700384.2270745286,2905365.738686293,2489734.8609425183
1,All Population,44,Population,47,Czechia,3,Both,26,70+ years,1,Number,2023,1592774.991999341,1713679.795932056,1468527.1019799772
1,All Population,44,Population,47,Czechia,3,Both,28,<1 year,1,Number,2023,106168.18734210476,114227.2314248952,97886.30614061834
1,All Population,44,Population,47,Czechia,3,Both,30,80-84 years,1,Number,2023,288191.00570304244,310067.08814702934,265710.0372291375
1,All Population,44,Population,47,Czechia,3,Both,31,85-89 years,1,Number,2023,136616.08251654595,146986.37383433263,125959.04678917995
1,All Population,44,Population,47,Czechia,3,Both,32,90-94 years,1,Number,2023,53365.00118266449,57415.84642902293,49202.14777830263
1,All Population,44,Population,47,Czechia,3,Both,34,2-4 years,1,Number,2023,347975.00916315184,374389.1922509616,320830.45900059614
1,All Population,44,Population,160,Afghanistan,3,Both,6,5-9 years,1,Number,2023,5468728.547033455,7296096.49398104,3597173.1534902886
1,All Population,44,Population,160,Afghanistan,3,Both,7,10-14 years,1,Number,2023,4662161.834203849,6220016.649273784,3066636.6492669387
1,All Population,44,Population,160,Afghanistan,3,Both,8,15-19 years,1,Number,2023,4040897.3844912504,5391157.558097646,2657986.671396607
1,All Population,44,Population,160,Afghanistan,3,Both,9,20-24 years,1,Number,2023,3323667.829175715,4434266.75634887,2186213.593050935
1,All Population,44,Population,160,Afghanistan,3,Both,10,25-29 years,1,Number,2023,2987603.7944730115,3985907.397448601,1965160.2873164683
1,All Population,44,Population,160,Afghanistan,3,Both,11,30-34 years,1,Number,2023,2182297.4638899453,2911509.0899416218,1435452.8264697266
1,All Population,44,Population,160,Afghanistan,3,Both,12,35-39 years,1,Number,2023,1485007.3758458241,1981220.5003889035,976795.3591379789
1,All Population,44,Population,298,American Samoa,3,Both,23,5-14 years,1,Number,2023,9944.917581273634,10820.499433560413,9089.106036248424
1,All Population,44,Population,298,American Samoa,3,Both,24,15-49 years,1,Number,2023,23696.44601212495,25782.755719807108,21657.244389033574
1,All Population,44,Population,298,American Samoa,3,Both,25,50-69 years,1,Number,2023,9623.945062948906,10471.267484241795,8795.754861647587
1,All Population,44,Population,298,American Samoa,3,Both,26,70+ years,1,Number,2023,2066.987415564308,2248.9714948875153,1889.112467963665
1,All Population,44,Population,298,American Samoa,3,Both,28,<1 year,1,Number,2023,687.5067758990502,748.0370368471063,628.3432653632381
1,All Population,44,Population,298,American Samoa,3,Both,30,80-84 years,1,Number,2023,285.17501080319965,310.28271653774937,260.6342275736204
1,All Population,44,Population,298,American Samoa,3,Both,31,85-89 years,1,Number,2023,127.68397751750639,138.92567687081606,116.69611148632033
1,All Population,44,Population,298,American Samoa,3,Both,32,90-94 years,1,Number,2023,37.906544383263835,41.24395588754686,34.64449036923218
1,All Population,44,Population,298,American Samoa,3,Both,34,2-4 years,1,Number,2023,2263.746412870473,2463.0537737500626,2068.9393368629267
1,All Population,44,Population,94,Switzerland,3,Both,157,25+ years,1,Number,2023,6724337.187020961,7250433.822980215,6208524.101835392
1,All Population,44,Population,94,Switzerland,3,Both,158,<20 years,1,Number,2023,1791501.0633536363,1931663.9755536597,1654077.899568024
1,All Population,44,Population,94,Switzerland,3,Both,159,10-24 years,1,Number,2023,1373774.4745239925,1481255.4216437717,1268394.445185022
1,All Population,44,Population,102,United States of America,3,Both,157,25+ years,1,Number,2023,231848673.86248705,250662787.188697,211376744.83022907
1,All Population,44,Population,102,United States of America,3,Both,158,<20 years,1,Number,2023,81836281.88916695,88477152.66064115,74610247.22099991
1,All Population,44,Population,102,United States of America,3,Both,159,10-24 years,1,Number,2023,64830116.26330244,70090966.51536198,59105703.36421231
1,All Population,44,Population,102,United States of America,3,Both,162,10-19 years,1,Number,2023,43100873.56971851,46598433.88045935,39295123.85268135
1,All Population,44,Population,102,United States of America,3,Both,235,95+ years,1,Number,2023,628586.7918263477,679595.5077260728,573083.4155141065
1,All Population,44,Population,39,Tajikistan,3,Both,6,5-9 years,1,Number,2023,1366673.5637573546,1495318.3483898863,1253558.2492331418
1,All Population,44,Population,39,Tajikistan,3,Both,7,10-14 years,1,Number,2023,1198195.2048254937,1310981.145931087,1099024.3193635556
1,All Population,44,Population,39,Tajikistan,3,Both,8,15-19 years,1,Number,2023,923938.2071529473,1010908.3767859802,847466.7192464187
1,All Population,44,Population,39,Tajikistan,3,Both,9,20-24 years,1,Number,2023,930399.8029987495,1017978.2017129688,853393.5089279626
1,All Population,44,Population,39,Tajikistan,3,Both,10,25-29 years,1,Number,2023,845572.6219174942,925166.2503613486,775587.2094402817
1,All Population,44,Population,39,Tajikistan,3,Both,11,30-34 years,1,Number,2023,827135.2461699694,904993.367104841,758675.8378622885
1,All Population,44,Population,39,Tajikistan,3,Both,12,35-39 years,1,Number,2023,749987.7703260491,820584.0105323588,687913.6183270089
1,All Population,44,Population,39,Tajikistan,3,Both,13,40-44 years,1,Number,2023,566899.8573561836,620262.0588297371,519979.3217073642
1,All Population,44,Population,39,Tajikistan,3,Both,14,45-49 years,1,Number,2023,460817.4030772248,504194.0784925381,422676.9817874444
1,All Population,44,Population,39,Tajikistan,3,Both,15,50-54 years,1,Number,2023,410200.71276205865,448812.84644839907,376249.67728979094
1,All Population,44,Population,39,Tajikistan,3,Both,16,55-59 years,1,Number,2023,358157.004719777,391870.27170515404,328513.4648780124
1,All Population,44,Population,39,Tajikistan,3,Both,17,60-64 years,1,Number,2023,305789.74820585514,334573.69291949034,280480.4830939368
1,All Population,44,Population,39,Tajikistan,3,Both,18,65-69 years,1,Number,2023,187132.94779273914,204747.74506756366,171644.53650802583
1,All Population,44,Population,39,Tajikistan,3,Both,19,70-74 years,1,Number,2023,106643.45570185005,116681.78874278184,97816.90900221298
1,All Population,44,Population,39,Tajikistan,3,Both,20,75-79 years,1,Number,2023,42623.905929325614,46636.0880215878,39096.0579828191
1,All Population,44,Population,39,Tajikistan,3,Both,21,80+ years,1,Number,2023,56975.273101975516,62338.347307810276,52259.607190274946
1,All Population,44,Population,39,Tajikistan,3,Both,23,5-14 years,1,Number,2023,2564868.7685828484,2806299.4943209733,2352582.5685966974
1,All Population,44,Population,39,Tajikistan,3,Both,24,15-49 years,1,Number,2023,5304750.908998618,5804086.343819775,4865693.197298768
1,All Population,44,Population,39,Tajikistan,3,Both,25,50-69 years,1,Number,2023,1261280.41348043,1380004.5561406072,1156888.1617697661
1,All Population,44,Population,39,Tajikistan,3,Both,26,70+ years,1,Number,2023,206242.63473315118,225656.22407217996,189172.57417530706
1,All Population,44,Population,39,Tajikistan,3,Both,28,<1 year,1,Number,2023,273535.3882482336,299283.23473018815,250895.71605750482
1,All Population,44,Population,39,Tajikistan,3,Both,30,80-84 years,1,Number,2023,30315.60230303074,33169.20555745888,27806.47431487343
1,All Population,44,Population,39,Tajikistan,3,Both,31,85-89 years,1,Number,2023,16449.231608688577,17997.595397809244,15087.77993768166
1,All Population,44,Population,39,Tajikistan,3,Both,32,90-94 years,1,Number,2023,7784.602936544914,8517.36648358269,7140.295595739626
1,All Population,44,Population,39,Tajikistan,3,Both,34,2-4 years,1,Number,2023,805997.1925076809,881865.5915125695,739287.3150695851
1,All Population,44,Population,47,Czechia,3,Both,157,25+ years,1,Number,2023,8026890.108461914,8636197.499416627,7400735.024157258
1,All Population,44,Population,47,Czechia,3,Both,158,<20 years,1,Number,2023,2330654.1409098776,2507570.0790412026,2148846.3772097146
1,All Population,44,Population,47,Czechia,3,Both,159,10-24 years,1,Number,2023,1714949.176490106,1845128.0121571796,1581170.822523189
1,All Population,44,Population,47,Czechia,3,Both,162,10-19 years,1,Number,2023,1179963.430325689,1269532.4202382078,1087917.8072750994
1,All Population,44,Population,47,Czechia,3,Both,235,95+ years,1,Number,2023,12531.055927403258,13482.266781154029,11553.543556531517
1,All Population,44,Population,48,Hungary,3,Both,1,<5 years,1,Number,2023,454808.7554192546,488905.4289085249,420484.9710284496
1,All Population,44,Population,48,Hungary,3,Both,6,5-9 years,1,Number,2023,465638.70663725806,500547.29349931417,430497.600886342
1,All Population,44,Population,48,Hungary,3,Both,7,10-14 years,1,Number,2023,467610.31040242873,502666.7069296029,432320.4104567364
1,All Population,44,Population,48,Hungary,3,Both,8,15-19 years,1,Number,2023,496798.7589327044,534043.3916961793,459306.04736098764
1,All Population,44,Population,48,Hungary,3,Both,9,20-24 years,1,Number,2023,505195.45492015267,543069.5817249388,467069.0563772986
1,All Population,44,Population,48,Hungary,3,Both,10,25-29 years,1,Number,2023,578102.1368031681,621442.023221706,534473.5723503925
1,All Population,44,Population,48,Hungary,3,Both,11,30-34 years,1,Number,2023,630691.6031879967,677974.0827139287,583094.1848292395
1,All Population,44,Population,48,Hungary,3,Both,12,35-39 years,1,Number,2023,618307.6396703016,664661.7026793249,571644.8218191647
1,All Population,44,Population,49,North Macedonia,3,Both,10,25-29 years,1,Number,2023,112540.42031885555,121202.6244827906,103455.66683591565
1,All Population,44,Population,49,North Macedonia,3,Both,11,30-34 years,1,Number,2023,120672.94724604988,129961.10969601643,110931.7007260518
1,All Population,44,Population,49,North Macedonia,3,Both,12,35-39 years,1,Number,2023,126794.88029482511,136554.24619148386,116559.4446432278
1,All Population,44,Population,49,North Macedonia,3,Both,13,40-44 years,1,Number,2023,130681.13980998406,140739.6299969108,120131.98834351847
1,All Population,44,Population,49,North Macedonia,3,Both,14,45-49 years,1,Number,2023,128350.17325541095,138229.2496091762,117989.18757387204
1,All Population,44,Population,49,North Macedonia,3,Both,15,50-54 years,1,Number,2023,125285.04267902879,134928.19680354948,115171.48770372463
1,All Population,44,Population,49,North Macedonia,3,Both,16,55-59 years,1,Number,2023,128589.06819180785,138486.53222092506,118208.79786925427
1,All Population,44,Population,49,North Macedonia,3,Both,17,60-64 years,1,Number,2023,125024.7236207446,134647.8410613411,114932.18273499799
1,All Population,44,Population,49,North Macedonia,3,Both,18,65-69 years,1,Number,2023,116585.1123493833,125558.63530926213,107173.85368805818
1,All Population,44,Population,49,North Macedonia,3,Both,19,70-74 years,1,Number,2023,90753.80630455576,97739.10098034405,83427.76330969743
1,All Population,44,Population,102,United States of America,3,Both,1,<5 years,1,Number,2023,18528047.630820807,20031566.206244845,16892045.708164006
1,All Population,44,Population,102,United States of America,3,Both,6,5-9 years,1,Number,2023,20207360.688627634,21847152.573936984,18423077.660154562
1,All Population,44,Population,102,United States of America,3,Both,7,10-14 years,1,Number,2023,21026204.584125705,22732444.215672817,19169618.73054751
1,All Population,44,Population,102,United States of America,3,Both,8,15-19 years,1,Number,2023,22074668.985592805,23865989.66478653,20125505.122133844
1,All Population,44,Population,102,United States of America,3,Both,9,20-24 years,1,Number,2023,21729242.693583924,23492532.634902645,19810579.511530954
1,All Population,44,Population,102,United States of America,3,Both,10,25-29 years,1,Number,2023,21972562.4667522,23755597.380990673,20032414.47288012
1,All Population,44,Population,102,United States of America,3,Both,11,30-34 years,1,Number,2023,23600376.51315094,25515505.68280493,21516494.707562722
1,All Population,44,Population,102,United States of America,3,Both,12,35-39 years,1,Number,2023,22568532.038139187,24399928.838034585,20575760.725066863
1,All Population,44,Population,102,United States of America,3,Both,13,40-44 years,1,Number,2023,21912959.33547813,23691157.56013065,19978074.218694
1,All Population,44,Population,102,United States of America,3,Both,14,45-49 years,1,Number,2023,19849880.087537136,21460663.048927315,18097162.119903162
1,All Population,44,Population,102,United States of America,3,Both,15,50-54 years,1,Number,2023,20767124.63756632,22452340.3857592,18933415.198121898
1,All Population,44,Population,102,United States of America,3,Both,16,55-59 years,1,Number,2023,20686797.495538324,22365494.83701312,18860180.835722808
1,All Population,44,Population,102,United States of America,3,Both,17,60-64 years,1,Number,2023,21311710.00690457,23041117.90286278,19429914.40484655
1,All Population,44,Population,102,United States of America,3,Both,18,65-69 years,1,Number,2023,19213117.469412807,20772228.260935877,17516624.792661313
1,All Population,44,Population,102,United States of America,3,Both,19,70-74 years,1,Number,2023,15516277.120682523,16775395.800492376,14146210.521777313
1,All Population,44,Population,102,United States of America,3,Both,20,75-79 years,1,Number,2023,11344868.57579408,12265484.76695049,10343131.79423413
1,All Population,44,Population,102,United States of America,3,Both,21,80+ years,1,Number,2023,13104468.11553083,14167872.723794982,11947361.038758194
1,All Population,44,Population,102,United States of America,3,Both,23,5-14 years,1,Number,2023,41233565.27275334,44579596.7896098,37592696.390702076
1,All Population,44,Population,102,United States of America,3,Both,24,15-49 years,1,Number,2023,153708222.1202343,166181374.8105773,140135990.87777174
1,All Population,44,Population,102,United States of America,3,Both,25,50-69 years,1,Number,2023,81978749.60942203,88631181.38657098,74740135.23135257
1,All Population,44,Population,102,United States of America,3,Both,26,70+ years,1,Number,2023,39965613.812007435,43208753.291237846,36436703.35476963
1,All Population,44,Population,102,United States of America,3,Both,28,<1 year,1,Number,2023,3625440.956156261,3919639.132364346,3305319.3495556843
1,All Population,44,Population,102,United States of America,3,Both,30,80-84 years,1,Number,2023,6941779.260280639,7505092.474510696,6328829.39946602
1,All Population,44,Population,102,United States of America,3,Both,31,85-89 years,1,Number,2023,3812984.4631578173,4122401.4660925753,3476303.0147352694
1,All Population,44,Population,102,United States of America,3,Both,32,90-94 years,1,Number,2023,1721117.6002660252,1860783.27546564,1569145.2090427985
1,All Population,44,Population,102,United States of America,3,Both,34,2-4 years,1,Number,2023,11230671.072283404,12142020.336280704,10239017.778149044
1,All Population,44,Population,349,Greenland,3,Both,157,25+ years,1,Number,2023,37776.13845419181,38333.33395773004,37247.492142773786
1,All Population,44,Population,349,Greenland,3,Both,158,<20 years,1,Number,2023,15089.503061125675,15312.072217220897,14878.337747231346
1,All Population,44,Population,349,Greenland,3,Both,159,10-24 years,1,Number,2023,10921.218443798558,11082.305681908474,10768.384880529362
1,All Population,44,Population,351,Guam,3,Both,157,25+ years,1,Number,2023,99633.14562255963,108265.32350379702,90880.27736632901
1,All Population,44,Population,351,Guam,3,Both,158,<20 years,1,Number,2023,46621.07252274915,50660.30453249628,42525.36618721217
1,All Population,44,Population,351,Guam,3,Both,159,10-24 years,1,Number,2023,34944.519859391454,37972.09978287828,31874.60997453049
1,All Population,44,Population,351,Guam,3,Both,162,10-19 years,1,Number,2023,23593.418241424086,25637.54303356845,21520.713617968195
1,All Population,44,Population,351,Guam,3,Both,235,95+ years,1,Number,2023,80.84143624024637,87.8455075604889,73.73943783766732
1,All Population,44,Population,165,Pakistan,3,Both,235,95+ years,1,Number,2023,55506.30079523988,59507.36148376662,51747.152094548466
1,All Population,44,Population,48,Hungary,3,Both,157,25+ years,1,Number,2023,7236358.0899861045,7778862.463760193,6690240.206599321
1,All Population,44,Population,48,Hungary,3,Both,158,<20 years,1,Number,2023,1884856.5313916458,2026162.8210336207,1742609.0297325156
1,All Population,44,Population,48,Hungary,3,Both,159,10-24 years,1,Number,2023,1469604.5242552857,1579779.680350721,1358695.5141950226
1,All Population,44,Population,48,Hungary,3,Both,162,10-19 years,1,Number,2023,964409.0693351332,1036710.0986257821,891626.4578177239
1,All Population,44,Population,48,Hungary,3,Both,235,95+ years,1,Number,2023,11437.414200579133,12294.868620512623,10574.248453809103
1,All Population,44,Population,49,North Macedonia,3,Both,1,<5 years,1,Number,2023,93914.778910376,101143.37274917294,86333.5684227285
1,All Population,44,Population,49,North Macedonia,3,Both,6,5-9 years,1,Number,2023,111190.76967335545,119749.09161072527,102214.96587593938
1,All Population,44,Population,49,North Macedonia,3,Both,7,10-14 years,1,Number,2023,110677.9803059127,119196.83299142352,101743.57110235628
1,All Population,44,Population,49,North Macedonia,3,Both,8,15-19 years,1,Number,2023,103717.62805335513,111700.74440436732,95345.08883562026
1,All Population,44,Population,49,North Macedonia,3,Both,9,20-24 years,1,Number,2023,106293.08993189545,114474.43885166061,97712.64820051297
1,All Population,44,Population,50,Montenegro,3,Both,6,5-9 years,1,Number,2023,38650.98526774796,41462.2648823563,35901.2480285317
1,All Population,44,Population,50,Montenegro,3,Both,7,10-14 years,1,Number,2023,40105.436485000515,43022.50561646541,37252.22559182698
1,All Population,44,Population,168,Angola,3,Both,18,65-69 years,1,Number,2023,369527.42801812367,416607.9950375556,322713.4789533955
1,All Population,44,Population,168,Angola,3,Both,19,70-74 years,1,Number,2023,244949.4763707009,276157.8775995263,213917.80878447928
1,All Population,44,Population,168,Angola,3,Both,20,75-79 years,1,Number,2023,135025.04425517173,152228.24803209293,117919.26247836066
1,All Population,44,Population,168,Angola,3,Both,21,80+ years,1,Number,2023,139024.14906507664,156736.86880142274,121411.7367253342
1,All Population,44,Population,168,Angola,3,Both,23,5-14 years,1,Number,2023,10337574.393427767,11654658.937485663,9027948.51882819
1,All Population,44,Population,168,Angola,3,Both,24,15-49 years,1,Number,2023,16602898.466053104,18718232.30782004,14499543.791448155
1,All Population,44,Population,168,Angola,3,Both,25,50-69 years,1,Number,2023,2712349.751115355,3057923.4610897675,2368733.030225519
1,All Population,44,Population,168,Angola,3,Both,26,70+ years,1,Number,2023,518998.66969094926,585122.9944330418,453248.8079881741
1,All Population,44,Population,168,Angola,3,Both,28,<1 year,1,Number,2023,1216360.6337678356,1371334.1052772263,1062264.7793438567
1,All Population,44,Population,168,Angola,3,Both,30,80-84 years,1,Number,2023,85294.19759336286,96161.31835811978,74488.61749591817
1,All Population,44,Population,168,Angola,3,Both,31,85-89 years,1,Number,2023,34019.70516931219,38354.07086929633,29709.885047069078
1,All Population,44,Population,168,Angola,3,Both,32,90-94 years,1,Number,2023,13586.623352511513,15317.661112675618,11865.388485055542
1,All Population,44,Population,168,Angola,3,Both,34,2-4 years,1,Number,2023,3498472.5733218244,3944204.229392139,3055265.1022818014
1,All Population,44,Population,108,Belize,3,Both,157,25+ years,1,Number,2023,214981.0201147764,231273.3636984065,198618.91420243992
1,All Population,44,Population,108,Belize,3,Both,158,<20 years,1,Number,2023,160401.88672474612,172557.94891380295,148193.773386519
1,All Population,44,Population,108,Belize,3,Both,159,10-24 years,1,Number,2023,121889.88542424825,131127.31434537316,112612.9026753092
1,All Population,44,Population,108,Belize,3,Both,162,10-19 years,1,Number,2023,83640.77656201305,89979.49552716831,77274.91578059582
1,All Population,44,Population,108,Belize,3,Both,235,95+ years,1,Number,2023,114.61765791147837,123.30396083462858,105.89416103175245
1,All Population,44,Population,109,Cuba,3,Both,1,<5 years,1,Number,2023,514621.106457099,587395.796224398,444975.8094398101
1,All Population,44,Population,109,Cuba,3,Both,6,5-9 years,1,Number,2023,623747.3850495559,711954.0712320425,539333.6846582077
1,All Population,44,Population,109,Cuba,3,Both,7,10-14 years,1,Number,2023,664298.3612317946,758239.5279367382,574396.7693701645
1,All Population,44,Population,160,Afghanistan,3,Both,13,40-44 years,1,Number,2023,1199070.5871644125,1599738.3362156004,788714.3214719294
1,All Population,44,Population,160,Afghanistan,3,Both,14,45-49 years,1,Number,2023,1600397.8515032863,2135168.541079259,1052695.9121885889
1,All Population,44,Population,160,Afghanistan,3,Both,15,50-54 years,1,Number,2023,1533965.8365791717,2046538.3618689824,1008998.8336881537
1,All Population,44,Population,160,Afghanistan,3,Both,16,55-59 years,1,Number,2023,623752.5212105272,832178.548263226,410286.56010683207
1,All Population,44,Population,160,Afghanistan,3,Both,17,60-64 years,1,Number,2023,229263.7816539697,305871.9516129112,150803.1553112439
1,All Population,44,Population,160,Afghanistan,3,Both,18,65-69 years,1,Number,2023,222843.72464942108,297306.64159629773,146580.22552015612
1,All Population,44,Population,160,Afghanistan,3,Both,19,70-74 years,1,Number,2023,210492.80155837673,280828.67493787204,138456.14172593888
1,All Population,44,Population,160,Afghanistan,3,Both,20,75-79 years,1,Number,2023,142854.45515050206,190589.07027640654,93965.57289401788
1,All Population,44,Population,160,Afghanistan,3,Both,21,80+ years,1,Number,2023,116184.94491835809,155007.9807365921,76423.13219711343
1,All Population,44,Population,160,Afghanistan,3,Both,23,5-14 years,1,Number,2023,10130890.381237304,13516113.143254822,6663809.802757227
1,All Population,44,Population,160,Afghanistan,3,Both,24,15-49 years,1,Number,2023,16818942.286543444,22438968.179520506,11063018.971032234
1,All Population,44,Population,160,Afghanistan,3,Both,25,50-69 years,1,Number,2023,2609825.8640930895,3481895.503341418,1716668.7746263864
1,All Population,44,Population,160,Afghanistan,3,Both,26,70+ years,1,Number,2023,469532.2016272369,626425.7259508705,308844.84681707015
1,All Population,44,Population,160,Afghanistan,3,Both,28,<1 year,1,Number,2023,1299342.3666578252,1733515.7896977237,854670.2287992482
1,All Population,44,Population,160,Afghanistan,3,Both,30,80-84 years,1,Number,2023,77246.51954007574,103058.33532262479,50810.55018553723
1,All Population,44,Population,160,Afghanistan,3,Both,31,85-89 years,1,Number,2023,30116.67854483182,40180.1242924185,19809.889374109258
1,All Population,44,Population,160,Afghanistan,3,Both,32,90-94 years,1,Number,2023,7459.454072692232,9952.020152162335,4906.61544072031
1,All Population,44,Population,160,Afghanistan,3,Both,34,2-4 years,1,Number,2023,3633926.945826757,4848198.520150032,2390293.162084975
1,All Population,44,Population,374,Niue,3,Both,157,25+ years,1,Number,2023,1051.683200286741,1131.1549410047064,974.2635318866911
1,All Population,44,Population,374,Niue,3,Both,158,<20 years,1,Number,2023,514.9423421416774,553.8545966002704,477.0348569190514
1,All Population,44,Population,374,Niue,3,Both,159,10-24 years,1,Number,2023,380.18558859792313,408.9147824402545,352.1982230189124
1,All Population,44,Population,374,Niue,3,Both,162,10-19 years,1,Number,2023,266.07399827890424,286.1802087777009,246.4869584640514
1,All Population,44,Population,155,Türkiye,3,Both,157,25+ years,1,Number,2023,54513442.92292509,58744392.63755538,50207053.158699766
1,All Population,44,Population,155,Türkiye,3,Both,158,<20 years,1,Number,2023,24775747.171822157,26698666.268577483,22818541.420341343
1,All Population,44,Population,155,Türkiye,3,Both,159,10-24 years,1,Number,2023,19398995.518525705,20904608.999392547,17866536.16065049
1,All Population,44,Population,155,Türkiye,3,Both,162,10-19 years,1,Number,2023,12822660.616949476,13817865.274171162,11809710.939398566
1,All Population,44,Population,155,Türkiye,3,Both,235,95+ years,1,Number,2023,37420.04736356353,40324.32803683102,34463.98184462141
1,All Population,44,Population,156,United Arab Emirates,3,Both,1,<5 years,1,Number,2023,436164.4085136486,515154.945799536,355810.47461786924
1,All Population,44,Population,156,United Arab Emirates,3,Both,6,5-9 years,1,Number,2023,516537.44462292717,610083.753039258,421376.5033132773
1,All Population,44,Population,156,United Arab Emirates,3,Both,7,10-14 years,1,Number,2023,455720.8580327604,538253.1204680776,371764.06791757984
1,All Population,44,Population,156,United Arab Emirates,3,Both,8,15-19 years,1,Number,2023,309045.68352023733,365014.68078513903,252110.6472365879
1,All Population,44,Population,156,United Arab Emirates,3,Both,9,20-24 years,1,Number,2023,334007.37828641577,394497.00502648705,272473.6853218984
1,All Population,44,Population,156,United Arab Emirates,3,Both,10,25-29 years,1,Number,2023,307188.10959253524,362820.6952664557,250595.2914488339
1,All Population,44,Population,156,United Arab Emirates,3,Both,11,30-34 years,1,Number,2023,659384.7541950743,778801.091235243,537907.2610382303
1,All Population,44,Population,156,United Arab Emirates,3,Both,12,35-39 years,1,Number,2023,1880922.9367168655,2221563.09548389,1534403.242835716
1,All Population,44,Population,156,United Arab Emirates,3,Both,13,40-44 years,1,Number,2023,1712868.8069577385,2023073.914758493,1397309.4807040063
1,All Population,44,Population,156,United Arab Emirates,3,Both,14,45-49 years,1,Number,2023,1592375.8142867312,1880759.319855653,1299014.7366268837
1,All Population,44,Population,156,United Arab Emirates,3,Both,15,50-54 years,1,Number,2023,879242.252239541,1038475.3683608942,717260.7323452571
1,All Population,44,Population,49,North Macedonia,3,Both,157,25+ years,1,Number,2023,1326328.1220814483,1428415.2206482305,1219261.1323504548
1,All Population,44,Population,49,North Macedonia,3,Both,158,<20 years,1,Number,2023,419501.1569429993,451790.0417556891,385637.1942366445
1,All Population,44,Population,49,North Macedonia,3,Both,159,10-24 years,1,Number,2023,320688.69829116325,345372.0162474514,294801.30813848955
1,All Population,44,Population,49,North Macedonia,3,Both,162,10-19 years,1,Number,2023,214395.60835926785,230897.57739579087,197088.65993797654
1,All Population,44,Population,49,North Macedonia,3,Both,235,95+ years,1,Number,2023,730.4040184730934,786.6230081680562,671.4426210304985
1,All Population,44,Population,49,North Macedonia,3,Both,20,75-79 years,1,Number,2023,60405.455753060996,65054.84651298598,55529.26395471519
1,All Population,44,Population,49,North Macedonia,3,Both,21,80+ years,1,Number,2023,60645.35225774136,65313.20778344442,55749.79496742152
1,All Population,44,Population,49,North Macedonia,3,Both,23,5-14 years,1,Number,2023,221868.74997926815,238945.9246021488,203958.53697829563
1,All Population,44,Population,49,North Macedonia,3,Both,24,15-49 years,1,Number,2023,829050.2789103761,892862.0432324057,762125.7251587191
1,All Population,44,Population,49,North Macedonia,3,Both,25,50-69 years,1,Number,2023,495483.94684096455,533621.2053950778,455486.32199603505
1,All Population,44,Population,49,North Macedonia,3,Both,26,70+ years,1,Number,2023,211804.61431535814,228107.1552767744,194706.8222318341
1,All Population,44,Population,49,North Macedonia,3,Both,28,<1 year,1,Number,2023,17323.41860603713,18656.79721220947,15924.996713958468
1,All Population,44,Population,49,North Macedonia,3,Both,30,80-84 years,1,Number,2023,37512.545573919764,40399.87554433901,34484.36931430514
1,All Population,44,Population,49,North Macedonia,3,Both,31,85-89 years,1,Number,2023,18043.974289774305,19432.81386211623,16587.386000778548
1,All Population,44,Population,49,North Macedonia,3,Both,32,90-94 years,1,Number,2023,4358.428375574198,4693.895368821121,4006.5970313073253
1,All Population,44,Population,49,North Macedonia,3,Both,34,2-4 years,1,Number,2023,58601.4422720505,63111.97862710716,53870.878308650106
1,All Population,44,Population,320,Cook Islands,3,Both,157,25+ years,1,Number,2023,8950.39254818021,9695.07321070397,8237.794662383887
1,All Population,44,Population,320,Cook Islands,3,Both,158,<20 years,1,Number,2023,4951.724971490197,5363.712916438434,4557.486537060165
1,All Population,44,Population,320,Cook Islands,3,Both,159,10-24 years,1,Number,2023,3408.9530310635046,3692.5809711811585,3137.5445191308368
1,All Population,44,Population,320,Cook Islands,3,Both,162,10-19 years,1,Number,2023,2599.037515001969,2815.279760040628,2392.1115474171947
1,All Population,44,Population,320,Cook Islands,3,Both,235,95+ years,1,Number,2023,7.132366570519327,7.7257858462109334,6.564513338215027
1,All Population,44,Population,349,Greenland,3,Both,162,10-19 years,1,Number,2023,7177.249511500653,7283.113459464252,7076.809746197944
1,All Population,44,Population,349,Greenland,3,Both,235,95+ years,1,Number,2023,5.115905539807207,5.191364802716349,5.044312605646885
1,All Population,44,Population,351,Guam,3,Both,1,<5 years,1,Number,2023,11501.43997297155,12497.920362270675,10491.027341599503
1,All Population,44,Population,351,Guam,3,Both,6,5-9 years,1,Number,2023,11526.214308353516,12524.84113665715,10513.625227644467
1,All Population,44,Population,351,Guam,3,Both,7,10-14 years,1,Number,2023,11733.569886281837,12750.161923072665,10702.764417397342
1,All Population,44,Population,351,Guam,3,Both,8,15-19 years,1,Number,2023,11859.848355142249,12887.381110495782,10817.949200570854
1,All Population,44,Population,351,Guam,3,Both,9,20-24 years,1,Number,2023,11351.10161796737,12334.556749309819,10353.89635656229
1,All Population,44,Population,351,Guam,3,Both,10,25-29 years,1,Number,2023,11558.351626392327,12559.76281972031,10542.939251194832
1,All Population,44,Population,351,Guam,3,Both,11,30-34 years,1,Number,2023,10791.980081605072,11726.993135474688,9843.894188221757
1,All Population,44,Population,351,Guam,3,Both,12,35-39 years,1,Number,2023,9754.92258238882,10600.085368555165,8897.943193854435
1,All Population,44,Population,351,Guam,3,Both,13,40-44 years,1,Number,2023,9237.360028761062,10037.681391928407,8425.849011399296
1,All Population,44,Population,351,Guam,3,Both,14,45-49 years,1,Number,2023,9435.412612535874,10252.893176311612,8606.502484037397
1,All Population,44,Population,351,Guam,3,Both,15,50-54 years,1,Number,2023,10105.67416975209,10981.225940179924,9217.880914851537
1,All Population,44,Population,351,Guam,3,Both,16,55-59 years,1,Number,2023,10012.015384259079,10879.452593097345,9132.450144296092
1,All Population,44,Population,351,Guam,3,Both,17,60-64 years,1,Number,2023,9129.472727723549,9920.446776120665,8327.439714158623
1,All Population,44,Population,351,Guam,3,Both,18,65-69 years,1,Number,2023,7344.202394388901,7980.5012994173485,6699.007107182951
1,All Population,44,Population,351,Guam,3,Both,19,70-74 years,1,Number,2023,5476.423452834646,5950.898700027333,4995.314353061934
1,All Population,44,Population,94,Switzerland,3,Both,162,10-19 years,1,Number,2023,897877.0004947546,968124.8266116877,829002.3006007207
1,All Population,44,Population,94,Switzerland,3,Both,235,95+ years,1,Number,2023,21804.02189171132,23509.91828693554,20131.47045822203
1,All Population,44,Population,95,United Kingdom,3,Both,1,<5 years,1,Number,2023,3562027.9492215663,3800672.025637226,3309511.34892519
1,All Population,44,Population,95,United Kingdom,3,Both,6,5-9 years,1,Number,2023,3977058.864342275,4243361.22014525,3695858.4000487295
1,All Population,44,Population,95,United Kingdom,3,Both,7,10-14 years,1,Number,2023,4234643.9222717695,4517847.012871524,3935525.746270587
1,All Population,44,Population,95,United Kingdom,3,Both,8,15-19 years,1,Number,2023,4088200.823702079,4361168.751927497,3800238.2695428687
1,All Population,44,Population,95,United Kingdom,3,Both,9,20-24 years,1,Number,2023,4105685.630388501,4379650.902516618,3816958.4008940943
1,All Population,44,Population,95,United Kingdom,3,Both,10,25-29 years,1,Number,2023,4437073.89226343,4735690.167585635,4122285.397858517
1,All Population,44,Population,95,United Kingdom,3,Both,11,30-34 years,1,Number,2023,4740396.62542972,5059825.147518426,4403252.508177153
1,All Population,44,Population,95,United Kingdom,3,Both,12,35-39 years,1,Number,2023,4691387.282861222,5007031.916542356,4358473.308049914
1,All Population,44,Population,95,United Kingdom,3,Both,13,40-44 years,1,Number,2023,4528243.590408553,4832664.659274527,4207061.202663675
1,All Population,44,Population,95,United Kingdom,3,Both,14,45-49 years,1,Number,2023,4176949.2884750264,4456985.907570744,3881467.96673703
1,All Population,44,Population,95,United Kingdom,3,Both,15,50-54 years,1,Number,2023,4668765.561168335,4979325.416399961,4341284.016793707
1,All Population,44,Population,95,United Kingdom,3,Both,16,55-59 years,1,Number,2023,4704203.362452941,5014920.963025309,4376536.319668329
1,All Population,44,Population,95,United Kingdom,3,Both,17,60-64 years,1,Number,2023,4211686.028898377,4487810.103596585,3920431.9874041746
1,All Population,44,Population,95,United Kingdom,3,Both,18,65-69 years,1,Number,2023,3521097.6782910167,3751082.5856605982,3278592.9482791824
1,All Population,44,Population,50,Montenegro,3,Both,8,15-19 years,1,Number,2023,40822.327940923475,43791.54017616597,37918.11542077532
1,All Population,44,Population,50,Montenegro,3,Both,9,20-24 years,1,Number,2023,40870.11865343958,43842.80694640567,37962.50617075531
1,All Population,44,Population,50,Montenegro,3,Both,10,25-29 years,1,Number,2023,42286.14935520394,45361.832648632575,39277.796559548544
1,All Population,44,Population,50,Montenegro,3,Both,11,30-34 years,1,Number,2023,42199.556131091194,45268.941065913314,39197.3638152103
1,All Population,44,Population,50,Montenegro,3,Both,12,35-39 years,1,Number,2023,45391.334731636474,48692.873699580836,42162.07052052563
1,All Population,44,Population,50,Montenegro,3,Both,13,40-44 years,1,Number,2023,47287.71219584888,50727.184188522406,43923.5344839092
1,All Population,44,Population,50,Montenegro,3,Both,14,45-49 years,1,Number,2023,45050.96514787927,48327.7473323776,41845.915763714496
1,All Population,44,Population,50,Montenegro,3,Both,15,50-54 years,1,Number,2023,42172.30402738816,45239.70678030561,39172.050501007216
1,All Population,44,Population,50,Montenegro,3,Both,16,55-59 years,1,Number,2023,41671.134231211516,44702.08439639571,38706.535300494055
1,All Population,44,Population,50,Montenegro,3,Both,17,60-64 years,1,Number,2023,41651.863658157345,44681.41217811015,38688.635688929775
1,All Population,44,Population,50,Montenegro,3,Both,18,65-69 years,1,Number,2023,37900.41540818267,40657.1023201492,35204.07577006721
1,All Population,44,Population,50,Montenegro,3,Both,19,70-74 years,1,Number,2023,32182.68777192989,34523.49573451571,29893.12298046289
1,All Population,44,Population,50,Montenegro,3,Both,20,75-79 years,1,Number,2023,17116.445803642746,18361.410578253082,15898.734842246451
1,All Population,44,Population,50,Montenegro,3,Both,21,80+ years,1,Number,2023,21879.10200413522,23470.47860227558,20322.562600944817
1,All Population,44,Population,50,Montenegro,3,Both,23,5-14 years,1,Number,2023,78756.42175274847,84484.7704988217,73153.47362035868
1,All Population,44,Population,50,Montenegro,3,Both,24,15-49 years,1,Number,2023,303908.16415602283,326012.9260575983,282287.30273443885
1,All Population,44,Population,50,Montenegro,3,Both,25,50-69 years,1,Number,2023,163395.7173249397,175280.3056749607,151771.29726049825
1,All Population,44,Population,50,Montenegro,3,Both,26,70+ years,1,Number,2023,71178.23557970785,76355.38491504437,66114.42042365416
1,All Population,44,Population,50,Montenegro,3,Both,28,<1 year,1,Number,2023,7082.843765453594,7598.014443596456,6578.950808352963
1,All Population,44,Population,50,Montenegro,3,Both,30,80-84 years,1,Number,2023,13061.260701130934,14011.271566204903,12132.046744689296
1,All Population,44,Population,50,Montenegro,3,Both,31,85-89 years,1,Number,2023,6551.9548727056035,7028.511344471433,6085.830809416163
1,All Population,44,Population,50,Montenegro,3,Both,32,90-94 years,1,Number,2023,1730.8854283678104,1856.7813890085201,1607.7454854600348
1,All Population,44,Population,50,Montenegro,3,Both,34,2-4 years,1,Number,2023,22465.604085135532,24099.639915189895,20867.33931319107
1,All Population,44,Population,105,Antigua and Barbuda,3,Both,157,25+ years,1,Number,2023,61159.3051636012,69697.97513936152,52145.940479487916
1,All Population,44,Population,105,Antigua and Barbuda,3,Both,158,<20 years,1,Number,2023,22764.45690699491,25942.68439316868,19409.54057186556
1,All Population,44,Population,105,Antigua and Barbuda,3,Both,159,10-24 years,1,Number,2023,19094.66031149014,21760.53433119855,16280.580974808048
1,All Population,44,Population,105,Antigua and Barbuda,3,Both,162,10-19 years,1,Number,2023,12197.599131584206,13900.549699819294,10399.975549211933
1,All Population,44,Population,105,Antigua and Barbuda,3,Both,235,95+ years,1,Number,2023,94.51813295890068,107.71414854315563,80.5885044364514
1,All Population,44,Population,156,United Arab Emirates,3,Both,16,55-59 years,1,Number,2023,530025.1001022082,626014.0588867018,432379.3476625432
1,All Population,44,Population,157,Yemen,3,Both,14,45-49 years,1,Number,2023,1416896.7545039712,1677056.0249000227,1138937.102599867
1,All Population,44,Population,157,Yemen,3,Both,15,50-54 years,1,Number,2023,989949.6113174451,1171716.2557751513,795746.2944634017
1,All Population,44,Population,157,Yemen,3,Both,16,55-59 years,1,Number,2023,747930.4872710478,885259.5123089505,601205.2603062167
1,All Population,44,Population,157,Yemen,3,Both,17,60-64 years,1,Number,2023,593053.1297226881,701944.8108168148,476710.96084245294
1,All Population,44,Population,157,Yemen,3,Both,18,65-69 years,1,Number,2023,459623.0091190154,544015.3166950898,369456.4876588376
1,All Population,44,Population,157,Yemen,3,Both,19,70-74 years,1,Number,2023,319966.79379865166,378716.54205025424,257197.32358677225
1,All Population,44,Population,157,Yemen,3,Both,20,75-79 years,1,Number,2023,191127.69502894703,226221.03653964674,153633.22875213047
1,All Population,44,Population,157,Yemen,3,Both,21,80+ years,1,Number,2023,139285.2800442949,164859.7311947029,111960.99700573889
1,All Population,44,Population,157,Yemen,3,Both,23,5-14 years,1,Number,2023,9270824.578842964,10973059.375227913,7452121.0179745965
1,All Population,44,Population,157,Yemen,3,Both,24,15-49 years,1,Number,2023,17873069.673578605,21154780.03902004,14366821.099620288
1,All Population,44,Population,157,Yemen,3,Both,25,50-69 years,1,Number,2023,2790556.2374301963,3302935.895596006,2243119.003270909
1,All Population,44,Population,157,Yemen,3,Both,26,70+ years,1,Number,2023,650379.7688718935,769797.3097846038,522791.5493446417
1,All Population,44,Population,157,Yemen,3,Both,28,<1 year,1,Number,2023,1018303.2367297013,1205275.9475270244,818537.6487893857
1,All Population,44,Population,157,Yemen,3,Both,30,80-84 years,1,Number,2023,96064.46844373705,113703.05921745674,77219.02601887818
1,All Population,44,Population,157,Yemen,3,Both,31,85-89 years,1,Number,2023,33852.279692648306,40067.965033226,27211.310370347175
1,All Population,44,Population,157,Yemen,3,Both,32,90-94 years,1,Number,2023,8094.361994398023,9580.5841232089,6506.450923815934
1,All Population,44,Population,157,Yemen,3,Both,34,2-4 years,1,Number,2023,2945655.9608076834,3486513.7919555763,2367792.0459580855
1,All Population,44,Population,106,Bahamas,3,Both,157,25+ years,1,Number,2023,260557.78107015011,281957.5894127546,240434.35176569773
1,All Population,44,Population,106,Bahamas,3,Both,158,<20 years,1,Number,2023,116722.83392614874,126309.36887807454,107708.08223813145
1,All Population,44,Population,106,Bahamas,3,Both,159,10-24 years,1,Number,2023,105584.72567228889,114256.47933864789,97430.19367570168
1,All Population,44,Population,106,Bahamas,3,Both,162,10-19 years,1,Number,2023,70012.40229357831,75762.57403872575,64605.19617521494
1,All Population,44,Population,106,Bahamas,3,Both,235,95+ years,1,Number,2023,155.8510802920698,168.65124781936464,143.8143712619311
1,All Population,44,Population,107,Barbados,3,Both,1,<5 years,1,Number,2023,13216.061354905334,15258.073260585857,11234.884400819628
1,All Population,44,Population,107,Barbados,3,Both,6,5-9 years,1,Number,2023,14645.481455229698,16908.352873036958,12450.024763450552
1,All Population,44,Population,107,Barbados,3,Both,7,10-14 years,1,Number,2023,17205.361940389786,19863.76015604109,14626.161855914412
1,All Population,44,Population,107,Barbados,3,Both,8,15-19 years,1,Number,2023,18837.78489215625,21748.40856387174,16013.873570004918
1,All Population,44,Population,107,Barbados,3,Both,9,20-24 years,1,Number,2023,20322.54630538582,23462.58026822291,17276.059208560564
1,All Population,44,Population,107,Barbados,3,Both,10,25-29 years,1,Number,2023,19156.563977042464,22116.442163332224,16284.865514724239
1,All Population,44,Population,107,Barbados,3,Both,11,30-34 years,1,Number,2023,20684.36418969214,23880.302586354177,17583.638145671197
1,All Population,44,Population,107,Barbados,3,Both,12,35-39 years,1,Number,2023,19772.911275279937,22828.021201740743,16808.818185682852
1,All Population,44,Population,107,Barbados,3,Both,13,40-44 years,1,Number,2023,20196.024161455105,23316.509204436225,17168.503589451862
1,All Population,44,Population,107,Barbados,3,Both,14,45-49 years,1,Number,2023,20607.75135304837,23791.85231037403,17518.510091238233
1,All Population,44,Population,107,Barbados,3,Both,15,50-54 years,1,Number,2023,21196.411856964158,24471.466671503393,18018.926405541086
1,All Population,44,Population,107,Barbados,3,Both,16,55-59 years,1,Number,2023,21358.146013989117,24658.19035190686,18156.415518904272
1,All Population,44,Population,107,Barbados,3,Both,17,60-64 years,1,Number,2023,21009.48271387662,24255.655131047013,17860.01920487549
1,All Population,44,Population,107,Barbados,3,Both,18,65-69 years,1,Number,2023,18050.388158539005,20839.35126426873,15344.512930536544
1,All Population,44,Population,108,Belize,3,Both,16,55-59 years,1,Number,2023,16038.367290781958,17253.835476216977,14817.694581476635
1,All Population,44,Population,108,Belize,3,Both,17,60-64 years,1,Number,2023,12873.551252452646,13849.1737517526,11893.751226626817
1,All Population,44,Population,108,Belize,3,Both,18,65-69 years,1,Number,2023,9593.247613427995,10320.272195027635,8863.109978903909
1,All Population,44,Population,108,Belize,3,Both,19,70-74 years,1,Number,2023,6574.84571316115,7073.120608828634,6074.437249853187
1,All Population,44,Population,109,Cuba,3,Both,8,15-19 years,1,Number,2023,630796.5184271227,720000.0515874033,545428.8365887736
1,All Population,44,Population,109,Cuba,3,Both,9,20-24 years,1,Number,2023,677524.1285922555,773335.6055206147,585832.651930831
1,All Population,44,Population,109,Cuba,3,Both,10,25-29 years,1,Number,2023,721804.9182012021,823878.3239272885,624120.782657777
1,All Population,44,Population,109,Cuba,3,Both,11,30-34 years,1,Number,2023,811265.7088725574,925990.1333884996,701474.5624437801
1,All Population,44,Population,110,Dominica,3,Both,8,15-19 years,1,Number,2023,5598.410941762876,6385.46280525981,4794.234096939113
1,All Population,44,Population,110,Dominica,3,Both,9,20-24 years,1,Number,2023,5450.829311615379,6217.133431112489,4667.851648295179
1,All Population,44,Population,110,Dominica,3,Both,10,25-29 years,1,Number,2023,5036.377308864032,5744.415748244282,4312.933093047154
1,All Population,44,Population,110,Dominica,3,Both,11,30-34 years,1,Number,2023,5195.2319605208595,5925.602960142266,4448.969263909369
1,All Population,44,Population,110,Dominica,3,Both,12,35-39 years,1,Number,2023,4881.034830343097,5567.234467879046,4179.904593536259
1,All Population,44,Population,110,Dominica,3,Both,13,40-44 years,1,Number,2023,4255.803011143752,4854.1045158814195,3644.483428981145
1,All Population,44,Population,110,Dominica,3,Both,14,45-49 years,1,Number,2023,3745.717442965596,4272.308635410417,3207.6684740314054
1,All Population,44,Population,110,Dominica,3,Both,15,50-54 years,1,Number,2023,4345.718074267479,4956.660276289454,3721.4827536002954
1,All Population,44,Population,110,Dominica,3,Both,16,55-59 years,1,Number,2023,4446.593664499177,5071.717448062612,3807.8681939097883
1,All Population,44,Population,110,Dominica,3,Both,17,60-64 years,1,Number,2023,3898.1375395498267,4446.156691160007,3338.19437355974
1,All Population,44,Population,110,Dominica,3,Both,18,65-69 years,1,Number,2023,3080.7909668152474,3513.903558352327,2638.2545426357647
1,All Population,44,Population,110,Dominica,3,Both,19,70-74 years,1,Number,2023,2202.3564255122137,2511.974412975995,1886.001649153468
1,All Population,44,Population,110,Dominica,3,Both,20,75-79 years,1,Number,2023,1613.2040092803286,1839.996082051071,1381.4773061613193
1,All Population,44,Population,110,Dominica,3,Both,21,80+ years,1,Number,2023,2391.6821357580698,2727.916453213869,2048.1319009213175
1,All Population,44,Population,110,Dominica,3,Both,23,5-14 years,1,Number,2023,9682.367021000362,11043.561310989367,8291.55533490397
1,All Population,44,Population,110,Dominica,3,Both,24,15-49 years,1,Number,2023,34163.40480721559,38966.26256392972,29256.044598739627
1,All Population,44,Population,110,Dominica,3,Both,25,50-69 years,1,Number,2023,15771.24024513173,17988.4379738644,13505.79986370559
1,All Population,44,Population,110,Dominica,3,Both,26,70+ years,1,Number,2023,6207.242570550612,7079.8869482409345,5315.610856236103
1,All Population,44,Population,110,Dominica,3,Both,28,<1 year,1,Number,2023,616.8928727810362,703.6186758974835,528.2800558249613
1,All Population,44,Population,110,Dominica,3,Both,30,80-84 years,1,Number,2023,1254.651525834592,1431.036545033708,1074.428652613129
1,All Population,44,Population,110,Dominica,3,Both,31,85-89 years,1,Number,2023,764.762663179053,872.2767212661178,654.9092722951231
1,All Population,44,Population,110,Dominica,3,Both,32,90-94 years,1,Number,2023,291.24721483683095,332.1921661024911,249.41136735661013
1,All Population,44,Population,110,Dominica,3,Both,34,2-4 years,1,Number,2023,2085.0129429713493,2378.134212426444,1785.513826643989
1,All Population,44,Population,374,Niue,3,Both,235,95+ years,1,Number,2023,1.6548403694487102,1.7798904270464666,1.533019280528773
1,All Population,44,Population,376,Northern Mariana Islands,3,Both,1,<5 years,1,Number,2023,2750.7025515919413,2983.8628694371923,2500.317132287245
1,All Population,44,Population,376,Northern Mariana Islands,3,Both,6,5-9 years,1,Number,2023,3525.215238703739,3824.026284286766,3204.329036314714
1,All Population,44,Population,376,Northern Mariana Islands,3,Both,7,10-14 years,1,Number,2023,4282.138470295288,4645.10929249982,3892.352582400889
1,All Population,44,Population,376,Northern Mariana Islands,3,Both,8,15-19 years,1,Number,2023,3723.707419754176,4039.343439741191,3384.753270341125
1,All Population,44,Population,376,Northern Mariana Islands,3,Both,9,20-24 years,1,Number,2023,3569.814426254205,3872.4058735891003,3244.868538724375
1,All Population,44,Population,376,Northern Mariana Islands,3,Both,10,25-29 years,1,Number,2023,2730.8586095013875,2962.3368771218857,2482.2795046446586
1,All Population,44,Population,376,Northern Mariana Islands,3,Both,11,30-34 years,1,Number,2023,3541.815823704767,3842.0339998672225,3219.418536653469
1,All Population,44,Population,376,Northern Mariana Islands,3,Both,12,35-39 years,1,Number,2023,3319.845498136267,3601.2486004435677,3017.6532794259656
1,All Population,44,Population,376,Northern Mariana Islands,3,Both,13,40-44 years,1,Number,2023,3143.936262644404,3410.4286094301883,2857.756356011505
1,All Population,44,Population,376,Northern Mariana Islands,3,Both,14,45-49 years,1,Number,2023,4018.2296381421065,4358.830514475394,3652.4663126140535
1,All Population,44,Population,376,Northern Mariana Islands,3,Both,15,50-54 years,1,Number,2023,3199.3186143077482,3470.505386053937,2908.097474359644
1,All Population,44,Population,376,Northern Mariana Islands,3,Both,16,55-59 years,1,Number,2023,3638.9433888302146,3947.3944776873113,3307.7049691359466
1,All Population,44,Population,380,Palau,3,Both,13,40-44 years,1,Number,2023,1460.2381752315484,1592.0369193545055,1334.6912441725244
1,All Population,44,Population,380,Palau,3,Both,14,45-49 years,1,Number,2023,1362.2795739592511,1485.2367326184644,1245.1548318069247
1,All Population,44,Population,380,Palau,3,Both,15,50-54 years,1,Number,2023,1303.3313665009493,1420.9679549661453,1191.2748157322972
1,All Population,44,Population,380,Palau,3,Both,16,55-59 years,1,Number,2023,1197.8584597730114,1305.9752336753975,1094.8701555234363
1,All Population,44,Population,380,Palau,3,Both,17,60-64 years,1,Number,2023,1068.237248944819,1164.6546212779072,976.393390509403
1,All Population,44,Population,380,Palau,3,Both,18,65-69 years,1,Number,2023,894.406102349487,975.1337555673456,817.5077283889269
1,All Population,44,Population,380,Palau,3,Both,19,70-74 years,1,Number,2023,581.766172984011,634.2754500821482,531.7476493958889
1,All Population,44,Population,380,Palau,3,Both,20,75-79 years,1,Number,2023,282.08460450886514,307.54510625529696,257.83181000192053
1,All Population,44,Population,380,Palau,3,Both,21,80+ years,1,Number,2023,161.32748360031255,175.88864224668646,147.45702684535024
1,All Population,44,Population,380,Palau,3,Both,23,5-14 years,1,Number,2023,2164.7197751732306,2360.10389304203,1978.6036134500348
1,All Population,44,Population,380,Palau,3,Both,24,15-49 years,1,Number,2023,9214.961498037004,10046.689070417511,8422.686542122936
1,All Population,44,Population,380,Palau,3,Both,25,50-69 years,1,Number,2023,4463.833177568266,4866.731565486795,4080.046090154063
1,All Population,44,Population,380,Palau,3,Both,26,70+ years,1,Number,2023,1025.1782610931887,1117.7091985841316,937.0364862431594
1,All Population,44,Population,169,Central African Republic,3,Both,157,25+ years,1,Number,2023,2260540.121121775,2690743.534858399,1841159.395057011
1,All Population,44,Population,169,Central African Republic,3,Both,158,<20 years,1,Number,2023,3746918.8459802056,4459995.010155899,3051781.638969192
1,All Population,44,Population,369,Nauru,3,Both,157,25+ years,1,Number,2023,5473.153055765665,5922.696090253747,5031.668148332747
1,All Population,44,Population,369,Nauru,3,Both,158,<20 years,1,Number,2023,5709.340545570347,6178.283081551095,5248.803875650467
1,All Population,44,Population,369,Nauru,3,Both,159,10-24 years,1,Number,2023,3786.889116320458,4097.929134254405,3481.424537869421
1,All Population,44,Population,369,Nauru,3,Both,162,10-19 years,1,Number,2023,2638.066197840765,2854.746468184834,2425.26995419676
1,All Population,44,Population,369,Nauru,3,Both,235,95+ years,1,Number,2023,0.15095866078914089,0.16335780507799247,0.13878177304168723
1,All Population,44,Population,374,Niue,3,Both,1,<5 years,1,Number,2023,115.54669246987952,124.27812108096798,107.04072164777111
1,All Population,44,Population,108,Belize,3,Both,20,75-79 years,1,Number,2023,4137.12851476245,4450.6609334669365,3822.253578847875
1,All Population,44,Population,108,Belize,3,Both,21,80+ years,1,Number,2023,4323.83300905932,4651.514833921003,3994.7480805213772
1,All Population,44,Population,108,Belize,3,Both,23,5-14 years,1,Number,2023,83351.32110794431,89668.10368212273,77007.49064712865
1,All Population,44,Population,108,Belize,3,Both,24,15-49 years,1,Number,2023,221691.85351094147,238492.7778212072,204818.98917570122
1,All Population,44,Population,108,Belize,3,Both,25,50-69 years,1,Number,2023,57558.72974435703,61920.8199453046,53177.961471167575
1,All Population,44,Population,108,Belize,3,Both,26,70+ years,1,Number,2023,15035.80723698292,16175.296376216573,13891.438909222441
1,All Population,44,Population,108,Belize,3,Both,28,<1 year,1,Number,2023,6920.187698064624,7444.634347261311,6393.495416166767
1,All Population,44,Population,108,Belize,3,Both,30,80-84 years,1,Number,2023,2422.162365013981,2605.7260184243014,2237.812708788166
1,All Population,44,Population,108,Belize,3,Both,31,85-89 years,1,Number,2023,1312.9958910831588,1412.5013272839947,1213.06438168342
1,All Population,44,Population,108,Belize,3,Both,32,90-94 years,1,Number,2023,474.05709505070143,509.983527378077,437.9768290180399
1,All Population,44,Population,108,Belize,3,Both,34,2-4 years,1,Number,2023,22061.03229293852,23732.928340944156,20381.977338599674
1,All Population,44,Population,170,Congo,3,Both,157,25+ years,1,Number,2023,2540993.4034041953,2721821.954518818,2358998.91917502
1,All Population,44,Population,170,Congo,3,Both,158,<20 years,1,Number,2023,3020701.219851245,3235667.9427888514,2804348.4501900724
1,All Population,44,Population,170,Congo,3,Both,159,10-24 years,1,Number,2023,1945837.3737124456,2084311.937448703,1806469.9638056683
1,All Population,44,Population,170,Congo,3,Both,162,10-19 years,1,Number,2023,1390774.8547637044,1489748.6661780288,1291162.8872424476
1,All Population,44,Population,170,Congo,3,Both,235,95+ years,1,Number,2023,1088.8536618091582,1166.3413993912466,1010.8663044565094
1,All Population,44,Population,171,Democratic Republic of the Congo,3,Both,1,<5 years,1,Number,2023,14606227.343179421,19237201.57626709,9775461.753563728
1,All Population,44,Population,171,Democratic Republic of the Congo,3,Both,6,5-9 years,1,Number,2023,13483415.265856016,17758396.560006414,9024001.00600527
1,All Population,44,Population,172,Equatorial Guinea,3,Both,6,5-9 years,1,Number,2023,212210.75529335876,238105.39093482768,186679.78611935882
1,All Population,44,Population,172,Equatorial Guinea,3,Both,7,10-14 years,1,Number,2023,213093.8151606889,239096.20459381887,187456.60549845154
1,All Population,44,Population,172,Equatorial Guinea,3,Both,8,15-19 years,1,Number,2023,200572.57800494914,225047.08600021285,176441.79208358965
1,All Population,44,Population,172,Equatorial Guinea,3,Both,9,20-24 years,1,Number,2023,178439.01948559395,200212.71982143662,156971.1108509554
1,All Population,44,Population,172,Equatorial Guinea,3,Both,10,25-29 years,1,Number,2023,152011.07884085173,170559.95726413897,133722.70244528592
1,All Population,44,Population,172,Equatorial Guinea,3,Both,11,30-34 years,1,Number,2023,125457.01323049986,140765.6795692055,110363.34310514673
1,All Population,44,Population,172,Equatorial Guinea,3,Both,12,35-39 years,1,Number,2023,98566.90640328825,110594.35583247273,86708.37149783503
1,All Population,44,Population,172,Equatorial Guinea,3,Both,13,40-44 years,1,Number,2023,72365.71021210152,81196.00581275593,63659.42803462323
1,All Population,44,Population,98,Chile,3,Both,157,25+ years,1,Number,2023,12967442.911498986,14316734.402122643,11613374.628886802
1,All Population,44,Population,351,Guam,3,Both,20,75-79 years,1,Number,2023,3532.8300465909656,3838.91309953282,3222.4675083388147
1,All Population,44,Population,351,Guam,3,Both,21,80+ years,1,Number,2023,3254.500515327248,3536.4692034314044,2968.589495731336
1,All Population,44,Population,351,Guam,3,Both,23,5-14 years,1,Number,2023,23259.784194635355,25275.00305972982,21216.389645041807
1,All Population,44,Population,351,Guam,3,Both,24,15-49 years,1,Number,2023,73988.97690479277,80399.3537517958,67488.97368584087
1,All Population,44,Population,351,Guam,3,Both,25,50-69 years,1,Number,2023,36591.364676123616,39761.62660881529,33376.77788048921
1,All Population,44,Population,351,Guam,3,Both,26,70+ years,1,Number,2023,12263.75401475286,13326.281002991556,11186.371357132084
1,All Population,44,Population,351,Guam,3,Both,28,<1 year,1,Number,2023,2270.414962154447,2467.1228518339067,2070.9568106875013
1,All Population,44,Population,351,Guam,3,Both,30,80-84 years,1,Number,2023,1843.0810621791386,2002.7649051297706,1681.1646073487207
1,All Population,44,Population,351,Guam,3,Both,31,85-89 years,1,Number,2023,1030.7321467017923,1120.0343882665204,940.1813301921933
1,All Population,44,Population,351,Guam,3,Both,32,90-94 years,1,Number,2023,299.8458702060711,325.8244024746253,273.50412035275417
1,All Population,44,Population,351,Guam,3,Both,34,2-4 years,1,Number,2023,6964.309919296305,7567.695084622447,6352.488553642684
1,All Population,44,Population,50,Montenegro,3,Both,1,<5 years,1,Number,2023,36816.280410112195,39494.11275735169,34197.06911312131
1,All Population,44,Population,51,Poland,3,Both,6,5-9 years,1,Number,2023,2079078.477710016,2253610.857244439,1901545.1116383271
1,All Population,44,Population,51,Poland,3,Both,7,10-14 years,1,Number,2023,2155358.3565388443,2336294.2022749167,1971311.4202497683
1,All Population,44,Population,51,Poland,3,Both,8,15-19 years,1,Number,2023,1993178.2868794566,2160499.6039797994,1822979.9734225909
1,All Population,44,Population,51,Poland,3,Both,9,20-24 years,1,Number,2023,1931935.6073901022,2094115.7859067232,1766966.831516142
1,All Population,44,Population,51,Poland,3,Both,10,25-29 years,1,Number,2023,2228435.934168128,2415506.4225600646,2038148.8734777926
1,All Population,44,Population,51,Poland,3,Both,11,30-34 years,1,Number,2023,2688850.423748934,2914571.3225511475,2459248.380483487
1,All Population,44,Population,51,Poland,3,Both,12,35-39 years,1,Number,2023,3152881.367982583,3417556.267676532,2883655.531592231
1,All Population,44,Population,51,Poland,3,Both,13,40-44 years,1,Number,2023,3279770.7827798887,3555097.6668696827,2999709.8070865492
1,All Population,44,Population,51,Poland,3,Both,14,45-49 years,1,Number,2023,3024167.4811100825,3278037.237469699,2765932.5764433923
1,All Population,44,Population,51,Poland,3,Both,15,50-54 years,1,Number,2023,2504054.07009225,2714261.871299172,2290231.863448738
1,All Population,44,Population,51,Poland,3,Both,16,55-59 years,1,Number,2023,2207231.8981067613,2392522.3715020544,2018755.4587742235
1,All Population,44,Population,51,Poland,3,Both,17,60-64 years,1,Number,2023,2388028.984786363,2588496.8293532515,2184114.207883452
1,All Population,44,Population,51,Poland,3,Both,18,65-69 years,1,Number,2023,2555661.884042434,2770202.0058749905,2337432.864945998
1,All Population,44,Population,51,Poland,3,Both,19,70-74 years,1,Number,2023,2147887.180407071,2328195.843397432,1964478.21091983
1,All Population,44,Population,51,Poland,3,Both,20,75-79 years,1,Number,2023,1309852.2884915748,1419810.4450498815,1198003.463001954
1,All Population,44,Population,51,Poland,3,Both,21,80+ years,1,Number,2023,1604552.9253923306,1739250.3132783796,1467539.4913449376
1,All Population,44,Population,51,Poland,3,Both,23,5-14 years,1,Number,2023,4234436.83424886,4589905.059519356,3872856.5318880957
1,All Population,44,Population,51,Poland,3,Both,24,15-49 years,1,Number,2023,18299219.884059176,19835384.307013653,16736641.974022191
1,All Population,44,Population,51,Poland,3,Both,25,50-69 years,1,Number,2023,9654976.837027809,10465483.078029465,8830534.395052413
1,All Population,44,Population,51,Poland,3,Both,26,70+ years,1,Number,2023,5062292.394290976,5487256.601725693,4630021.1652667215
1,All Population,44,Population,51,Poland,3,Both,28,<1 year,1,Number,2023,310585.01727461134,336657.69451784063,284064.03494549403
1,All Population,44,Population,51,Poland,3,Both,30,80-84 years,1,Number,2023,796213.4092687049,863053.1281281605,728224.4188701403
1,All Population,44,Population,51,Poland,3,Both,31,85-89 years,1,Number,2023,532187.932440633,576863.5073187273,486744.18606845
1,All Population,44,Population,51,Poland,3,Both,32,90-94 years,1,Number,2023,212239.72983376627,230056.61624607266,194116.49203610685
1,All Population,44,Population,51,Poland,3,Both,34,2-4 years,1,Number,2023,1132751.9445823797,1227843.0603963267,1036025.7902779677
1,All Population,44,Population,43,Albania,3,Both,1,<5 years,1,Number,2023,118996.87963523714,128077.64948719423,110594.18201231521
1,All Population,44,Population,43,Albania,3,Both,6,5-9 years,1,Number,2023,130383.91470142576,140333.64048776688,121177.14715014867
1,All Population,44,Population,43,Albania,3,Both,7,10-14 years,1,Number,2023,141909.29271329532,152738.53152135105,131888.6864569995
1,All Population,44,Population,43,Albania,3,Both,8,15-19 years,1,Number,2023,148277.3203059286,159592.50961249208,137807.05007122137
1,All Population,44,Population,43,Albania,3,Both,9,20-24 years,1,Number,2023,148350.00421448733,159670.74010216782,137874.6015686821
1,All Population,44,Population,43,Albania,3,Both,10,25-29 years,1,Number,2023,149501.65634721232,160910.27595082592,138944.9323703962
1,All Population,44,Population,43,Albania,3,Both,11,30-34 years,1,Number,2023,158990.1321966585,171122.82679869886,147763.4007901544
1,All Population,44,Population,43,Albania,3,Both,12,35-39 years,1,Number,2023,156968.427198748,168946.84348819012,145884.4539539055
1,All Population,44,Population,43,Albania,3,Both,13,40-44 years,1,Number,2023,143542.58887958678,154496.4661372526,133406.65107967326
1,All Population,44,Population,43,Albania,3,Both,14,45-49 years,1,Number,2023,148300.48557414804,159617.44264529416,137828.5795760091
1,All Population,44,Population,43,Albania,3,Both,15,50-54 years,1,Number,2023,168345.5799909195,181192.19808861866,156458.23463232548
1,All Population,44,Population,43,Albania,3,Both,16,55-59 years,1,Number,2023,182046.1218977959,195938.24193037604,169191.34351686938
1,All Population,44,Population,43,Albania,3,Both,17,60-64 years,1,Number,2023,197615.85322620164,212696.11489143176,183661.65320645776
1,All Population,44,Population,43,Albania,3,Both,18,65-69 years,1,Number,2023,171616.2818434503,184712.4904419109,159497.9832130916
1,All Population,44,Population,43,Albania,3,Both,19,70-74 years,1,Number,2023,100763.29783565436,108452.64498471047,93648.1236748127
1,All Population,44,Population,43,Albania,3,Both,20,75-79 years,1,Number,2023,71772.26919284655,77249.28220605126,66704.23146289031
1,All Population,44,Population,43,Albania,3,Both,21,80+ years,1,Number,2023,87636.47877509907,94324.10534843437,81448.22548524797
1,All Population,44,Population,43,Albania,3,Both,23,5-14 years,1,Number,2023,272293.2074147211,293072.1720091179,253065.8336071482
1,All Population,44,Population,43,Albania,3,Both,24,15-49 years,1,Number,2023,1053930.6147167697,1134357.1047349216,979509.669410042
1,All Population,44,Population,43,Albania,3,Both,25,50-69 years,1,Number,2023,719623.8369583674,774539.0453523375,668809.2145687442
1,All Population,44,Population,43,Albania,3,Both,26,70+ years,1,Number,2023,260172.04580359996,280026.0325391962,241800.580622951
1,All Population,44,Population,43,Albania,3,Both,28,<1 year,1,Number,2023,23183.082114398912,24952.20609298717,21546.060794413144
1,All Population,44,Population,43,Albania,3,Both,30,80-84 years,1,Number,2023,53157.7231096461,57214.24165779982,49404.10977976263
1,All Population,44,Population,43,Albania,3,Both,31,85-89 years,1,Number,2023,25010.975484955063,26919.587818723885,23244.881576454303
1,All Population,44,Population,43,Albania,3,Both,32,90-94 years,1,Number,2023,7486.02864518459,8057.294912337612,6957.419531274755
1,All Population,44,Population,43,Albania,3,Both,34,2-4 years,1,Number,2023,72375.7308352781,77898.7946046556,67265.08101562734
1,All Population,44,Population,44,Bosnia and Herzegovina,3,Both,30,80-84 years,1,Number,2023,67907.15895521856,76044.59804031797,59667.41682233506
1,All Population,44,Population,44,Bosnia and Herzegovina,3,Both,31,85-89 years,1,Number,2023,41721.38816872995,46720.93843695298,36658.984068405654
1,All Population,44,Population,44,Bosnia and Herzegovina,3,Both,32,90-94 years,1,Number,2023,14840.444116790894,16618.8016840077,13039.729221024692
1,All Population,44,Population,44,Bosnia and Herzegovina,3,Both,34,2-4 years,1,Number,2023,87782.38398876453,98301.5076488257,77131.01498724046
1,All Population,44,Population,106,Bahamas,3,Both,1,<5 years,1,Number,2023,21100.197023232537,22833.17222141631,19470.58411601823
1,All Population,44,Population,106,Bahamas,3,Both,6,5-9 years,1,Number,2023,25610.234609337895,27713.622617932466,23632.301946898242
1,All Population,44,Population,106,Bahamas,3,Both,7,10-14 years,1,Number,2023,33557.0238087541,36313.087646518405,30965.343784807777
1,All Population,44,Population,106,Bahamas,3,Both,8,15-19 years,1,Number,2023,36455.378484824214,39449.48639220735,33639.85239040716
1,All Population,44,Population,106,Bahamas,3,Both,9,20-24 years,1,Number,2023,35572.32337871057,38493.905299922124,32824.99750048675
1,All Population,44,Population,106,Bahamas,3,Both,10,25-29 years,1,Number,2023,31882.17341395149,34500.68051745092,29419.84563339978
1,All Population,44,Population,106,Bahamas,3,Both,11,30-34 years,1,Number,2023,34204.74320931834,37014.00473311961,31563.038444169342
1,All Population,44,Population,106,Bahamas,3,Both,12,35-39 years,1,Number,2023,30433.123817930875,32932.619378169504,28082.70920682819
1,All Population,44,Population,106,Bahamas,3,Both,13,40-44 years,1,Number,2023,29733.97635264159,32176.05040084953,27437.55838110711
1,All Population,44,Population,106,Bahamas,3,Both,14,45-49 years,1,Number,2023,28210.47194895539,30527.41942403205,26031.71744936438
1,All Population,44,Population,106,Bahamas,3,Both,15,50-54 years,1,Number,2023,27131.23895134575,29359.54820110822,25035.835902021285
1,All Population,44,Population,106,Bahamas,3,Both,16,55-59 years,1,Number,2023,24337.782115785434,26336.66263519564,22458.123654531064
1,All Population,44,Population,106,Bahamas,3,Both,17,60-64 years,1,Number,2023,19424.60121856885,21019.95846141004,17924.398124331532
1,All Population,44,Population,106,Bahamas,3,Both,18,65-69 years,1,Number,2023,14330.907228502778,15507.915517435955,13224.100909777651
1,All Population,44,Population,106,Bahamas,3,Both,19,70-74 years,1,Number,2023,9139.811237129892,9890.47087185215,8433.924256779443
1,All Population,44,Population,106,Bahamas,3,Both,20,75-79 years,1,Number,2023,5670.760391770465,6136.504247288056,5232.795555803591
1,All Population,44,Population,106,Bahamas,3,Both,21,80+ years,1,Number,2023,6058.191184249264,6555.755024842784,5590.3042475844395
1,All Population,44,Population,107,Barbados,3,Both,19,70-74 years,1,Number,2023,14079.830276834233,16255.303005294681,11969.168521200914
1,All Population,44,Population,107,Barbados,3,Both,20,75-79 years,1,Number,2023,9594.913152936746,11077.42192511306,8156.570797784426
1,All Population,44,Population,107,Barbados,3,Both,21,80+ years,1,Number,2023,11061.869563771175,12771.037578485468,9403.620524187889
1,All Population,44,Population,107,Barbados,3,Both,23,5-14 years,1,Number,2023,31850.843395619482,36772.11302907804,27076.186619364962
1,All Population,44,Population,107,Barbados,3,Both,24,15-49 years,1,Number,2023,139577.94615406008,161144.11629833205,118654.26830533386
1,All Population,44,Population,107,Barbados,3,Both,25,50-69 years,1,Number,2023,81614.4287433689,94224.66341872599,69379.8740598574
1,All Population,44,Population,107,Barbados,3,Both,26,70+ years,1,Number,2023,34736.612993542156,40103.76250889321,29529.35984317324
1,All Population,44,Population,107,Barbados,3,Both,28,<1 year,1,Number,2023,2534.367883198343,2925.9527322611475,2154.4490020330472
1,All Population,44,Population,107,Barbados,3,Both,30,80-84 years,1,Number,2023,6033.154618023923,6965.336546359451,5128.743949165435
1,All Population,44,Population,107,Barbados,3,Both,31,85-89 years,1,Number,2023,3386.2580083578077,3909.468288870477,2878.635037596054
1,All Population,44,Population,107,Barbados,3,Both,32,90-94 years,1,Number,2023,1338.7134501461692,1545.5578896567717,1138.031252604029
1,All Population,44,Population,107,Barbados,3,Both,34,2-4 years,1,Number,2023,8097.961357648365,9349.176304370836,6884.022197862703
1,All Population,44,Population,112,Grenada,3,Both,157,25+ years,1,Number,2023,73164.30002961024,83635.7996724585,63490.191623342784
1,All Population,44,Population,112,Grenada,3,Both,158,<20 years,1,Number,2023,31770.897708737295,36318.04630272875,27570.00863477132
1,All Population,44,Population,112,Grenada,3,Both,159,10-24 years,1,Number,2023,25934.17415681127,29645.95292474464,22505.042570525686
1,All Population,44,Population,112,Grenada,3,Both,162,10-19 years,1,Number,2023,16857.409975101753,19270.094337040362,14628.448425793844
1,All Population,44,Population,113,Guyana,3,Both,162,10-19 years,1,Number,2023,139654.21056322628,158577.67234900733,120516.47832810497
1,All Population,44,Population,113,Guyana,3,Both,235,95+ years,1,Number,2023,411.2918409901452,467.02281683678376,354.9298230344035
1,All Population,44,Population,114,Haiti,3,Both,1,<5 years,1,Number,2023,1646631.0906479121,1963680.2783158983,1348411.1362760812
1,All Population,44,Population,160,Afghanistan,3,Both,1,<5 years,1,Number,2023,6212734.329584643,8288710.761609661,4086558.867924123
1,All Population,44,Population,161,Bangladesh,3,Both,1,<5 years,1,Number,2023,16175729.181581855,17320261.485840622,14984649.544879232
1,All Population,44,Population,161,Bangladesh,3,Both,6,5-9 years,1,Number,2023,16474951.958705844,17640656.114368897,15261839.426133791
1,All Population,44,Population,161,Bangladesh,3,Both,7,10-14 years,1,Number,2023,17354480.08801827,18582416.26705425,16076604.598984007
1,All Population,44,Population,161,Bangladesh,3,Both,8,15-19 years,1,Number,2023,17194524.899418082,18411143.26529513,15928427.511128953
1,All Population,44,Population,161,Bangladesh,3,Both,9,20-24 years,1,Number,2023,16029693.871050658,17163893.27911729,14849367.362238636
1,All Population,44,Population,305,Bermuda,3,Both,157,25+ years,1,Number,2023,49028.67891447143,54243.80699437356,43641.22004151501
1,All Population,44,Population,305,Bermuda,3,Both,158,<20 years,1,Number,2023,11043.885241321526,12218.611489477325,9830.340865813005
1,All Population,44,Population,305,Bermuda,3,Both,159,10-24 years,1,Number,2023,8997.673661466664,9954.74657480311,8008.974845249389
1,All Population,44,Population,305,Bermuda,3,Both,162,10-19 years,1,Number,2023,6050.992679063665,6694.630291386779,5386.086446205864
1,All Population,44,Population,305,Bermuda,3,Both,235,95+ years,1,Number,2023,108.18724830294222,119.69501006613918,96.29921942443234
1,All Population,44,Population,320,Cook Islands,3,Both,1,<5 years,1,Number,2023,1097.4831391660061,1188.7947176005148,1010.1055006482611
1,All Population,44,Population,349,Greenland,3,Both,1,<5 years,1,Number,2023,3949.1727383766547,4007.4227708723697,3893.907280160827
1,All Population,44,Population,349,Greenland,3,Both,6,5-9 years,1,Number,2023,3963.080811248367,4021.5359868842784,3907.6207208725723
1,All Population,44,Population,349,Greenland,3,Both,7,10-14 years,1,Number,2023,3747.9919016853078,3803.274530359734,3695.5418055365653
1,All Population,44,Population,349,Greenland,3,Both,8,15-19 years,1,Number,2023,3429.257609815346,3479.838929104517,3381.2679406613797
1,All Population,44,Population,349,Greenland,3,Both,9,20-24 years,1,Number,2023,3743.968932297905,3799.192222444222,3691.5751343314173
1,All Population,44,Population,349,Greenland,3,Both,10,25-29 years,1,Number,2023,4545.82065275757,4612.871201894011,4482.2055925956565
1,All Population,44,Population,349,Greenland,3,Both,11,30-34 years,1,Number,2023,4912.060635874588,4984.513200149664,4843.320345234092
1,All Population,44,Population,349,Greenland,3,Both,12,35-39 years,1,Number,2023,4110.9657780253965,4171.6022469829895,4053.436157904108
1,All Population,44,Population,349,Greenland,3,Both,13,40-44 years,1,Number,2023,3548.938032463486,3601.2846299438606,3499.2735332032444
1,All Population,44,Population,349,Greenland,3,Both,14,45-49 years,1,Number,2023,2915.881287120699,2958.890340150434,2875.0759017624673
1,All Population,44,Population,349,Greenland,3,Both,15,50-54 years,1,Number,2023,3543.040659788743,3595.300271418486,3493.4586894591744
1,All Population,44,Population,349,Greenland,3,Both,16,55-59 years,1,Number,2023,4796.039211576763,4866.780467640408,4728.922546338712
1,All Population,44,Population,349,Greenland,3,Both,17,60-64 years,1,Number,2023,3909.6183824904806,3967.284990895036,3854.906455291729
1,All Population,44,Population,349,Greenland,3,Both,18,65-69 years,1,Number,2023,2501.564220653644,2538.462124796244,2466.5568654252243
1,All Population,44,Population,349,Greenland,3,Both,19,70-74 years,1,Number,2023,1431.508379526728,1452.623031923421,1411.4755848693687
1,All Population,44,Population,349,Greenland,3,Both,20,75-79 years,1,Number,2023,913.9210310709443,927.4013048612171,901.1314500874652
1,All Population,44,Population,349,Greenland,3,Both,21,80+ years,1,Number,2023,646.780182842769,656.320147074281,637.7290206025436
1,All Population,44,Population,349,Greenland,3,Both,23,5-14 years,1,Number,2023,7711.072712933675,7824.810517244013,7603.162526409138
1,All Population,44,Population,98,Chile,3,Both,158,<20 years,1,Number,2023,4824265.600860986,5326241.246188711,4320512.850098519
1,All Population,44,Population,98,Chile,3,Both,159,10-24 years,1,Number,2023,3961625.1720736152,4373841.147898682,3547949.860008345
1,All Population,44,Population,98,Chile,3,Both,162,10-19 years,1,Number,2023,2600609.4894794193,2871208.7339517507,2329052.2634945097
1,All Population,44,Population,98,Chile,3,Both,235,95+ years,1,Number,2023,29426.076159666005,32487.92531802804,26353.38737426163
1,All Population,44,Population,99,Uruguay,3,Both,1,<5 years,1,Number,2023,174873.6419412468,199245.4008009597,149444.4359847144
1,All Population,44,Population,52,Romania,3,Both,157,25+ years,1,Number,2023,14146720.512079746,15340877.992532944,13013764.25786449
1,All Population,44,Population,52,Romania,3,Both,158,<20 years,1,Number,2023,4188136.1548397024,4541666.438709223,3852724.4920391985
1,All Population,44,Population,52,Romania,3,Both,159,10-24 years,1,Number,2023,3202338.4968573805,3472655.314645653,2945875.564333137
1,All Population,44,Population,52,Romania,3,Both,162,10-19 years,1,Number,2023,2214447.3380224044,2401373.9724682528,2037100.7961789784
1,All Population,44,Population,53,Serbia,3,Both,157,25+ years,1,Number,2023,6642600.31062616,7604906.833587706,5689173.206566911
1,All Population,44,Population,53,Serbia,3,Both,158,<20 years,1,Number,2023,1798875.6837877023,2059476.9127577227,1540679.0810186516
1,All Population,44,Population,53,Serbia,3,Both,159,10-24 years,1,Number,2023,1593608.018238406,1824472.3363189981,1364873.9371882363
1,All Population,44,Population,53,Serbia,3,Both,162,10-19 years,1,Number,2023,1060656.5481139906,1214312.7470635485,908418.1695001072
1,All Population,44,Population,53,Serbia,3,Both,235,95+ years,1,Number,2023,3338.065772367096,3821.6478511630917,2858.945814266341
1,All Population,44,Population,54,Slovakia,3,Both,1,<5 years,1,Number,2023,277368.5328690975,298079.6400634542,254585.03511271076
1,All Population,44,Population,51,Poland,3,Both,157,25+ years,1,Number,2023,29091375.2211084,31533508.596882287,26607250.7294026
1,All Population,44,Population,51,Poland,3,Both,158,<20 years,1,Number,2023,7997442.983602972,8668804.247299233,7314538.038903968
1,All Population,44,Population,51,Poland,3,Both,159,10-24 years,1,Number,2023,6080472.250808403,6590909.592161438,5561258.225188501
1,All Population,44,Population,51,Poland,3,Both,162,10-19 years,1,Number,2023,4148536.643418301,4496793.806254716,3794291.393672359
1,All Population,44,Population,51,Poland,3,Both,235,95+ years,1,Number,2023,63911.85384922645,69277.06158541926,58454.39437024012
1,All Population,44,Population,52,Romania,3,Both,235,95+ years,1,Number,2023,17149.743369691158,18597.392972670314,15776.286603348233
1,All Population,44,Population,53,Serbia,3,Both,1,<5 years,1,Number,2023,345896.0441692169,396005.64041244704,296248.82045017905
1,All Population,44,Population,53,Serbia,3,Both,6,5-9 years,1,Number,2023,392323.09150449495,449158.525281727,336012.0910683655
1,All Population,44,Population,53,Serbia,3,Both,7,10-14 years,1,Number,2023,496082.30375689775,567949.2255205608,424878.51425757207
1,All Population,44,Population,53,Serbia,3,Both,8,15-19 years,1,Number,2023,564574.2443570928,646363.5215429878,483539.6552425352
1,All Population,44,Population,53,Serbia,3,Both,9,20-24 years,1,Number,2023,532951.4701244155,610159.5892554498,456455.7676881292
1,All Population,44,Population,53,Serbia,3,Both,10,25-29 years,1,Number,2023,586645.0158920899,671631.6625450212,502442.56015829544
1,All Population,44,Population,53,Serbia,3,Both,11,30-34 years,1,Number,2023,640512.2948816536,733302.6376056739,548578.149537028
1,All Population,44,Population,53,Serbia,3,Both,12,35-39 years,1,Number,2023,671778.6433739649,769098.5091305855,575356.769925355
1,All Population,44,Population,53,Serbia,3,Both,13,40-44 years,1,Number,2023,675314.6073314584,773146.7244688837,578385.2091608421
1,All Population,44,Population,53,Serbia,3,Both,14,45-49 years,1,Number,2023,639235.804682806,731841.2236138225,547484.8767977196
1,All Population,44,Population,53,Serbia,3,Both,15,50-54 years,1,Number,2023,567500.4758467982,649713.6731119631,486045.8782589665
1,All Population,44,Population,53,Serbia,3,Both,16,55-59 years,1,Number,2023,575667.3335155614,659063.654864555,493040.5287961434
1,All Population,44,Population,162,Bhutan,3,Both,157,25+ years,1,Number,2023,443643.22585392103,488027.1469567229,396551.9122794215
1,All Population,44,Population,163,India,3,Both,157,25+ years,1,Number,2023,815156791.8012658,929729828.937051,693521146.4050868
1,All Population,44,Population,163,India,3,Both,158,<20 years,1,Number,2023,496553195.5216638,566345422.3455147,422458777.1002099
1,All Population,44,Population,163,India,3,Both,159,10-24 years,1,Number,2023,396392073.01178044,452106316.1589835,337243445.26842934
1,All Population,44,Population,163,India,3,Both,162,10-19 years,1,Number,2023,264716937.87837064,301923796.5576568,225216542.48206255
1,All Population,44,Population,163,India,3,Both,235,95+ years,1,Number,2023,306282.8185537681,349331.90199042944,260580.06703006956
1,All Population,44,Population,164,Nepal,3,Both,1,<5 years,1,Number,2023,2835483.529321486,3049223.454605959,2612331.948929651
1,All Population,44,Population,164,Nepal,3,Both,6,5-9 years,1,Number,2023,2847973.8064926313,3062655.254054252,2623839.2455750927
1,All Population,44,Population,164,Nepal,3,Both,7,10-14 years,1,Number,2023,2940382.7450940297,3162030.0168009973,2708975.6324307336
1,All Population,44,Population,164,Nepal,3,Both,8,15-19 years,1,Number,2023,2976815.3258201564,3201208.900583303,2742540.9815603043
1,All Population,44,Population,164,Nepal,3,Both,9,20-24 years,1,Number,2023,2887099.4703683616,3104730.2267117207,2659885.7331348755
1,All Population,44,Population,164,Nepal,3,Both,10,25-29 years,1,Number,2023,2665819.767964798,2866770.3685006485,2456020.6673494997
1,All Population,44,Population,380,Palau,3,Both,28,<1 year,1,Number,2023,205.58297581450043,224.1385638582898,187.90756359114903
1,All Population,44,Population,380,Palau,3,Both,30,80-84 years,1,Number,2023,108.05559776560746,117.80852185876384,98.76529915999187
1,All Population,44,Population,380,Palau,3,Both,31,85-89 years,1,Number,2023,39.258009403090206,42.80137405678723,35.882722628887954
1,All Population,44,Population,380,Palau,3,Both,32,90-94 years,1,Number,2023,11.906993867171028,12.981699942242683,10.883265982557342
1,All Population,44,Population,380,Palau,3,Both,34,2-4 years,1,Number,2023,616.769471079956,672.438089446839,563.7414681291996
1,All Population,44,Population,374,Niue,3,Both,6,5-9 years,1,Number,2023,133.32165139289367,143.39626674160152,123.50717680722884
1,All Population,44,Population,374,Niue,3,Both,7,10-14 years,1,Number,2023,137.43755843236036,147.82319738301464,127.32009131237143
1,All Population,44,Population,374,Niue,3,Both,8,15-19 years,1,Number,2023,128.63643984654388,138.35701139468628,119.16686715167998
1,All Population,44,Population,374,Niue,3,Both,9,20-24 years,1,Number,2023,114.11159031901894,122.73457366255354,105.71126455486102
1,All Population,44,Population,374,Niue,3,Both,10,25-29 years,1,Number,2023,105.50971703628169,113.48268919486239,97.74261825244179
1,All Population,44,Population,374,Niue,3,Both,11,30-34 years,1,Number,2023,102.61261786759044,110.36666714720371,95.05878906552924
1,All Population,44,Population,374,Niue,3,Both,12,35-39 years,1,Number,2023,101.44054016973794,109.10601994963908,93.97299387811535
1,All Population,44,Population,374,Niue,3,Both,13,40-44 years,1,Number,2023,105.2234304387771,113.17476899681945,97.47740664542877
1,All Population,44,Population,374,Niue,3,Both,14,45-49 years,1,Number,2023,101.84114376730825,109.53689565313267,94.34410703818953
1,All Population,44,Population,374,Niue,3,Both,15,50-54 years,1,Number,2023,102.45710637129208,110.19940423250378,94.91472554945204
1,All Population,44,Population,374,Niue,3,Both,16,55-59 years,1,Number,2023,101.53973994617814,109.21271587977881,94.06489106210634
1,All Population,44,Population,374,Niue,3,Both,17,60-64 years,1,Number,2023,100.54280421712123,108.14044547032529,93.14134476585458
1,All Population,44,Population,374,Niue,3,Both,18,65-69 years,1,Number,2023,91.0777169214827,97.96011715607315,84.3730299579824
1,All Population,44,Population,374,Niue,3,Both,19,70-74 years,1,Number,2023,56.002769265171594,60.23468773388562,51.88012489392752
1,All Population,44,Population,376,Northern Mariana Islands,3,Both,17,60-64 years,1,Number,2023,2643.2803326685953,2867.3351226575855,2402.6731270468713
1,All Population,44,Population,376,Northern Mariana Islands,3,Both,18,65-69 years,1,Number,2023,1540.3575442353736,1670.9242805047666,1400.1449758610445
1,All Population,44,Population,376,Northern Mariana Islands,3,Both,19,70-74 years,1,Number,2023,1257.7492354211154,1364.3609849651327,1143.2613677638803
1,All Population,44,Population,376,Northern Mariana Islands,3,Both,20,75-79 years,1,Number,2023,204.40181495058482,221.72771306139398,185.79593765810054
1,All Population,44,Population,376,Northern Mariana Islands,3,Both,21,80+ years,1,Number,2023,293.67893666902233,318.57231315517714,266.9465211062149
1,All Population,44,Population,376,Northern Mariana Islands,3,Both,23,5-14 years,1,Number,2023,7807.353708999028,8469.135576786586,7096.681618715603
1,All Population,44,Population,376,Northern Mariana Islands,3,Both,24,15-49 years,1,Number,2023,24048.207678137314,26086.62791466855,21859.195798415152
1,All Population,44,Population,376,Northern Mariana Islands,3,Both,25,50-69 years,1,Number,2023,11021.899880041932,11956.159266903602,10018.620546403508
1,All Population,44,Population,376,Northern Mariana Islands,3,Both,26,70+ years,1,Number,2023,1755.8299870407227,1904.6610111817035,1596.0038265281958
1,All Population,44,Population,376,Northern Mariana Islands,3,Both,28,<1 year,1,Number,2023,516.4569767151564,560.2338920979605,469.4459698024601
1,All Population,44,Population,376,Northern Mariana Islands,3,Both,30,80-84 years,1,Number,2023,183.27850149961907,198.81390486016096,166.59539469806396
1,All Population,44,Population,376,Northern Mariana Islands,3,Both,31,85-89 years,1,Number,2023,77.6942365275956,84.27990420476206,70.62204183345764
1,All Population,44,Population,376,Northern Mariana Islands,3,Both,32,90-94 years,1,Number,2023,29.6264044933595,32.13765453174912,26.92963173351775
1,All Population,44,Population,376,Northern Mariana Islands,3,Both,34,2-4 years,1,Number,2023,1708.1510281519777,1852.9405970645132,1552.6648920112102
1,All Population,44,Population,349,Greenland,3,Both,24,15-49 years,1,Number,2023,27206.89292835499,27608.192770669695,26826.15460569237
1,All Population,44,Population,349,Greenland,3,Both,25,50-69 years,1,Number,2023,14750.262474509631,14967.827854750176,14543.844556514836
1,All Population,44,Population,349,Greenland,3,Both,26,70+ years,1,Number,2023,2992.209593440441,3036.3444838589194,2950.336055559377
1,All Population,44,Population,349,Greenland,3,Both,28,<1 year,1,Number,2023,746.2842549801052,757.2918975886938,735.8406142373389
1,All Population,44,Population,349,Greenland,3,Both,30,80-84 years,1,Number,2023,447.05758252369856,453.65165182241583,440.8013755193962
1,All Population,44,Population,349,Greenland,3,Both,31,85-89 years,1,Number,2023,151.79542530372865,154.03439762588584,149.6711718739014
1,All Population,44,Population,349,Greenland,3,Both,32,90-94 years,1,Number,2023,42.811269475534566,43.44273282326287,42.21216060359922
1,All Population,44,Population,349,Greenland,3,Both,34,2-4 years,1,Number,2023,2446.958669981796,2483.0511459216305,2412.7154749912106
1,All Population,44,Population,169,Central African Republic,3,Both,159,10-24 years,1,Number,2023,2108284.488425292,2509512.131135054,1717150.5858480108
1,All Population,44,Population,169,Central African Republic,3,Both,162,10-19 years,1,Number,2023,1550891.9228539495,1846042.1806681002,1263166.8015091866
1,All Population,44,Population,169,Central African Republic,3,Both,235,95+ years,1,Number,2023,789.9748286350498,940.3149464101565,643.4168383077425
1,All Population,44,Population,170,Congo,3,Both,1,<5 years,1,Number,2023,770025.1960850568,824823.6620485139,714873.4045781518
1,All Population,44,Population,170,Congo,3,Both,6,5-9 years,1,Number,2023,859901.1690024841,921095.6145623078,798312.158369473
1,All Population,44,Population,170,Congo,3,Both,7,10-14 years,1,Number,2023,745090.4931193701,798114.4931579186,691724.608809063
1,All Population,44,Population,170,Congo,3,Both,8,15-19 years,1,Number,2023,645684.3616443343,691634.1730201107,599438.2784333845
1,All Population,44,Population,170,Congo,3,Both,9,20-24 years,1,Number,2023,555062.5189487413,594563.2712706738,515307.0765632208
1,All Population,44,Population,171,Democratic Republic of the Congo,3,Both,7,10-14 years,1,Number,2023,12113092.03900897,15953605.800549483,8106889.285139269
1,All Population,44,Population,171,Democratic Republic of the Congo,3,Both,8,15-19 years,1,Number,2023,10396782.936577654,13693132.688985119,6958220.734807194
1,All Population,44,Population,171,Democratic Republic of the Congo,3,Both,9,20-24 years,1,Number,2023,8648173.846799351,11390118.724611491,5787934.87813499
1,All Population,44,Population,171,Democratic Republic of the Congo,3,Both,10,25-29 years,1,Number,2023,7197295.533361035,9479232.503106754,4816910.319304318
1,All Population,44,Population,171,Democratic Republic of the Congo,3,Both,11,30-34 years,1,Number,2023,6030222.862673875,7942133.860681118,4035827.4299393753
1,All Population,44,Population,171,Democratic Republic of the Congo,3,Both,12,35-39 years,1,Number,2023,5018531.179378467,6609680.490805643,3358735.8631652268
1,All Population,44,Population,171,Democratic Republic of the Congo,3,Both,13,40-44 years,1,Number,2023,4067588.5946809873,5357237.01176968,2722301.6458869306
1,All Population,44,Population,171,Democratic Republic of the Congo,3,Both,14,45-49 years,1,Number,2023,3267882.1485460275,4303979.812310697,2187084.741850368
1,All Population,44,Population,171,Democratic Republic of the Congo,3,Both,15,50-54 years,1,Number,2023,2698015.2556620836,3553433.895663123,1805691.7999822884
1,All Population,44,Population,171,Democratic Republic of the Congo,3,Both,16,55-59 years,1,Number,2023,2198795.195342889,2895933.7277117404,1471580.4314815847
1,All Population,44,Population,171,Democratic Republic of the Congo,3,Both,17,60-64 years,1,Number,2023,1713590.062238071,2256891.986674105,1146848.7872412396
1,All Population,44,Population,171,Democratic Republic of the Congo,3,Both,18,65-69 years,1,Number,2023,1210350.809958307,1594098.322729364,810047.5073508496
1,All Population,44,Population,171,Democratic Republic of the Congo,3,Both,19,70-74 years,1,Number,2023,760844.0141327435,1002073.2475318146,509207.57193715905
1,All Population,44,Population,171,Democratic Republic of the Congo,3,Both,20,75-79 years,1,Number,2023,433220.93852344906,570575.7089510767,289940.35323957354
1,All Population,44,Population,171,Democratic Republic of the Congo,3,Both,21,80+ years,1,Number,2023,406282.7704660551,535096.6658799421,271911.5340675172
1,All Population,44,Population,171,Democratic Republic of the Congo,3,Both,23,5-14 years,1,Number,2023,25596507.304864988,33712002.3605559,17130890.291144535
1,All Population,44,Population,171,Democratic Republic of the Congo,3,Both,24,15-49 years,1,Number,2023,44626477.102017395,58775515.09227051,29867015.6130884
1,All Population,44,Population,171,Democratic Republic of the Congo,3,Both,25,50-69 years,1,Number,2023,7820751.323201351,10300357.932778334,5234168.526055961
1,All Population,44,Population,114,Haiti,3,Both,6,5-9 years,1,Number,2023,1526819.3334835707,1820799.4679205245,1250298.3844066653
1,All Population,44,Population,114,Haiti,3,Both,7,10-14 years,1,Number,2023,1423587.4458502976,1697690.883982019,1165762.73601882
1,All Population,44,Population,114,Haiti,3,Both,8,15-19 years,1,Number,2023,1307727.710253571,1559523.0337972727,1070886.2584568928
1,All Population,44,Population,114,Haiti,3,Both,9,20-24 years,1,Number,2023,1198789.1456169048,1429608.9855687227,981677.4644772939
1,All Population,44,Population,114,Haiti,3,Both,10,25-29 years,1,Number,2023,1102651.5377190276,1314960.643444169,902951.2568642492
1,All Population,44,Population,114,Haiti,3,Both,11,30-34 years,1,Number,2023,1067381.3225433326,1272899.354582425,874068.8003189599
1,All Population,44,Population,114,Haiti,3,Both,12,35-39 years,1,Number,2023,986975.2467652546,1177011.5590956667,808225.0004422326
1,All Population,44,Population,114,Haiti,3,Both,13,40-44 years,1,Number,2023,823011.3181692578,981477.3348436115,673956.439304216
1,All Population,44,Population,114,Haiti,3,Both,14,45-49 years,1,Number,2023,643988.621493939,767984.8647761793,527356.39074799
1,All Population,44,Population,114,Haiti,3,Both,15,50-54 years,1,Number,2023,501951.04865520884,598598.7878659437,411043.12175098114
1,All Population,44,Population,114,Haiti,3,Both,16,55-59 years,1,Number,2023,403409.93591671146,481084.16009843844,330348.7060119076
1,All Population,44,Population,114,Haiti,3,Both,17,60-64 years,1,Number,2023,318255.06402608205,379533.2155767061,260616.16044196632
1,All Population,44,Population,114,Haiti,3,Both,18,65-69 years,1,Number,2023,232766.39194983747,277584.1995955476,190610.26895372497
1,All Population,44,Population,114,Haiti,3,Both,19,70-74 years,1,Number,2023,153905.9771829271,183539.67310925297,126032.19673889043
1,All Population,44,Population,114,Haiti,3,Both,20,75-79 years,1,Number,2023,85219.43134654802,101627.9345233704,69785.41271778458
1,All Population,44,Population,114,Haiti,3,Both,21,80+ years,1,Number,2023,68681.7425100346,81906.01040713838,56242.85062110453
1,All Population,44,Population,114,Haiti,3,Both,23,5-14 years,1,Number,2023,2950406.779333868,3518490.351902544,2416061.120425485
1,All Population,44,Population,114,Haiti,3,Both,24,15-49 years,1,Number,2023,7130524.902561287,8503465.776108049,5839121.610611833
1,All Population,44,Population,114,Haiti,3,Both,25,50-69 years,1,Number,2023,1456382.4405478397,1736800.363136636,1192618.2571585798
1,All Population,44,Population,114,Haiti,3,Both,26,70+ years,1,Number,2023,307807.15103950974,367073.6180397617,252060.46007777957
1,All Population,44,Population,114,Haiti,3,Both,28,<1 year,1,Number,2023,341644.11066653905,407425.6863780465,279769.2367661012
1,All Population,44,Population,114,Haiti,3,Both,30,80-84 years,1,Number,2023,43553.3976520077,51939.34968715142,35665.47889820275
1,All Population,44,Population,114,Haiti,3,Both,31,85-89 years,1,Number,2023,18444.44302478767,21995.8126735269,15103.985657921303
1,All Population,44,Population,114,Haiti,3,Both,32,90-94 years,1,Number,2023,5335.824673830815,6363.206513020552,4369.458011739069
1,All Population,44,Population,114,Haiti,3,Both,34,2-4 years,1,Number,2023,970820.44325676,1157746.242638404,794995.9796379217
1,All Population,44,Population,172,Equatorial Guinea,3,Both,14,45-49 years,1,Number,2023,51144.1398410907,57384.911495433065,44991.01411516529
1,All Population,44,Population,172,Equatorial Guinea,3,Both,15,50-54 years,1,Number,2023,37841.20917449989,42458.714646603315,33288.552342354524
1,All Population,44,Population,172,Equatorial Guinea,3,Both,16,55-59 years,1,Number,2023,27237.532733241744,30561.143663917086,23960.598877429908
1,All Population,44,Population,172,Equatorial Guinea,3,Both,17,60-64 years,1,Number,2023,18860.945555518705,21162.418505551715,16591.794687530117
1,All Population,44,Population,172,Equatorial Guinea,3,Both,18,65-69 years,1,Number,2023,13605.512320014237,15265.700484159142,11968.639979785445
1,All Population,44,Population,172,Equatorial Guinea,3,Both,19,70-74 years,1,Number,2023,9308.905846221754,10444.808335119764,8188.95606858203
1,All Population,44,Population,172,Equatorial Guinea,3,Both,20,75-79 years,1,Number,2023,5909.73033846594,6630.854551243762,5198.733655524735
1,All Population,44,Population,172,Equatorial Guinea,3,Both,21,80+ years,1,Number,2023,6196.97293829517,6953.147412559521,5451.418242723729
1,All Population,44,Population,172,Equatorial Guinea,3,Both,23,5-14 years,1,Number,2023,425304.57045404764,477201.5955286466,374136.3916178104
1,All Population,44,Population,172,Equatorial Guinea,3,Both,24,15-49 years,1,Number,2023,878556.4460183751,985760.7157956559,772857.7621326011
1,All Population,44,Population,172,Equatorial Guinea,3,Both,25,50-69 years,1,Number,2023,97545.19978327458,109447.97730023126,85809.5858871
1,All Population,44,Population,172,Equatorial Guinea,3,Both,26,70+ years,1,Number,2023,21415.609122982863,24028.81029892305,18839.1079668305
1,All Population,44,Population,172,Equatorial Guinea,3,Both,28,<1 year,1,Number,2023,40066.23738491567,44955.247921505856,35245.88852852358
1,All Population,44,Population,172,Equatorial Guinea,3,Both,30,80-84 years,1,Number,2023,3657.9452847413913,4104.29947736403,3217.859728399971
1,All Population,44,Population,172,Equatorial Guinea,3,Both,31,85-89 years,1,Number,2023,1736.0628728035551,1947.9028216307706,1527.1980222525028
1,All Population,44,Population,172,Equatorial Guinea,3,Both,32,90-94 years,1,Number,2023,596.4057957274744,669.1811400000773,524.6525145855097
1,All Population,44,Population,172,Equatorial Guinea,3,Both,34,2-4 years,1,Number,2023,123294.64095557797,138339.44770760566,108461.124750404
1,All Population,44,Population,110,Dominica,3,Both,157,25+ years,1,Number,2023,45092.64736951968,51431.99124966275,38615.36957344703
1,All Population,44,Population,110,Dominica,3,Both,158,<20 years,1,Number,2023,18621.332630264427,21239.21022087068,15946.494238300222
1,All Population,44,Population,110,Dominica,3,Both,159,10-24 years,1,Number,2023,16398.751365226206,18704.16766197273,14043.172921785897
1,All Population,44,Population,110,Dominica,3,Both,162,10-19 years,1,Number,2023,10947.922053610828,12487.034230860236,9375.321273490721
1,All Population,44,Population,110,Dominica,3,Both,235,95+ years,1,Number,2023,81.02073190759391,92.41102081155165,69.38260865645503
1,All Population,44,Population,111,Dominican Republic,3,Both,1,<5 years,1,Number,2023,1016191.4291244467,1090698.7141568968,943543.8789933419
1,All Population,44,Population,112,Grenada,3,Both,1,<5 years,1,Number,2023,7130.455533201476,8150.988259395077,6187.635062202047
1,All Population,44,Population,112,Grenada,3,Both,6,5-9 years,1,Number,2023,7783.032200434064,8896.963706293316,6753.925146775417
1,All Population,44,Population,112,Grenada,3,Both,7,10-14 years,1,Number,2023,8378.742777132375,9577.934212883838,7270.868227640277
1,All Population,44,Population,112,Grenada,3,Both,8,15-19 years,1,Number,2023,8478.66719796938,9692.160124156522,7357.580198153569
1,All Population,44,Population,112,Grenada,3,Both,9,20-24 years,1,Number,2023,9076.764181709517,10375.85858770428,7876.594144731838
1,All Population,44,Population,112,Grenada,3,Both,10,25-29 years,1,Number,2023,9129.912127887475,10436.613231399953,7922.714633629567
1,All Population,44,Population,112,Grenada,3,Both,11,30-34 years,1,Number,2023,8015.113744564851,9162.261474805307,6955.319839311828
1,All Population,44,Population,112,Grenada,3,Both,12,35-39 years,1,Number,2023,7139.57183405013,8161.409313259098,6195.545965300183
1,All Population,44,Population,112,Grenada,3,Both,13,40-44 years,1,Number,2023,6581.489905966753,7523.452983203173,5711.25610615852
1,All Population,44,Population,112,Grenada,3,Both,14,45-49 years,1,Number,2023,6806.553130965018,7780.727949162995,5906.560472860918
1,All Population,44,Population,112,Grenada,3,Both,15,50-54 years,1,Number,2023,7380.52633963527,8436.849968758284,6404.640396954924
1,All Population,44,Population,112,Grenada,3,Both,16,55-59 years,1,Number,2023,6971.685227089629,7969.494258761828,6049.858070485344
1,All Population,44,Population,112,Grenada,3,Both,17,60-64 years,1,Number,2023,6228.759512924662,7120.238731458583,5405.165290876259
1,All Population,44,Population,164,Nepal,3,Both,11,30-34 years,1,Number,2023,2381908.5211937726,2561457.7741129845,2194453.138238203
1,All Population,44,Population,164,Nepal,3,Both,12,35-39 years,1,Number,2023,2167074.5704998435,2330429.5510506756,1996526.5457156133
1,All Population,44,Population,164,Nepal,3,Both,13,40-44 years,1,Number,2023,1901183.2686412493,2044495.2525019734,1751560.7980380324
1,All Population,44,Population,164,Nepal,3,Both,14,45-49 years,1,Number,2023,1620797.410081741,1742973.7915523949,1493241.210296203
1,All Population,44,Population,164,Nepal,3,Both,15,50-54 years,1,Number,2023,1424019.5059110373,1531362.6872942457,1311949.6596337468
1,All Population,44,Population,164,Nepal,3,Both,16,55-59 years,1,Number,2023,1227212.1807531896,1319719.9442827308,1130631.0034057351
1,All Population,44,Population,164,Nepal,3,Both,17,60-64 years,1,Number,2023,1004721.8521672379,1080458.2023851813,925650.5873029408
1,All Population,44,Population,164,Nepal,3,Both,18,65-69 years,1,Number,2023,813768.1797507963,875110.3628882304,749724.9033550305
1,All Population,44,Population,164,Nepal,3,Both,19,70-74 years,1,Number,2023,635947.4119187471,683885.3917739479,585898.568908989
1,All Population,44,Population,164,Nepal,3,Both,20,75-79 years,1,Number,2023,391349.98206046637,420850.10613478953,360550.8728150647
1,All Population,44,Population,164,Nepal,3,Both,21,80+ years,1,Number,2023,342012.4350616536,367793.47436606145,315096.1738284484
1,All Population,44,Population,164,Nepal,3,Both,23,5-14 years,1,Number,2023,5788356.551586661,6224685.27085525,5332814.878005829
1,All Population,44,Population,164,Nepal,3,Both,24,15-49 years,1,Number,2023,16600698.334569922,17852065.8650137,15294229.074332727
1,All Population,44,Population,164,Nepal,3,Both,25,50-69 years,1,Number,2023,4469721.718582261,4806651.196850389,4117956.1536974525
1,All Population,44,Population,164,Nepal,3,Both,26,70+ years,1,Number,2023,1369309.829040867,1472528.9722747984,1261545.6155525015
1,All Population,44,Population,164,Nepal,3,Both,28,<1 year,1,Number,2023,565553.7257753949,608185.4003527866,521044.8417003497
1,All Population,44,Population,164,Nepal,3,Both,30,80-84 years,1,Number,2023,203873.64679715998,219241.72690881745,187828.8607800394
1,All Population,44,Population,164,Nepal,3,Both,31,85-89 years,1,Number,2023,90126.2195864546,96919.97142503092,83033.3170435604
1,All Population,44,Population,164,Nepal,3,Both,32,90-94 years,1,Number,2023,35183.17124134342,37835.29329200299,32414.267742340875
1,All Population,44,Population,164,Nepal,3,Both,34,2-4 years,1,Number,2023,1704359.7906701595,1832835.13907145,1570227.2602176361
1,All Population,44,Population,165,Pakistan,3,Both,31,85-89 years,1,Number,2023,546294.5591546881,585673.1099439585,509296.9128907663
1,All Population,44,Population,165,Pakistan,3,Both,32,90-94 years,1,Number,2023,178627.10603088187,191503.08374162772,166529.6352226337
1,All Population,44,Population,165,Pakistan,3,Both,34,2-4 years,1,Number,2023,19034495.134092893,20406558.649691176,17745389.273560055
1,All Population,44,Population,161,Bangladesh,3,Both,10,25-29 years,1,Number,2023,14984648.512115408,16044904.535046797,13881272.614461968
1,All Population,44,Population,161,Bangladesh,3,Both,11,30-34 years,1,Number,2023,13837399.797339177,14816480.919260487,12818500.127438057
1,All Population,44,Population,161,Bangladesh,3,Both,12,35-39 years,1,Number,2023,12447768.64954045,13328524.822904214,11531192.735439802
1,All Population,44,Population,161,Bangladesh,3,Both,13,40-44 years,1,Number,2023,10425447.157023285,11163111.649523709,9657782.362882897
1,All Population,44,Population,161,Bangladesh,3,Both,14,45-49 years,1,Number,2023,8923705.60094998,9555112.644139817,8266619.672649266
1,All Population,44,Population,161,Bangladesh,3,Both,15,50-54 years,1,Number,2023,7660306.520865728,8202320.310490608,7096249.407552262
1,All Population,44,Population,161,Bangladesh,3,Both,16,55-59 years,1,Number,2023,6514200.75380138,6975120.512994789,6034535.708711468
1,All Population,44,Population,161,Bangladesh,3,Both,17,60-64 years,1,Number,2023,5626650.289189659,6024770.395458324,5212338.91521268
1,All Population,44,Population,161,Bangladesh,3,Both,18,65-69 years,1,Number,2023,4419003.133021714,4731674.777161436,4093615.3506730655
1,All Population,44,Population,161,Bangladesh,3,Both,19,70-74 years,1,Number,2023,2669966.3236780176,2858882.858718182,2473366.6846066834
1,All Population,44,Population,161,Bangladesh,3,Both,20,75-79 years,1,Number,2023,1651799.3091646805,1768674.2672125634,1530171.1278950737
1,All Population,44,Population,161,Bangladesh,3,Both,21,80+ years,1,Number,2023,1467113.3533494305,1570920.6443882645,1359084.2920135928
1,All Population,44,Population,161,Bangladesh,3,Both,23,5-14 years,1,Number,2023,33829432.04672411,36223072.381423146,31338444.0251178
1,All Population,44,Population,161,Bangladesh,3,Both,24,15-49 years,1,Number,2023,93843188.48743704,100483171.11528744,86933162.38623959
1,All Population,44,Population,161,Bangladesh,3,Both,25,50-69 years,1,Number,2023,24220160.69687848,25933885.996105157,22436739.38214947
1,All Population,44,Population,161,Bangladesh,3,Both,26,70+ years,1,Number,2023,5788878.986192129,6198477.770319012,5362622.104515349
1,All Population,44,Population,161,Bangladesh,3,Both,28,<1 year,1,Number,2023,3229912.807711696,3458448.9996117423,2992082.2079035104
1,All Population,44,Population,161,Bangladesh,3,Both,30,80-84 years,1,Number,2023,968793.8664551205,1037341.9896264808,897457.9388104511
1,All Population,44,Population,161,Bangladesh,3,Both,31,85-89 years,1,Number,2023,371736.6928025655,398039.3496296408,344364.3252238315
1,All Population,44,Population,161,Bangladesh,3,Both,32,90-94 years,1,Number,2023,105754.35472536623,113237.12560638721,97967.26475915727
1,All Population,44,Population,161,Bangladesh,3,Both,34,2-4 years,1,Number,2023,9703019.082407182,10389567.34641368,8988549.378206685
1,All Population,44,Population,53,Serbia,3,Both,17,60-64 years,1,Number,2023,617996.5351739887,707525.0434622592,529294.126584536
1,All Population,44,Population,53,Serbia,3,Both,18,65-69 years,1,Number,2023,607176.2894995837,695137.2801734238,520026.93468668504
1,All Population,44,Population,53,Serbia,3,Both,19,70-74 years,1,Number,2023,491852.88582594873,563107.0962607707,421256.15403011156
1,All Population,44,Population,53,Serbia,3,Both,20,75-79 years,1,Number,2023,256274.65695463397,293400.8970601341,219490.98902369346
1,All Population,44,Population,53,Serbia,3,Both,21,80+ years,1,Number,2023,312645.76764767343,357938.43129061296,267771.02960753324
1,All Population,44,Population,53,Serbia,3,Both,23,5-14 years,1,Number,2023,888405.3952613927,1017107.7508022877,760890.6053259374
1,All Population,44,Population,53,Serbia,3,Both,24,15-49 years,1,Number,2023,4311012.080643481,4935543.868162425,3692242.9885099046
1,All Population,44,Population,53,Serbia,3,Both,25,50-69 years,1,Number,2023,2368340.634035932,2711439.6516122017,2028407.4683263313
1,All Population,44,Population,53,Serbia,3,Both,26,70+ years,1,Number,2023,1060773.3104282562,1214446.424611518,908518.1726613381
1,All Population,44,Population,53,Serbia,3,Both,28,<1 year,1,Number,2023,63510.965587443876,72711.73239658256,54395.09632474314
1,All Population,44,Population,53,Serbia,3,Both,30,80-84 years,1,Number,2023,193407.15928265383,221425.85109938547,165647.0022423148
1,All Population,44,Population,53,Serbia,3,Both,31,85-89 years,1,Number,2023,94452.1140850769,108135.29254550269,80895.19339238509
1,All Population,44,Population,53,Serbia,3,Both,32,90-94 years,1,Number,2023,21448.42850757562,24555.63979456163,18369.88815856702
1,All Population,44,Population,53,Serbia,3,Both,34,2-4 years,1,Number,2023,215574.2970579152,246804.31881759063,184632.44173888545
1,All Population,44,Population,54,Slovakia,3,Both,157,25+ years,1,Number,2023,4024143.6550149326,4324626.444978129,3693594.0177253964
1,All Population,44,Population,54,Slovakia,3,Both,158,<20 years,1,Number,2023,1128866.0181902675,1213158.4390678708,1036139.146375874
1,All Population,44,Population,54,Slovakia,3,Both,159,10-24 years,1,Number,2023,824856.0001565147,886447.994253453,757101.0005734243
1,All Population,44,Population,171,Democratic Republic of the Congo,3,Both,26,70+ years,1,Number,2023,1600347.7231222477,2107745.622362833,1071059.4592442499
1,All Population,44,Population,171,Democratic Republic of the Congo,3,Both,28,<1 year,1,Number,2023,3018667.502534525,3975750.470918168,2020293.6750489208
1,All Population,44,Population,171,Democratic Republic of the Congo,3,Both,30,80-84 years,1,Number,2023,238172.13481859313,313685.74921536155,159400.68163946425
1,All Population,44,Population,171,Democratic Republic of the Congo,3,Both,31,85-89 years,1,Number,2023,113233.04395250227,149134.12207196528,75783.10705359321
1,All Population,44,Population,171,Democratic Republic of the Congo,3,Both,32,90-94 years,1,Number,2023,40743.811316870444,53661.83155118653,27268.47664797377
1,All Population,44,Population,171,Democratic Republic of the Congo,3,Both,34,2-4 years,1,Number,2023,8633232.616729327,11370440.30609169,5777935.210207809
1,All Population,44,Population,522,Sudan,3,Both,157,25+ years,1,Number,2023,17333676.06970031,20222104.484120876,14565316.248836204
1,All Population,44,Population,522,Sudan,3,Both,158,<20 years,1,Number,2023,16617721.787153466,19386845.86677403,13963706.9593196
1,All Population,44,Population,522,Sudan,3,Both,159,10-24 years,1,Number,2023,11683786.769329395,13630735.677158251,9817770.252250547
1,All Population,44,Population,522,Sudan,3,Both,162,10-19 years,1,Number,2023,8141710.27847201,9498418.873680295,6841398.474016561
1,All Population,44,Population,367,Monaco,3,Both,157,25+ years,1,Number,2023,30196.732162077133,33638.77474211008,26802.019986096977
1,All Population,44,Population,367,Monaco,3,Both,158,<20 years,1,Number,2023,6850.475916849908,7631.342855455281,6080.346424646287
1,All Population,44,Population,367,Monaco,3,Both,159,10-24 years,1,Number,2023,5344.434390400912,5953.631790941322,4743.6138644763905
1,All Population,44,Population,367,Monaco,3,Both,162,10-19 years,1,Number,2023,3496.556237127963,3895.119081182622,3103.473900653009
1,All Population,44,Population,367,Monaco,3,Both,235,95+ years,1,Number,2023,107.66777382774373,119.94052771459872,95.56377857382226
1,All Population,44,Population,369,Nauru,3,Both,1,<5 years,1,Number,2023,1569.3162499428697,1698.2136481852954,1442.7293571080081
1,All Population,44,Population,369,Nauru,3,Both,6,5-9 years,1,Number,2023,1501.9580977867117,1625.3229651809654,1380.8045643456983
1,All Population,44,Population,369,Nauru,3,Both,7,10-14 years,1,Number,2023,1383.6309877949134,1497.2769367620854,1272.0221596945448
1,All Population,44,Population,369,Nauru,3,Both,8,15-19 years,1,Number,2023,1254.4352100458518,1357.4695314227492,1153.2477945022147
1,All Population,44,Population,369,Nauru,3,Both,9,20-24 years,1,Number,2023,1148.822918479693,1243.1826660695706,1056.154583672661
1,All Population,44,Population,369,Nauru,3,Both,10,25-29 years,1,Number,2023,1037.935535629726,1123.1874344046867,954.2117900666261
1,All Population,44,Population,369,Nauru,3,Both,11,30-34 years,1,Number,2023,960.1586823461842,1039.022299579998,882.7087074089825
1,All Population,44,Population,369,Nauru,3,Both,12,35-39 years,1,Number,2023,853.8897431269032,924.0248521458518,785.0118165713554
1,All Population,44,Population,369,Nauru,3,Both,13,40-44 years,1,Number,2023,716.2365133794093,775.0653333219753,658.4622089542338
1,All Population,44,Population,369,Nauru,3,Both,14,45-49 years,1,Number,2023,585.2208821607293,633.2885989835183,538.0147864502563
1,All Population,44,Population,369,Nauru,3,Both,15,50-54 years,1,Number,2023,441.1976398877658,477.4358601281424,405.6089952398182
1,All Population,44,Population,369,Nauru,3,Both,16,55-59 years,1,Number,2023,334.53861022324975,362.0162817703223,307.5534801049605
1,All Population,44,Population,369,Nauru,3,Both,17,60-64 years,1,Number,2023,235.65095741808148,255.0063902733986,216.64247363146347
1,All Population,44,Population,46,Croatia,3,Both,157,25+ years,1,Number,2023,2942244.8516907366,3176376.236597554,2706142.8783113644
1,All Population,44,Population,46,Croatia,3,Both,158,<20 years,1,Number,2023,749813.9615740149,809480.98117808,689644.7489766
1,All Population,44,Population,46,Croatia,3,Both,159,10-24 years,1,Number,2023,589146.5136357854,636028.2981586829,541870.144234016
1,All Population,44,Population,46,Croatia,3,Both,162,10-19 years,1,Number,2023,392598.4544606561,423839.7768143441,361094.18662564334
1,All Population,44,Population,46,Croatia,3,Both,235,95+ years,1,Number,2023,4278.3551492545475,4618.808533221746,3935.036307868408
1,All Population,44,Population,109,Cuba,3,Both,157,25+ years,1,Number,2023,8204083.033819753,9364256.198348066,7093798.608102149
1,All Population,44,Population,109,Cuba,3,Both,158,<20 years,1,Number,2023,2433463.371165572,2777589.446980582,2104135.100056955
1,All Population,44,Population,109,Cuba,3,Both,159,10-24 years,1,Number,2023,1972619.008251173,2251575.1850447566,1705658.257889769
1,All Population,44,Population,109,Cuba,3,Both,162,10-19 years,1,Number,2023,1295094.8796589172,1478239.5795241417,1119825.605958938
1,All Population,44,Population,54,Slovakia,3,Both,6,5-9 years,1,Number,2023,292343.82615640515,314173.13843816717,268330.2337044041
1,All Population,44,Population,54,Slovakia,3,Both,7,10-14 years,1,Number,2023,290121.71788975794,311785.10535650246,266290.6529875979
1,All Population,44,Population,54,Slovakia,3,Both,8,15-19 years,1,Number,2023,269031.9412750068,289120.5552097468,246933.22457116112
1,All Population,44,Population,54,Slovakia,3,Both,9,20-24 years,1,Number,2023,265702.34099174995,285542.3336872038,243877.12301466524
1,All Population,44,Population,54,Slovakia,3,Both,10,25-29 years,1,Number,2023,308257.57733003824,331275.1693456696,282936.8037410504
1,All Population,44,Population,54,Slovakia,3,Both,11,30-34 years,1,Number,2023,381809.46288196754,410319.1738854872,350447.01902088267
1,All Population,44,Population,54,Slovakia,3,Both,12,35-39 years,1,Number,2023,418438.82517322735,449683.65050650854,384067.58653305104
1,All Population,44,Population,54,Slovakia,3,Both,13,40-44 years,1,Number,2023,440401.62019018875,473286.4073359321,404226.3222148857
1,All Population,44,Population,54,Slovakia,3,Both,14,45-49 years,1,Number,2023,443721.3052764008,476853.97329370823,407273.32302458206
1,All Population,44,Population,54,Slovakia,3,Both,15,50-54 years,1,Number,2023,366695.06497028255,394076.183944674,336574.14208256826
1,All Population,44,Population,54,Slovakia,3,Both,16,55-59 years,1,Number,2023,344402.07054142194,370118.5717146396,316112.33010003367
1,All Population,44,Population,54,Slovakia,3,Both,17,60-64 years,1,Number,2023,339331.2043406274,364669.0639557471,311457.99301129696
1,All Population,44,Population,54,Slovakia,3,Both,18,65-69 years,1,Number,2023,337401.07960617816,362594.8168154138,309686.41182936257
1,All Population,44,Population,54,Slovakia,3,Both,19,70-74 years,1,Number,2023,277786.8450343972,298529.18759639503,254968.98644341616
1,All Population,44,Population,54,Slovakia,3,Both,20,75-79 years,1,Number,2023,175718.46479687313,188839.36183155372,161284.66725306626
1,All Population,44,Population,54,Slovakia,3,Both,21,80+ years,1,Number,2023,190180.13487332943,204380.88475239975,174558.4324712017
1,All Population,44,Population,54,Slovakia,3,Both,23,5-14 years,1,Number,2023,582465.5440461631,625958.2437946697,534620.8866920021
1,All Population,44,Population,54,Slovakia,3,Both,24,15-49 years,1,Number,2023,2527363.0731185796,2716081.263264256,2319761.4021202787
1,All Population,44,Population,54,Slovakia,3,Both,25,50-69 years,1,Number,2023,1387829.4194585101,1491458.6364304745,1273830.8770232613
1,All Population,44,Population,54,Slovakia,3,Both,26,70+ years,1,Number,2023,643685.4447045998,691749.4341803486,590812.0861676845
1,All Population,44,Population,54,Slovakia,3,Both,28,<1 year,1,Number,2023,50130.15760818467,53873.37626804292,46012.385770193185
1,All Population,44,Population,54,Slovakia,3,Both,30,80-84 years,1,Number,2023,109564.84266580298,117746.04901142408,100565.01012808215
1,All Population,44,Population,54,Slovakia,3,Both,31,85-89 years,1,Number,2023,55154.49364375184,59272.879454464266,50624.014756371645
1,All Population,44,Population,54,Slovakia,3,Both,32,90-94 years,1,Number,2023,19221.76842096655,20657.057788919556,17642.86142253079
1,All Population,44,Population,54,Slovakia,3,Both,34,2-4 years,1,Number,2023,173715.8193238883,186687.1788294402,159446.5223027926
1,All Population,44,Population,393,Saint Kitts and Nevis,3,Both,157,25+ years,1,Number,2023,32127.851337918848,36630.70951395002,27350.353389341955
1,All Population,44,Population,112,Grenada,3,Both,18,65-69 years,1,Number,2023,5164.028088970101,5903.119671441664,4481.217380393806
1,All Population,44,Population,112,Grenada,3,Both,19,70-74 years,1,Number,2023,3764.89117166534,4303.733975375632,3267.080554769539
1,All Population,44,Population,112,Grenada,3,Both,20,75-79 years,1,Number,2023,2573.941137103921,2942.3315090064484,2233.6032184521046
1,All Population,44,Population,112,Grenada,3,Both,21,80+ years,1,Number,2023,3407.8278087870845,3895.566605825534,2957.229694149799
1,All Population,44,Population,112,Grenada,3,Both,23,5-14 years,1,Number,2023,16161.774977566438,18474.89791917715,14024.793374415694
1,All Population,44,Population,112,Grenada,3,Both,24,15-49 years,1,Number,2023,55228.072123113125,63132.48366369134,47925.57136014642
1,All Population,44,Population,112,Grenada,3,Both,25,50-69 years,1,Number,2023,25744.999168619663,29429.70263042036,22340.881138710334
1,All Population,44,Population,112,Grenada,3,Both,26,70+ years,1,Number,2023,9746.660117556346,11141.632090207613,8457.913467371442
1,All Population,44,Population,112,Grenada,3,Both,28,<1 year,1,Number,2023,1376.3145473144243,1573.2969182906677,1194.3321306651283
1,All Population,44,Population,112,Grenada,3,Both,30,80-84 years,1,Number,2023,1829.690562974459,2091.561503705879,1587.7607577419096
1,All Population,44,Population,112,Grenada,3,Both,31,85-89 years,1,Number,2023,1211.5686018730783,1384.9720264485284,1051.3696251671367
1,All Population,44,Population,112,Grenada,3,Both,32,90-94 years,1,Number,2023,272.50938918353813,311.5117710877366,236.4769885233754
1,All Population,44,Population,112,Grenada,3,Both,34,2-4 years,1,Number,2023,4354.6850092189625,4977.9409209176765,3778.889233994126
1,All Population,44,Population,175,Burundi,3,Both,157,25+ years,1,Number,2023,5128809.272088902,5992210.258209389,4320136.64144173
1,All Population,44,Population,175,Burundi,3,Both,158,<20 years,1,Number,2023,7865346.703327565,9189425.595632853,6625197.134080387
1,All Population,44,Population,175,Burundi,3,Both,159,10-24 years,1,Number,2023,4731976.763066088,5528573.631225018,3985873.7410694407
1,All Population,44,Population,175,Burundi,3,Both,162,10-19 years,1,Number,2023,3451387.496007536,4032405.664055563,2907198.297752866
1,All Population,44,Population,175,Burundi,3,Both,235,95+ years,1,Number,2023,3064.0612891944297,3579.8756621369043,2580.9428163197613
1,All Population,44,Population,176,Comoros,3,Both,1,<5 years,1,Number,2023,106813.17123152228,118618.83048721563,95488.01009631698
1,All Population,44,Population,176,Comoros,3,Both,6,5-9 years,1,Number,2023,104850.27671640844,116438.98460240531,93733.23688701933
1,All Population,44,Population,176,Comoros,3,Both,7,10-14 years,1,Number,2023,103600.29058616373,115050.84219276295,92615.78398445222
1,All Population,44,Population,176,Comoros,3,Both,8,15-19 years,1,Number,2023,96113.93093791361,106737.04328722082,85923.18626981942
1,All Population,44,Population,176,Comoros,3,Both,9,20-24 years,1,Number,2023,82297.49933740139,91393.53331496277,73571.67994383333
1,All Population,44,Population,176,Comoros,3,Both,10,25-29 years,1,Number,2023,66909.32272173336,74304.55924523142,59815.07720374749
1,All Population,44,Population,176,Comoros,3,Both,11,30-34 years,1,Number,2023,57851.00150558129,64245.0557547069,51717.189482871094
1,All Population,44,Population,117,Saint Vincent and the Grenadines,3,Both,157,25+ years,1,Number,2023,74508.45807588531,84808.56898123193,64925.07629942563
1,All Population,44,Population,117,Saint Vincent and the Grenadines,3,Both,158,<20 years,1,Number,2023,32969.039341816664,37526.706624604696,28728.51552780947
1,All Population,44,Population,117,Saint Vincent and the Grenadines,3,Both,159,10-24 years,1,Number,2023,26421.4756978154,30074.002363891974,23023.108649986687
1,All Population,44,Population,117,Saint Vincent and the Grenadines,3,Both,162,10-19 years,1,Number,2023,17807.543336165276,20269.27286393861,15517.112280438525
1,All Population,44,Population,117,Saint Vincent and the Grenadines,3,Both,235,95+ years,1,Number,2023,142.9381979152207,162.69809268633074,124.55328757838932
1,All Population,44,Population,367,Monaco,3,Both,1,<5 years,1,Number,2023,1607.8010524433398,1791.0698794484636,1427.0522952603478
1,All Population,44,Population,367,Monaco,3,Both,6,5-9 years,1,Number,2023,1746.118627278605,1945.1538948241982,1549.820228732929
1,All Population,44,Population,367,Monaco,3,Both,7,10-14 years,1,Number,2023,1739.2792686339678,1937.5349364682872,1543.7497497783932
1,All Population,44,Population,367,Monaco,3,Both,8,15-19 years,1,Number,2023,1757.276968493995,1957.5841447143337,1559.7241508746158
1,All Population,44,Population,367,Monaco,3,Both,9,20-24 years,1,Number,2023,1847.8781532729492,2058.5127097587006,1640.1399638233822
1,All Population,44,Population,367,Monaco,3,Both,10,25-29 years,1,Number,2023,1872.3442465373303,2085.7676258112906,1661.8555824914567
1,All Population,44,Population,367,Monaco,3,Both,11,30-34 years,1,Number,2023,1954.8074490180863,2177.63058230189,1735.0482839117271
1,All Population,44,Population,367,Monaco,3,Both,12,35-39 years,1,Number,2023,2069.2887779986386,2305.1613236113926,1836.6596387730026
1,All Population,44,Population,367,Monaco,3,Both,13,40-44 years,1,Number,2023,2228.437053112053,2482.450473589642,1977.916488270759
1,All Population,44,Population,367,Monaco,3,Both,14,45-49 years,1,Number,2023,2416.40106978301,2691.8399923786055,2144.749617910159
1,All Population,44,Population,367,Monaco,3,Both,15,50-54 years,1,Number,2023,2941.51841557765,3276.814022467348,2610.833349139506
1,All Population,44,Population,367,Monaco,3,Both,16,55-59 years,1,Number,2023,3434.9330971336076,3826.471688675198,3048.778424968095
1,All Population,44,Population,367,Monaco,3,Both,17,60-64 years,1,Number,2023,3046.7735158456258,3394.0668625882145,2704.2556865593074
1,All Population,44,Population,367,Monaco,3,Both,18,65-69 years,1,Number,2023,2698.8059449183534,3006.4354237571665,2395.4065786343504
1,All Population,44,Population,367,Monaco,3,Both,19,70-74 years,1,Number,2023,2363.8974329253865,2633.351610128648,2098.14843216437
1,All Population,44,Population,367,Monaco,3,Both,20,75-79 years,1,Number,2023,2426.909955368071,2703.546756974492,2154.077096127691
1,All Population,44,Population,367,Monaco,3,Both,21,80+ years,1,Number,2023,2742.615203859322,3055.2383798261935,2434.2908071465513
1,All Population,44,Population,168,Angola,3,Both,1,<5 years,1,Number,2023,5906389.314396404,6658907.6306975605,5158132.5205677
1,All Population,44,Population,168,Angola,3,Both,6,5-9 years,1,Number,2023,5538063.311620094,6243654.131492328,4836468.263106651
1,All Population,44,Population,168,Angola,3,Both,7,10-14 years,1,Number,2023,4799511.081807672,5411004.805993336,4191480.2557215416
1,All Population,44,Population,168,Angola,3,Both,8,15-19 years,1,Number,2023,3953715.3110301066,4457448.307725489,3452834.9618238714
1,All Population,44,Population,369,Nauru,3,Both,18,65-69 years,1,Number,2023,171.95835726166126,186.08233313833782,158.087555794122
1,All Population,44,Population,369,Nauru,3,Both,19,70-74 years,1,Number,2023,86.49611622762477,93.60056336517344,79.51901738222845
1,All Population,44,Population,369,Nauru,3,Both,20,75-79 years,1,Number,2023,30.86048616460862,33.39524381798743,28.371164426499266
1,All Population,44,Population,369,Nauru,3,Both,21,80+ years,1,Number,2023,19.009531939721438,20.570899324355082,17.47615230219968
1,All Population,44,Population,369,Nauru,3,Both,23,5-14 years,1,Number,2023,2885.589085581625,3122.5999019430506,2652.8267240402433
1,All Population,44,Population,374,Niue,3,Both,20,75-79 years,1,Number,2023,37.53012931470467,40.366139916753575,34.7673485022288
1,All Population,44,Population,374,Niue,3,Both,21,80+ years,1,Number,2023,45.905484971095234,49.374389673728736,42.52615227543491
1,All Population,44,Population,374,Niue,3,Both,23,5-14 years,1,Number,2023,270.759209825254,291.2194641246162,250.8272681196003
1,All Population,44,Population,374,Niue,3,Both,24,15-49 years,1,Number,2023,759.3754794452582,816.7586259988972,703.4740465862457
1,All Population,44,Population,374,Niue,3,Both,25,50-69 years,1,Number,2023,395.61736745607413,425.5126827386811,366.4939913353954
1,All Population,44,Population,374,Niue,3,Both,26,70+ years,1,Number,2023,139.4383835509715,149.97521732436797,129.17362567159122
1,All Population,44,Population,374,Niue,3,Both,28,<1 year,1,Number,2023,22.39756080834388,24.090060170119607,20.74876416475467
1,All Population,44,Population,374,Niue,3,Both,30,80-84 years,1,Number,2023,25.031974287752085,26.923546359753058,23.18924527180132
1,All Population,44,Population,374,Niue,3,Both,31,85-89 years,1,Number,2023,13.64250657001591,14.673419438624856,12.638213324190398
1,All Population,44,Population,374,Niue,3,Both,32,90-94 years,1,Number,2023,5.57616374387853,5.997533448304357,5.165674398914426
1,All Population,44,Population,374,Niue,3,Both,34,2-4 years,1,Number,2023,70.55931285247229,75.89121452658917,65.36508839202224
1,All Population,44,Population,54,Slovakia,3,Both,162,10-19 years,1,Number,2023,559153.6591647648,600905.6605662492,513223.877558759
1,All Population,44,Population,54,Slovakia,3,Both,235,95+ years,1,Number,2023,6239.030142808058,6704.898497591851,5726.546164217083
1,All Population,44,Population,55,Slovenia,3,Both,1,<5 years,1,Number,2023,95411.87977856652,96697.11431007393,94114.44410497199
1,All Population,44,Population,55,Slovenia,3,Both,6,5-9 years,1,Number,2023,106662.44875069373,108099.23275146683,105212.02490029618
1,All Population,44,Population,55,Slovenia,3,Both,7,10-14 years,1,Number,2023,114514.18246273467,116056.73232120113,112956.98868556059
1,All Population,44,Population,55,Slovenia,3,Both,8,15-19 years,1,Number,2023,98861.94855309628,100193.65683122088,97517.59794275784
1,All Population,44,Population,55,Slovenia,3,Both,9,20-24 years,1,Number,2023,102105.03371347606,103480.4275897297,100716.58278366641
1,All Population,44,Population,55,Slovenia,3,Both,10,25-29 years,1,Number,2023,111702.07169022852,113206.7413404899,110183.1177301801
1,All Population,44,Population,55,Slovenia,3,Both,11,30-34 years,1,Number,2023,126162.15563813497,127861.60815255831,124446.56967795487
1,All Population,44,Population,55,Slovenia,3,Both,12,35-39 years,1,Number,2023,144670.1901874586,146618.95300965835,142702.92713708655
1,All Population,44,Population,55,Slovenia,3,Both,13,40-44 years,1,Number,2023,160632.1785885465,162795.95550262046,158447.86024882123
1,All Population,44,Population,55,Slovenia,3,Both,14,45-49 years,1,Number,2023,157610.74733451186,159733.82441339476,155467.51520651823
1,All Population,44,Population,55,Slovenia,3,Both,15,50-54 years,1,Number,2023,146837.75052751193,148815.71121694404,144841.01242522412
1,All Population,44,Population,55,Slovenia,3,Both,16,55-59 years,1,Number,2023,153245.9003352364,155310.18125476016,151162.0225373302
1,All Population,44,Population,55,Slovenia,3,Both,17,60-64 years,1,Number,2023,143898.6883146879,145837.05871143387,141941.91634838528
1,All Population,44,Population,55,Slovenia,3,Both,18,65-69 years,1,Number,2023,138621.5457040121,140488.83097040877,136736.53370191544
1,All Population,44,Population,55,Slovenia,3,Both,19,70-74 years,1,Number,2023,117081.53159228763,118658.66462596659,115489.42633076817
1,All Population,44,Population,55,Slovenia,3,Both,20,75-79 years,1,Number,2023,78088.09912808907,79139.9757050113,77026.23675070902
1,All Population,44,Population,55,Slovenia,3,Both,21,80+ years,1,Number,2023,120282.82049779785,121903.07611805874,118647.18327320281
1,All Population,44,Population,55,Slovenia,3,Both,23,5-14 years,1,Number,2023,221176.6312134284,224155.96507266798,218169.01358585677
1,All Population,44,Population,55,Slovenia,3,Both,24,15-49 years,1,Number,2023,901744.3257054528,913891.1668396725,889482.1707269852
1,All Population,44,Population,55,Slovenia,3,Both,25,50-69 years,1,Number,2023,582603.8848814483,590451.7821535469,574681.4850128551
1,All Population,44,Population,55,Slovenia,3,Both,26,70+ years,1,Number,2023,315452.45121817454,319701.71644903667,311162.8463546799
1,All Population,44,Population,55,Slovenia,3,Both,28,<1 year,1,Number,2023,17711.566257181246,17950.147832281127,17470.719750953394
1,All Population,44,Population,55,Slovenia,3,Both,30,80-84 years,1,Number,2023,63222.05852473186,64073.68384599737,62362.34845216609
1,All Population,44,Population,55,Slovenia,3,Both,31,85-89 years,1,Number,2023,37965.03779090376,38476.44137787946,37448.77928626471
1,All Population,44,Population,109,Cuba,3,Both,235,95+ years,1,Number,2023,29489.0931848611,33659.26728211442,25498.241220453037
1,All Population,44,Population,110,Dominica,3,Both,1,<5 years,1,Number,2023,3340.5546675011888,3810.1861046215026,2860.70480645714
1,All Population,44,Population,110,Dominica,3,Both,6,5-9 years,1,Number,2023,4332.855909152411,4941.98988538894,3710.468158352363
1,All Population,44,Population,110,Dominica,3,Both,7,10-14 years,1,Number,2023,5349.511111847951,6101.571425600428,4581.087176551607
1,All Population,44,Population,111,Dominican Republic,3,Both,6,5-9 years,1,Number,2023,1002934.9252267792,1076470.2417047524,931235.0828836636
1,All Population,44,Population,111,Dominican Republic,3,Both,7,10-14 years,1,Number,2023,971783.7691273761,1043035.0788719055,902310.9236959772
1,All Population,44,Population,111,Dominican Republic,3,Both,8,15-19 years,1,Number,2023,955776.3125985852,1025853.9535912899,887447.8406260816
1,All Population,44,Population,111,Dominican Republic,3,Both,9,20-24 years,1,Number,2023,974934.351972572,1046416.6628526527,905236.2712964853
1,All Population,44,Population,111,Dominican Republic,3,Both,10,25-29 years,1,Number,2023,969344.6396760389,1040417.1121384839,900046.1676687939
1,All Population,44,Population,111,Dominican Republic,3,Both,11,30-34 years,1,Number,2023,914345.3385317264,981385.2552281033,848978.7679089478
1,All Population,44,Population,111,Dominican Republic,3,Both,12,35-39 years,1,Number,2023,800564.2048659804,859261.6743478072,743331.8502728314
1,All Population,44,Population,111,Dominican Republic,3,Both,13,40-44 years,1,Number,2023,715378.9147466716,767830.5879054966,664236.458628367
1,All Population,44,Population,111,Dominican Republic,3,Both,14,45-49 years,1,Number,2023,637849.2583070109,684616.4471794503,592249.3992244839
1,All Population,44,Population,111,Dominican Republic,3,Both,15,50-54 years,1,Number,2023,556299.4015540847,597087.3445410506,516529.5437260921
1,All Population,44,Population,111,Dominican Republic,3,Both,16,55-59 years,1,Number,2023,477525.14846617286,512537.35318195866,443386.86391879246
1,All Population,44,Population,111,Dominican Republic,3,Both,17,60-64 years,1,Number,2023,387431.0711159036,415837.5666036007,359733.6143626117
1,All Population,44,Population,111,Dominican Republic,3,Both,18,65-69 years,1,Number,2023,292512.70926002593,313959.7783651343,271600.9685181636
1,All Population,44,Population,111,Dominican Republic,3,Both,19,70-74 years,1,Number,2023,221624.2881210877,237873.809158063,205780.36234086403
1,All Population,44,Population,111,Dominican Republic,3,Both,20,75-79 years,1,Number,2023,149912.85100416688,160904.48033666224,139195.57761798453
1,All Population,44,Population,111,Dominican Republic,3,Both,21,80+ years,1,Number,2023,168521.45881920346,180877.47364718228,156473.8556050302
1,All Population,44,Population,111,Dominican Republic,3,Both,23,5-14 years,1,Number,2023,1974718.6943541553,2119505.320576658,1833546.006579641
1,All Population,44,Population,111,Dominican Republic,3,Both,24,15-49 years,1,Number,2023,5968193.020698586,6405781.693243286,5541526.755625991
1,All Population,44,Population,111,Dominican Republic,3,Both,25,50-69 years,1,Number,2023,1713768.330396187,1839422.0426917442,1591250.9905256599
1,All Population,44,Population,111,Dominican Republic,3,Both,26,70+ years,1,Number,2023,540058.597944458,579655.7631419073,501449.79556387867
1,All Population,44,Population,111,Dominican Republic,3,Both,28,<1 year,1,Number,2023,202854.39752117268,217727.70778833196,188352.33167917695
1,All Population,44,Population,111,Dominican Republic,3,Both,30,80-84 years,1,Number,2023,91912.0733546569,98651.07828137549,85341.27698173403
1,All Population,44,Population,393,Saint Kitts and Nevis,3,Both,158,<20 years,1,Number,2023,12442.970697268112,14186.907188663108,10592.667471100001
1,All Population,44,Population,393,Saint Kitts and Nevis,3,Both,159,10-24 years,1,Number,2023,9780.7938575196,11151.614679808075,8326.363491222335
1,All Population,44,Population,393,Saint Kitts and Nevis,3,Both,162,10-19 years,1,Number,2023,6328.593593997962,7215.573526387001,5387.514696604736
1,All Population,44,Population,393,Saint Kitts and Nevis,3,Both,235,95+ years,1,Number,2023,17.801618103441985,20.296592348080065,15.154469588092423
1,All Population,44,Population,396,San Marino,3,Both,1,<5 years,1,Number,2023,1150.746238013859,1166.861764960304,1133.5452329042178
1,All Population,44,Population,413,Tokelau,3,Both,1,<5 years,1,Number,2023,108.43660863337931,119.86299905418603,96.34423579987238
1,All Population,44,Population,413,Tokelau,3,Both,6,5-9 years,1,Number,2023,138.06106784033298,152.6091036276817,122.66510583858985
1,All Population,44,Population,413,Tokelau,3,Both,7,10-14 years,1,Number,2023,162.5782312838009,179.7097366673166,144.44822323511067
1,All Population,44,Population,413,Tokelau,3,Both,8,15-19 years,1,Number,2023,153.47992223549778,169.65270313781403,136.3645175255981
1,All Population,44,Population,413,Tokelau,3,Both,9,20-24 years,1,Number,2023,131.06052507734432,144.87088623824,116.44523276081034
1,All Population,44,Population,413,Tokelau,3,Both,10,25-29 years,1,Number,2023,122.38380263882401,135.2798635518144,108.73610017982772
1,All Population,44,Population,413,Tokelau,3,Both,11,30-34 years,1,Number,2023,108.33683394738841,119.75271071850976,96.2555875472655
1,All Population,44,Population,413,Tokelau,3,Both,12,35-39 years,1,Number,2023,110.41056587311948,122.04495990432596,98.09806602530283
1,All Population,44,Population,413,Tokelau,3,Both,13,40-44 years,1,Number,2023,99.47772747252924,109.96008547506305,88.38440959411001
1,All Population,44,Population,413,Tokelau,3,Both,14,45-49 years,1,Number,2023,91.88502353371165,101.5673085659827,81.63841054582467
1,All Population,44,Population,413,Tokelau,3,Both,15,50-54 years,1,Number,2023,85.05041491974654,94.01251045715236,75.56596737185954
1,All Population,44,Population,413,Tokelau,3,Both,16,55-59 years,1,Number,2023,67.26635995107931,74.35447991973493,59.7651118584592
1,All Population,44,Population,413,Tokelau,3,Both,17,60-64 years,1,Number,2023,69.80755968061553,77.16345582387564,62.02292819043959
1,All Population,44,Population,413,Tokelau,3,Both,18,65-69 years,1,Number,2023,46.24794023482005,51.12126694561615,41.09057370381771
1,All Population,44,Population,413,Tokelau,3,Both,19,70-74 years,1,Number,2023,53.932760773424775,59.615867141613265,47.918416914538774
1,All Population,44,Population,413,Tokelau,3,Both,20,75-79 years,1,Number,2023,31.961241399669316,35.32912266383729,28.39706457693947
1,All Population,44,Population,413,Tokelau,3,Both,21,80+ years,1,Number,2023,35.833571591924034,39.60949546432755,31.83756956726902
1,All Population,44,Population,413,Tokelau,3,Both,23,5-14 years,1,Number,2023,300.63929912413386,332.31884029499827,267.1133290737005
1,All Population,44,Population,413,Tokelau,3,Both,24,15-49 years,1,Number,2023,817.0344007784148,903.12851759175,725.9223241787389
1,All Population,44,Population,385,Puerto Rico,3,Both,157,25+ years,1,Number,2023,2525270.712158287,2745669.767175705,2308694.8216167763
1,All Population,44,Population,385,Puerto Rico,3,Both,158,<20 years,1,Number,2023,577087.2571266199,627453.9308938833,527594.2716694151
1,All Population,44,Population,385,Puerto Rico,3,Both,159,10-24 years,1,Number,2023,569219.4980280022,618899.494259233,520401.27861672855
1,All Population,44,Population,385,Puerto Rico,3,Both,162,10-19 years,1,Number,2023,375562.1868655967,408340.27702714945,343352.68366955454
1,All Population,44,Population,385,Puerto Rico,3,Both,235,95+ years,1,Number,2023,11962.091187902583,13006.111372016876,10936.18115802521
1,All Population,44,Population,393,Saint Kitts and Nevis,3,Both,1,<5 years,1,Number,2023,2979.56675271513,3397.1659993120893,2536.4971587039126
1,All Population,44,Population,57,Belarus,3,Both,1,<5 years,1,Number,2023,436477.6310569734,479884.9472130297,392858.0061436868
1,All Population,44,Population,57,Belarus,3,Both,6,5-9 years,1,Number,2023,569630.9077276094,626280.2000272328,512704.5390751687
1,All Population,44,Population,57,Belarus,3,Both,7,10-14 years,1,Number,2023,578053.1314042975,635540.0064340731,520285.08333560976
1,All Population,44,Population,57,Belarus,3,Both,8,15-19 years,1,Number,2023,506210.70319599094,556552.911986846,455622.2665170493
1,All Population,44,Population,57,Belarus,3,Both,9,20-24 years,1,Number,2023,456084.817143639,501442.0506948514,410505.7376286715
1,All Population,44,Population,57,Belarus,3,Both,10,25-29 years,1,Number,2023,481060.55208237364,528901.6004858847,432985.50917216163
1,All Population,44,Population,57,Belarus,3,Both,11,30-34 years,1,Number,2023,681891.2081413342,749704.6884888815,613746.0464780316
1,All Population,44,Population,57,Belarus,3,Both,12,35-39 years,1,Number,2023,816624.0034695007,897836.5417005792,735014.2480273565
1,All Population,44,Population,57,Belarus,3,Both,13,40-44 years,1,Number,2023,740196.4013201924,813808.2818004701,666224.4790717028
1,All Population,44,Population,57,Belarus,3,Both,14,45-49 years,1,Number,2023,669066.8696644547,735604.9808403674,602203.315108412
1,All Population,44,Population,111,Dominican Republic,3,Both,31,85-89 years,1,Number,2023,47668.04981139862,51163.07729583526,44260.25976409495
1,All Population,44,Population,111,Dominican Republic,3,Both,32,90-94 years,1,Number,2023,19903.389413505512,21362.708460726386,18480.49561736086
1,All Population,44,Population,111,Dominican Republic,3,Both,34,2-4 years,1,Number,2023,610272.3374421329,655017.5829638327,566643.9531069562
1,All Population,44,Population,55,Slovenia,3,Both,32,90-94 years,1,Number,2023,15278.80468710793,15484.616032923586,15071.039508422182
1,All Population,44,Population,55,Slovenia,3,Both,34,2-4 years,1,Number,2023,59268.24650091366,60066.61246122858,58462.301397430296
1,All Population,44,Population,367,Monaco,3,Both,23,5-14 years,1,Number,2023,3485.3978959125725,3882.6888312924857,3093.569978511322
1,All Population,44,Population,367,Monaco,3,Both,24,15-49 years,1,Number,2023,14146.433718216062,15758.946852165858,12556.0937260551
1,All Population,44,Population,367,Monaco,3,Both,25,50-69 years,1,Number,2023,12122.030973475235,13503.787997487929,10759.274039301257
1,All Population,44,Population,367,Monaco,3,Both,26,70+ years,1,Number,2023,7533.4225921527795,8392.136746929333,6686.516335438612
1,All Population,44,Population,367,Monaco,3,Both,28,<1 year,1,Number,2023,313.4363208018321,349.16406632535836,278.19985584564483
1,All Population,44,Population,369,Nauru,3,Both,24,15-49 years,1,Number,2023,6556.699485168497,7095.240715928351,6027.811687626329
1,All Population,44,Population,369,Nauru,3,Both,25,50-69 years,1,Number,2023,1183.3455647907583,1280.5408653102015,1087.8925047703642
1,All Population,44,Population,369,Nauru,3,Both,26,70+ years,1,Number,2023,136.3661343319548,147.56670650751593,125.3663341109274
1,All Population,44,Population,369,Nauru,3,Both,28,<1 year,1,Number,2023,320.7231796110899,347.066106608381,294.85245357447167
1,All Population,44,Population,369,Nauru,3,Both,30,80-84 years,1,Number,2023,14.796820875100991,16.012172919744103,13.603254200135863
1,All Population,44,Population,369,Nauru,3,Both,31,85-89 years,1,Number,2023,3.280178992435582,3.5495998551264507,3.015587539559385
1,All Population,44,Population,369,Nauru,3,Both,32,90-94 years,1,Number,2023,0.7815734113957215,0.845768744406536,0.7185287894627435
1,All Population,44,Population,369,Nauru,3,Both,34,2-4 years,1,Number,2023,931.9213848270609,1008.4657026948327,856.7491354631017
1,All Population,44,Population,176,Comoros,3,Both,12,35-39 years,1,Number,2023,53188.516512228656,59067.24377984376,47549.05732289463
1,All Population,44,Population,176,Comoros,3,Both,13,40-44 years,1,Number,2023,46229.89797145615,51339.51522730458,41328.24550898969
1,All Population,44,Population,176,Comoros,3,Both,14,45-49 years,1,Number,2023,38636.974296151435,42907.374172423755,34540.382512238866
1,All Population,44,Population,176,Comoros,3,Both,15,50-54 years,1,Number,2023,31825.17079569522,35342.68757603532,28450.81926899594
1,All Population,44,Population,176,Comoros,3,Both,16,55-59 years,1,Number,2023,24887.968579369757,27638.74241397089,22249.15305465937
1,All Population,44,Population,176,Comoros,3,Both,17,60-64 years,1,Number,2023,19358.208037748143,21497.798176862318,17305.70062889008
1,All Population,44,Population,176,Comoros,3,Both,18,65-69 years,1,Number,2023,14881.253365269342,16526.022493481152,13303.427425711854
1,All Population,44,Population,176,Comoros,3,Both,19,70-74 years,1,Number,2023,11285.930969761048,12533.322596431104,10089.309005262838
1,All Population,44,Population,176,Comoros,3,Both,20,75-79 years,1,Number,2023,9263.20391195374,10287.031102361678,8281.047163665187
1,All Population,44,Population,176,Comoros,3,Both,21,80+ years,1,Number,2023,14275.817556794256,15853.670135542712,12762.184618988784
1,All Population,44,Population,176,Comoros,3,Both,23,5-14 years,1,Number,2023,208450.56730257216,231489.82679516822,186349.02087147156
1,All Population,44,Population,176,Comoros,3,Both,24,15-49 years,1,Number,2023,441227.14328246587,489994.324781694,394444.8182443944
1,All Population,44,Population,176,Comoros,3,Both,25,50-69 years,1,Number,2023,90952.60077808246,101005.25066034969,81309.10037825725
1,All Population,44,Population,176,Comoros,3,Both,26,70+ years,1,Number,2023,34824.95243850904,38674.023834335494,31132.54078791681
1,All Population,44,Population,176,Comoros,3,Both,28,<1 year,1,Number,2023,21997.729186180302,24429.055699351225,19665.359266162617
1,All Population,44,Population,176,Comoros,3,Both,30,80-84 years,1,Number,2023,6252.891590183669,6944.000248651379,5589.911510074396
1,All Population,44,Population,176,Comoros,3,Both,31,85-89 years,1,Number,2023,4092.876035360388,4545.24627483698,3658.917563081669
1,All Population,44,Population,176,Comoros,3,Both,32,90-94 years,1,Number,2023,2188.181680094143,2430.0331952855427,1956.173681132522
1,All Population,44,Population,176,Comoros,3,Both,34,2-4 years,1,Number,2023,63289.76969306339,70284.95059400372,56579.29726986052
1,All Population,44,Population,177,Djibouti,3,Both,31,85-89 years,1,Number,2023,1953.9833510849744,2270.6251766420214,1671.375595178018
1,All Population,44,Population,177,Djibouti,3,Both,32,90-94 years,1,Number,2023,756.1519349617186,878.6859007459335,646.788464006054
1,All Population,44,Population,177,Djibouti,3,Both,34,2-4 years,1,Number,2023,101266.41972344989,117676.5820674917,86620.09450738026
1,All Population,44,Population,173,Gabon,3,Both,157,25+ years,1,Number,2023,884578.6430403474,998068.6370276315,765119.430156307
1,All Population,44,Population,173,Gabon,3,Both,158,<20 years,1,Number,2023,862956.8439351298,973672.7964397806,746417.5784436341
1,All Population,44,Population,173,Gabon,3,Both,159,10-24 years,1,Number,2023,561985.1135272235,634086.8849829906,486091.01429398224
1,All Population,44,Population,173,Gabon,3,Both,162,10-19 years,1,Number,2023,395703.61452311534,446471.741457112,342265.2428212734
1,All Population,44,Population,175,Burundi,3,Both,1,<5 years,1,Number,2023,2327164.912693106,2718927.6735777343,1960234.7984970573
1,All Population,44,Population,175,Burundi,3,Both,6,5-9 years,1,Number,2023,2086794.2946269233,2438092.2579995533,1757764.037830465
1,All Population,44,Population,175,Burundi,3,Both,7,10-14 years,1,Number,2023,1877586.1913218144,2193665.359626158,1581542.3175778773
1,All Population,44,Population,175,Burundi,3,Both,8,15-19 years,1,Number,2023,1573801.3046857219,1838740.3044294054,1325655.9801749885
1,All Population,44,Population,175,Burundi,3,Both,9,20-24 years,1,Number,2023,1280589.267058552,1496167.967169454,1078675.443316575
1,All Population,44,Population,175,Burundi,3,Both,10,25-29 years,1,Number,2023,1060123.3647258664,1238588.0940529695,892970.9703428646
1,All Population,44,Population,175,Burundi,3,Both,11,30-34 years,1,Number,2023,970670.2878721034,1134076.1856713197,817622.1916100093
1,All Population,44,Population,175,Burundi,3,Both,12,35-39 years,1,Number,2023,859745.3985636627,1004477.827779165,724187.1166585701
1,All Population,44,Population,175,Burundi,3,Both,13,40-44 years,1,Number,2023,638050.6506804908,745462.2411231946,537447.5533924173
1,All Population,44,Population,175,Burundi,3,Both,14,45-49 years,1,Number,2023,439845.26485114143,513890.2946555409,370493.72367752966
1,All Population,44,Population,175,Burundi,3,Both,15,50-54 years,1,Number,2023,328654.023108815,383980.74566581205,276834.2927697423
1,All Population,44,Population,175,Burundi,3,Both,16,55-59 years,1,Number,2023,266820.5501712813,311738.0181279846,224750.26352756383
1,All Population,44,Population,175,Burundi,3,Both,17,60-64 years,1,Number,2023,213687.52002317915,249660.39515302598,179994.8557445494
1,All Population,44,Population,175,Burundi,3,Both,18,65-69 years,1,Number,2023,153544.945123833,179393.2171107028,129335.11627104471
1,All Population,44,Population,175,Burundi,3,Both,19,70-74 years,1,Number,2023,93854.45527166744,109654.22963144875,79056.18042539211
1,All Population,44,Population,175,Burundi,3,Both,20,75-79 years,1,Number,2023,51525.38487970173,60199.341300243985,43401.244104467565
1,All Population,44,Population,175,Burundi,3,Both,21,80+ years,1,Number,2023,52287.42681715969,61089.66793798256,44043.132917577306
1,All Population,44,Population,175,Burundi,3,Both,23,5-14 years,1,Number,2023,3964380.4859487377,4631757.6176257115,3339306.3554083426
1,All Population,44,Population,413,Tokelau,3,Both,25,50-69 years,1,Number,2023,268.3722747862614,296.6517131463792,238.4445811245761
1,All Population,44,Population,413,Tokelau,3,Both,26,70+ years,1,Number,2023,121.72757376501812,134.55448526977804,108.1530510587473
1,All Population,44,Population,413,Tokelau,3,Both,28,<1 year,1,Number,2023,19.706313051248344,21.78284448759658,17.508751843896594
1,All Population,44,Population,413,Tokelau,3,Both,30,80-84 years,1,Number,2023,16.992305573626773,18.78285140571159,15.097398522522981
1,All Population,44,Population,413,Tokelau,3,Both,31,85-89 years,1,Number,2023,12.45935273551126,13.772243562149251,11.069940613159078
1,All Population,44,Population,413,Tokelau,3,Both,32,90-94 years,1,Number,2023,4.168995138901401,4.608298495211543,3.7040871692034685
1,All Population,44,Population,413,Tokelau,3,Both,34,2-4 years,1,Number,2023,68.16591263777963,75.34882199842994,60.56435039288148
1,All Population,44,Population,168,Angola,3,Both,9,20-24 years,1,Number,2023,3080842.415549022,3473364.855898024,2690542.83564641
1,All Population,44,Population,168,Angola,3,Both,10,25-29 years,1,Number,2023,2622164.0569082117,2956247.432746709,2289972.600220342
1,All Population,44,Population,168,Angola,3,Both,11,30-34 years,1,Number,2023,2222916.8980791853,2506133.1901956983,1941304.4640579177
1,All Population,44,Population,168,Angola,3,Both,12,35-39 years,1,Number,2023,1905971.1844647604,2148806.2145153526,1664511.3328187906
1,All Population,44,Population,168,Angola,3,Both,13,40-44 years,1,Number,2023,1503007.333609705,1694501.745486592,1312597.3574493781
1,All Population,44,Population,168,Angola,3,Both,14,45-49 years,1,Number,2023,1314281.2664121126,1481730.561252182,1147780.2394314425
1,All Population,44,Population,168,Angola,3,Both,15,50-54 years,1,Number,2023,985714.5293649103,1111301.956557233,860838.3056498246
1,All Population,44,Population,168,Angola,3,Both,16,55-59 years,1,Number,2023,778965.2138535805,878211.2269393556,680281.2324232546
1,All Population,44,Population,168,Angola,3,Both,17,60-64 years,1,Number,2023,578142.5798787407,651802.2825556238,504900.0131990448
1,All Population,44,Population,169,Central African Republic,3,Both,14,45-49 years,1,Number,2023,235579.37956778216,280412.4937200419,191874.13836197875
1,All Population,44,Population,169,Central African Republic,3,Both,15,50-54 years,1,Number,2023,190173.27677638977,226365.15503868903,154891.88267619567
1,All Population,44,Population,169,Central African Republic,3,Both,16,55-59 years,1,Number,2023,150763.96370288508,179455.85518820834,122793.87815946125
1,All Population,44,Population,169,Central African Republic,3,Both,17,60-64 years,1,Number,2023,112110.23004863439,133445.92908404313,91311.27618899119
1,All Population,44,Population,169,Central African Republic,3,Both,18,65-69 years,1,Number,2023,77809.34456946797,92617.24173600138,63373.97175070389
1,All Population,44,Population,169,Central African Republic,3,Both,19,70-74 years,1,Number,2023,47276.23009009702,56273.36992553821,38505.43256452562
1,All Population,44,Population,169,Central African Republic,3,Both,20,75-79 years,1,Number,2023,27516.755463812326,32753.469479581934,22411.782197673812
1,All Population,44,Population,169,Central African Republic,3,Both,21,80+ years,1,Number,2023,24304.944042001112,28930.4181930008,19795.833593547894
1,All Population,44,Population,169,Central African Republic,3,Both,23,5-14 years,1,Number,2023,1832459.3292825092,2181194.6831145193,1492497.1597027506
1,All Population,44,Population,169,Central African Republic,3,Both,24,15-49 years,1,Number,2023,2891254.97273594,3441489.7363802786,2354862.542283236
1,All Population,44,Population,169,Central African Republic,3,Both,25,50-69 years,1,Number,2023,530856.8150973772,631884.181046942,432371.0087753521
1,All Population,44,Population,169,Central African Republic,3,Both,26,70+ years,1,Number,2023,99097.92959591046,117957.25759812094,80713.04835574732
1,All Population,44,Population,169,Central African Republic,3,Both,28,<1 year,1,Number,2023,265854.9674206982,316449.82900911674,216532.92786782864
1,All Population,44,Population,169,Central African Republic,3,Both,30,80-84 years,1,Number,2023,14795.219036394967,17610.897323617588,12050.375163112394
1,All Population,44,Population,169,Central African Republic,3,Both,31,85-89 years,1,Number,2023,6518.3274457754915,7758.830409126645,5309.031989616699
1,All Population,44,Population,169,Central African Republic,3,Both,32,90-94 years,1,Number,2023,2201.4227311956056,2620.3755138464076,1793.009602511058
1,All Population,44,Population,169,Central African Republic,3,Both,34,2-4 years,1,Number,2023,694185.4101890903,826295.842753015,565398.4983230018
1,All Population,44,Population,118,Suriname,3,Both,1,<5 years,1,Number,2023,45422.61157767743,52030.95413572316,39222.547129910854
1,All Population,44,Population,118,Suriname,3,Both,6,5-9 years,1,Number,2023,49766.88345068137,57007.25564561837,42973.83756358951
1,All Population,44,Population,118,Suriname,3,Both,7,10-14 years,1,Number,2023,51354.93877846009,58826.35038840618,44345.1276056028
1,All Population,44,Population,118,Suriname,3,Both,8,15-19 years,1,Number,2023,47169.23631540608,54031.68787745588,40730.76228342918
1,All Population,44,Population,118,Suriname,3,Both,9,20-24 years,1,Number,2023,45765.90262459141,52424.18913689961,39518.97987120829
1,All Population,44,Population,118,Suriname,3,Both,10,25-29 years,1,Number,2023,42783.296650200915,49007.65650550173,36943.49159923988
1,All Population,44,Population,118,Suriname,3,Both,11,30-34 years,1,Number,2023,40541.91542163716,46440.18625547799,35008.05288667049
1,All Population,44,Population,118,Suriname,3,Both,12,35-39 years,1,Number,2023,41031.161829769466,47000.61104257035,35430.51847450427
1,All Population,44,Population,118,Suriname,3,Both,13,40-44 years,1,Number,2023,37853.47602193469,43360.61724251232,32686.578242254393
1,All Population,44,Population,118,Suriname,3,Both,14,45-49 years,1,Number,2023,35944.62415410371,41174.05463553502,31038.27952605259
1,All Population,44,Population,118,Suriname,3,Both,15,50-54 years,1,Number,2023,36703.66600095747,42043.526252181386,31693.714200055947
1,All Population,44,Population,118,Suriname,3,Both,16,55-59 years,1,Number,2023,34748.86901825715,39804.33417099523,30005.74175372812
1,All Population,44,Population,118,Suriname,3,Both,17,60-64 years,1,Number,2023,28963.399890179106,33177.161747368955,25009.973618366133
1,All Population,44,Population,118,Suriname,3,Both,18,65-69 years,1,Number,2023,20985.57690292236,24038.67922654296,18121.102035615895
1,All Population,44,Population,118,Suriname,3,Both,19,70-74 years,1,Number,2023,14061.227214947723,16106.935354471674,12141.907477061724
1,All Population,44,Population,118,Suriname,3,Both,20,75-79 years,1,Number,2023,9727.635078023173,11142.86733003289,8399.839024179842
1,All Population,44,Population,118,Suriname,3,Both,21,80+ years,1,Number,2023,11009.857955202193,12611.635359810009,9507.0419234495
1,All Population,44,Population,119,Trinidad and Tobago,3,Both,20,75-79 years,1,Number,2023,33554.82424963803,38234.99248936928,28704.59732206154
1,All Population,44,Population,119,Trinidad and Tobago,3,Both,21,80+ years,1,Number,2023,28800.072178402268,32817.05590952046,24637.127245160966
1,All Population,44,Population,119,Trinidad and Tobago,3,Both,23,5-14 years,1,Number,2023,186971.88911255827,213050.40141937172,159945.78745495956
1,All Population,44,Population,119,Trinidad and Tobago,3,Both,24,15-49 years,1,Number,2023,692366.266974641,788936.3037850993,592287.2593528909
1,All Population,44,Population,119,Trinidad and Tobago,3,Both,25,50-69 years,1,Number,2023,322393.358057841,367360.2201655718,275792.5791388211
1,All Population,44,Population,119,Trinidad and Tobago,3,Both,26,70+ years,1,Number,2023,113426.13490319494,129246.61395502997,97030.80260446193
1,All Population,44,Population,119,Trinidad and Tobago,3,Both,28,<1 year,1,Number,2023,13121.010695339444,14951.106334423712,11224.416664088007
1,All Population,44,Population,119,Trinidad and Tobago,3,Both,30,80-84 years,1,Number,2023,18449.373204113523,21022.659533091162,15782.583891024966
1,All Population,44,Population,119,Trinidad and Tobago,3,Both,31,85-89 years,1,Number,2023,8391.88622082927,9562.371843700237,7178.869808685096
1,All Population,44,Population,119,Trinidad and Tobago,3,Both,32,90-94 years,1,Number,2023,1858.8408227943016,2118.1086919041104,1590.1521911471664
1,All Population,44,Population,119,Trinidad and Tobago,3,Both,34,2-4 years,1,Number,2023,45145.78497467445,51442.64015783002,38620.127134189526
1,All Population,44,Population,396,San Marino,3,Both,6,5-9 years,1,Number,2023,1406.438289476854,1426.1346338174585,1385.4152772744062
1,All Population,44,Population,396,San Marino,3,Both,7,10-14 years,1,Number,2023,1714.9573015022734,1738.9742738732311,1689.3226408520932
1,All Population,44,Population,396,San Marino,3,Both,8,15-19 years,1,Number,2023,1751.1142044454816,1775.6375330611377,1724.9390813964424
1,All Population,44,Population,396,San Marino,3,Both,9,20-24 years,1,Number,2023,1823.3650769299709,1848.900236689596,1796.1099697925833
1,All Population,44,Population,396,San Marino,3,Both,10,25-29 years,1,Number,2023,1788.760478059849,1813.811020683967,1762.0226299517062
1,All Population,44,Population,396,San Marino,3,Both,11,30-34 years,1,Number,2023,1769.0351724163165,1793.8094736901492,1742.5921721833656
1,All Population,44,Population,396,San Marino,3,Both,12,35-39 years,1,Number,2023,1905.5937317515807,1932.280455651737,1877.1094956672353
1,All Population,44,Population,396,San Marino,3,Both,13,40-44 years,1,Number,2023,2269.884743978812,2301.6731501004356,2235.9551965341343
1,All Population,44,Population,396,San Marino,3,Both,14,45-49 years,1,Number,2023,2860.160666598854,2900.2155412281127,2817.407854019189
1,All Population,44,Population,396,San Marino,3,Both,15,50-54 years,1,Number,2023,3179.378864330655,3223.9042028184103,3131.854475126284
1,All Population,44,Population,396,San Marino,3,Both,16,55-59 years,1,Number,2023,3266.898045501221,3312.649038851789,3218.065446169563
1,All Population,44,Population,396,San Marino,3,Both,17,60-64 years,1,Number,2023,2776.722029197313,2815.6083945888277,2735.2164320165552
1,All Population,44,Population,396,San Marino,3,Both,18,65-69 years,1,Number,2023,2057.0220885819213,2085.8294779114663,2026.2743474314384
1,All Population,44,Population,396,San Marino,3,Both,19,70-74 years,1,Number,2023,1754.9964031155791,1779.5740996493848,1728.763250140432
1,All Population,44,Population,396,San Marino,3,Both,20,75-79 years,1,Number,2023,1467.987708759358,1488.5460166608405,1446.0446745393704
1,All Population,44,Population,396,San Marino,3,Both,21,80+ years,1,Number,2023,2216.1671138671554,2247.2032360473104,2183.040521235194
1,All Population,44,Population,396,San Marino,3,Both,23,5-14 years,1,Number,2023,3121.3955909791275,3165.10890769069,3074.7379181265
1,All Population,44,Population,396,San Marino,3,Both,24,15-49 years,1,Number,2023,14167.914074180864,14366.327411105129,13956.136399544657
1,All Population,44,Population,396,San Marino,3,Both,25,50-69 years,1,Number,2023,11280.02102761111,11437.99111417049,11111.410700743843
1,All Population,44,Population,396,San Marino,3,Both,26,70+ years,1,Number,2023,5439.151225742093,5515.323352357537,5357.848445914996
1,All Population,44,Population,396,San Marino,3,Both,28,<1 year,1,Number,2023,205.2372613045675,208.11148891940374,202.1694370842757
1,All Population,44,Population,396,San Marino,3,Both,30,80-84 years,1,Number,2023,1092.1765372542063,1107.4718298521418,1075.851014235018
1,All Population,44,Population,396,San Marino,3,Both,31,85-89 years,1,Number,2023,723.2248462933954,733.3531865944649,712.4143010440941
1,All Population,44,Population,396,San Marino,3,Both,32,90-94 years,1,Number,2023,322.60849393188806,327.126436902603,317.78624018973056
1,All Population,44,Population,396,San Marino,3,Both,34,2-4 years,1,Number,2023,722.2732660662746,732.388280043707,711.476944749069
1,All Population,44,Population,58,Estonia,3,Both,157,25+ years,1,Number,2023,998003.272155343,1012018.1054998571,984570.6769105704
1,All Population,44,Population,105,Antigua and Barbuda,3,Both,28,<1 year,1,Number,2023,1006.4598483088464,1146.9753179593683,858.1326292788319
1,All Population,44,Population,105,Antigua and Barbuda,3,Both,30,80-84 years,1,Number,2023,1102.7872208954186,1256.7513005644591,940.2637362953049
1,All Population,44,Population,105,Antigua and Barbuda,3,Both,31,85-89 years,1,Number,2023,601.8288475114773,685.8523317065042,513.1342021826922
1,All Population,44,Population,105,Antigua and Barbuda,3,Both,32,90-94 years,1,Number,2023,176.63756332136037,201.29856714553705,150.6055675217072
1,All Population,44,Population,105,Antigua and Barbuda,3,Both,34,2-4 years,1,Number,2023,3153.5926772269663,3593.877063009054,2688.831333242428
1,All Population,44,Population,113,Guyana,3,Both,157,25+ years,1,Number,2023,454919.7723044612,516562.4316419843,392579.1328370706
1,All Population,44,Population,113,Guyana,3,Both,158,<20 years,1,Number,2023,287381.57809424744,326322.43271704344,247999.795986186
1,All Population,44,Population,113,Guyana,3,Both,159,10-24 years,1,Number,2023,213606.8270452804,242551.03583405344,184334.88284037806
1,All Population,44,Population,115,Jamaica,3,Both,157,25+ years,1,Number,2023,1762990.1941245603,2005540.7326379744,1490358.6995043897
1,All Population,44,Population,115,Jamaica,3,Both,158,<20 years,1,Number,2023,829841.9924799087,944010.8760209739,701513.9601049349
1,All Population,44,Population,115,Jamaica,3,Both,159,10-24 years,1,Number,2023,702349.4409199078,798978.0187120333,593737.0513208157
1,All Population,44,Population,115,Jamaica,3,Both,162,10-19 years,1,Number,2023,448829.872261195,510579.46541302657,379422.13572780375
1,All Population,44,Population,115,Jamaica,3,Both,235,95+ years,1,Number,2023,6663.843097263208,7580.648384777981,5633.336229116207
1,All Population,44,Population,116,Saint Lucia,3,Both,1,<5 years,1,Number,2023,9365.05208701091,10838.534082553124,7992.198903816814
1,All Population,44,Population,116,Saint Lucia,3,Both,6,5-9 years,1,Number,2023,10389.733289354373,12024.436951236034,8866.668784607939
1,All Population,44,Population,116,Saint Lucia,3,Both,7,10-14 years,1,Number,2023,10948.948370939452,12671.638020159522,9343.906724185552
1,All Population,44,Population,116,Saint Lucia,3,Both,8,15-19 years,1,Number,2023,11897.280105579282,13769.178720623602,10153.219451933792
1,All Population,44,Population,116,Saint Lucia,3,Both,9,20-24 years,1,Number,2023,12929.381174368527,14963.668885416924,11034.021497022934
1,All Population,44,Population,116,Saint Lucia,3,Both,10,25-29 years,1,Number,2023,13738.599247460117,15900.208008096868,11724.613683443502
1,All Population,44,Population,116,Saint Lucia,3,Both,11,30-34 years,1,Number,2023,13330.859610132593,15428.315282362679,11376.645914314757
1,All Population,44,Population,116,Saint Lucia,3,Both,12,35-39 years,1,Number,2023,13022.467921122241,15071.401748827635,11113.462357410328
1,All Population,44,Population,116,Saint Lucia,3,Both,13,40-44 years,1,Number,2023,13395.590504019328,15503.230829341708,11431.88769774084
1,All Population,44,Population,116,Saint Lucia,3,Both,14,45-49 years,1,Number,2023,13144.543676650921,15212.684704294177,11217.642634300848
1,All Population,44,Population,57,Belarus,3,Both,157,25+ years,1,Number,2023,6951496.613234181,7642816.831678601,6256795.090681978
1,All Population,44,Population,57,Belarus,3,Both,158,<20 years,1,Number,2023,2090372.3733848713,2298258.0656611808,1881469.8950715146
1,All Population,44,Population,57,Belarus,3,Both,159,10-24 years,1,Number,2023,1540348.6517439275,1693534.9691157702,1386413.0874813306
1,All Population,44,Population,57,Belarus,3,Both,162,10-19 years,1,Number,2023,1084263.8346002884,1192092.9184209188,975907.3498526588
1,All Population,44,Population,57,Belarus,3,Both,235,95+ years,1,Number,2023,9097.49508967604,10002.232967375416,8188.332064525877
1,All Population,44,Population,58,Estonia,3,Both,1,<5 years,1,Number,2023,67778.41280578423,68730.21645846896,66866.15128224537
1,All Population,44,Population,164,Nepal,3,Both,157,25+ years,1,Number,2023,16575815.086004531,17825306.90684386,15271304.128887504
1,All Population,44,Population,164,Nepal,3,Both,158,<20 years,1,Number,2023,11600655.406728303,12475117.626044508,10687687.808495782
1,All Population,44,Population,164,Nepal,3,Both,159,10-24 years,1,Number,2023,8804297.541282548,9467969.14409602,8111402.347125913
1,All Population,44,Population,164,Nepal,3,Both,162,10-19 years,1,Number,2023,5917198.070914187,6363238.917384299,5451516.613991038
1,All Population,44,Population,164,Nepal,3,Both,235,95+ years,1,Number,2023,12829.39743669559,13796.482740210049,11819.728262507631
1,All Population,44,Population,165,Pakistan,3,Both,1,<5 years,1,Number,2023,30828249.07084374,33050441.753229123,28740414.522712745
1,All Population,44,Population,165,Pakistan,3,Both,6,5-9 years,1,Number,2023,34242984.78856313,36711321.86619971,31923888.218777638
1,All Population,44,Population,175,Burundi,3,Both,24,15-49 years,1,Number,2023,6822825.538437539,7971402.914881048,5747052.979172953
1,All Population,44,Population,175,Burundi,3,Both,25,50-69 years,1,Number,2023,962707.0384271084,1124772.3760575254,810914.5283129001
1,All Population,44,Population,175,Burundi,3,Both,26,70+ years,1,Number,2023,197667.26696852886,230943.2388696753,166500.55744743696
1,All Population,44,Population,175,Burundi,3,Both,28,<1 year,1,Number,2023,486825.9800347254,568779.9012925266,410066.86791790306
1,All Population,44,Population,175,Burundi,3,Both,30,80-84 years,1,Number,2023,28101.777399949162,32832.525031937534,23670.89743341406
1,All Population,44,Population,175,Burundi,3,Both,31,85-89 years,1,Number,2023,14747.626403109303,17230.291385150074,12422.32998311847
1,All Population,44,Population,175,Burundi,3,Both,32,90-94 years,1,Number,2023,6373.961724906795,7446.975858758054,5368.962684725012
1,All Population,44,Population,175,Burundi,3,Both,34,2-4 years,1,Number,2023,1367287.3453461449,1597461.0912692633,1151703.6112367804
1,All Population,44,Population,47,Czechia,3,Both,1,<5 years,1,Number,2023,562482.8674850685,605179.972318079,518605.16359838546
1,All Population,44,Population,47,Czechia,3,Both,6,5-9 years,1,Number,2023,588207.8430991198,632857.6864849165,542323.4063362299
1,All Population,44,Population,47,Czechia,3,Both,7,10-14 years,1,Number,2023,594453.6715320628,639577.624987314,548082.0152886345
1,All Population,44,Population,47,Czechia,3,Both,8,15-19 years,1,Number,2023,585509.7587936262,629954.7952508937,539835.791986465
1,All Population,44,Population,47,Czechia,3,Both,9,20-24 years,1,Number,2023,534985.7461644168,575595.5919189719,493253.0152480897
1,All Population,44,Population,47,Czechia,3,Both,10,25-29 years,1,Number,2023,558129.8963409718,600496.5746383164,514591.7554702112
1,All Population,44,Population,47,Czechia,3,Both,11,30-34 years,1,Number,2023,706464.1108666077,760090.5836822117,651354.835802338
1,All Population,44,Population,47,Czechia,3,Both,12,35-39 years,1,Number,2023,737673.5984399999,793669.1296567314,680129.7591723383
1,All Population,44,Population,47,Czechia,3,Both,13,40-44 years,1,Number,2023,791131.9733616579,851185.4376643122,729417.9968673044
1,All Population,44,Population,47,Czechia,3,Both,14,45-49 years,1,Number,2023,940331.3103788071,1011710.2391567079,866978.7139225726
1,All Population,44,Population,47,Czechia,3,Both,15,50-54 years,1,Number,2023,783265.513225451,842721.8480997867,722165.177125224
1,All Population,44,Population,47,Czechia,3,Both,16,55-59 years,1,Number,2023,679504.5252025523,731084.5423447607,626498.2914663928
1,All Population,44,Population,48,Hungary,3,Both,13,40-44 years,1,Number,2023,717358.131167906,771137.9357162105,663220.1104464262
1,All Population,44,Population,48,Hungary,3,Both,14,45-49 years,1,Number,2023,841342.2894655796,904417.0939736384,777847.3567089261
1,All Population,44,Population,48,Hungary,3,Both,15,50-54 years,1,Number,2023,699657.5337131207,752110.3376599869,646855.352470075
1,All Population,44,Population,48,Hungary,3,Both,16,55-59 years,1,Number,2023,596040.1292801953,640724.8136280924,551057.8094767389
1,All Population,44,Population,48,Hungary,3,Both,17,60-64 years,1,Number,2023,557784.3199581295,599600.9947877845,515689.1128921046
1,All Population,44,Population,48,Hungary,3,Both,18,65-69 years,1,Number,2023,645155.4036094382,693522.2234751451,596466.4223438071
1,All Population,44,Population,48,Hungary,3,Both,19,70-74 years,1,Number,2023,525559.0452684036,564959.8152675,485895.83487615647
1,All Population,44,Population,48,Hungary,3,Both,20,75-79 years,1,Number,2023,375229.16723174835,403359.8182939905,346911.1437114418
1,All Population,44,Population,48,Hungary,3,Both,21,80+ years,1,Number,2023,451130.690630117,484951.62234288617,417084.484674849
1,All Population,44,Population,48,Hungary,3,Both,23,5-14 years,1,Number,2023,933249.0170396868,1003214.000428917,862818.0113430783
1,All Population,44,Population,48,Hungary,3,Both,24,15-49 years,1,Number,2023,4387796.014147809,4716745.811725927,4056655.149892436
1,All Population,44,Population,48,Hungary,3,Both,25,50-69 years,1,Number,2023,2498637.386560884,2685958.3695510086,2310068.697182725
1,All Population,44,Population,48,Hungary,3,Both,26,70+ years,1,Number,2023,1351918.903130269,1453271.255904377,1249891.4632624472
1,All Population,44,Population,48,Hungary,3,Both,28,<1 year,1,Number,2023,87218.37242914217,93757.0688186623,80636.12313313826
1,All Population,44,Population,48,Hungary,3,Both,30,80-84 years,1,Number,2023,255528.105482118,274684.8571412281,236243.7546558591
1,All Population,44,Population,48,Hungary,3,Both,31,85-89 years,1,Number,2023,132056.70410893852,141956.89681283876,122090.56826571538
1,All Population,44,Population,48,Hungary,3,Both,32,90-94 years,1,Number,2023,52108.46683848136,56014.99976830664,48175.91329946539
1,All Population,44,Population,57,Belarus,3,Both,15,50-54 years,1,Number,2023,628878.4272521603,691419.8332100172,566031.1261284604
1,All Population,44,Population,57,Belarus,3,Both,16,55-59 years,1,Number,2023,620723.0634092614,682453.4256125069,558690.7729219535
1,All Population,44,Population,57,Belarus,3,Both,17,60-64 years,1,Number,2023,693921.179085264,762931.0294526145,624573.7958578889
1,All Population,44,Population,57,Belarus,3,Both,18,65-69 years,1,Number,2023,592926.9538819744,651893.0174630028,533672.4824290414
1,All Population,44,Population,57,Belarus,3,Both,19,70-74 years,1,Number,2023,451509.6772997472,496411.91722120345,406387.8168258407
1,All Population,44,Population,57,Belarus,3,Both,20,75-79 years,1,Number,2023,230727.64299109188,253673.30396575175,207669.75289938992
1,All Population,44,Population,57,Belarus,3,Both,21,80+ years,1,Number,2023,343970.6346368259,378178.21143732185,309595.74576174165
1,All Population,44,Population,57,Belarus,3,Both,23,5-14 years,1,Number,2023,1147684.039131907,1261820.2064613055,1032989.6224107787
1,All Population,44,Population,57,Belarus,3,Both,24,15-49 years,1,Number,2023,4351134.555017485,4783851.05599788,3916301.602003384
1,All Population,44,Population,58,Estonia,3,Both,21,80+ years,1,Number,2023,79735.42684387257,80855.14132783136,78662.23024688166
1,All Population,44,Population,58,Estonia,3,Both,23,5-14 years,1,Number,2023,152345.42902633827,154484.79655966465,150294.94027284696
1,All Population,44,Population,58,Estonia,3,Both,24,15-49 years,1,Number,2023,596635.75177895,605014.2319521685,588605.3506912872
1,All Population,44,Population,58,Estonia,3,Both,25,50-69 years,1,Number,2023,341205.3272373548,345996.83036255464,336612.88432257227
1,All Population,44,Population,58,Estonia,3,Both,26,70+ years,1,Number,2023,195301.69705697594,198044.29401283868,192673.03969644656
1,All Population,44,Population,58,Estonia,3,Both,28,<1 year,1,Number,2023,11626.954537899466,11790.230385483605,11470.461890435816
1,All Population,44,Population,58,Estonia,3,Both,30,80-84 years,1,Number,2023,42425.06589696341,43020.83571532471,41854.046989183706
1,All Population,44,Population,58,Estonia,3,Both,31,85-89 years,1,Number,2023,25121.47872941753,25474.256468312302,24783.35693649629
1,All Population,44,Population,58,Estonia,3,Both,32,90-94 years,1,Number,2023,9926.850996006187,10066.252505226088,9793.240841405648
1,All Population,44,Population,58,Estonia,3,Both,34,2-4 years,1,Number,2023,43606.37765439192,44218.73648390198,43019.45891628284
1,All Population,44,Population,179,Ethiopia,3,Both,157,25+ years,1,Number,2023,43700576.00675471,50796502.97838707,36421784.09056494
1,All Population,44,Population,179,Ethiopia,3,Both,158,<20 years,1,Number,2023,58558818.43827706,68067368.1452389,48805229.51065576
1,All Population,44,Population,179,Ethiopia,3,Both,159,10-24 years,1,Number,2023,38362088.11537114,44591172.50327309,31972477.671354033
1,All Population,44,Population,179,Ethiopia,3,Both,162,10-19 years,1,Number,2023,27203189.35548397,31620335.82586835,22672211.211290374
1,All Population,44,Population,179,Ethiopia,3,Both,235,95+ years,1,Number,2023,17102.26538631951,19879.263708081693,14253.702680344344
1,All Population,44,Population,180,Kenya,3,Both,1,<5 years,1,Number,2023,5942969.089693732,6486418.420043276,5395885.658051652
1,All Population,44,Population,180,Kenya,3,Both,6,5-9 years,1,Number,2023,6255478.119613637,6827504.550142397,5679626.4897986585
1,All Population,44,Population,180,Kenya,3,Both,7,10-14 years,1,Number,2023,6447006.2704278715,7036546.816162715,5853523.406725909
1,All Population,44,Population,180,Kenya,3,Both,8,15-19 years,1,Number,2023,6139748.268143677,6701191.889081206,5574550.216250787
1,All Population,44,Population,180,Kenya,3,Both,9,20-24 years,1,Number,2023,5242912.457129126,5722345.754005814,4760273.140727596
1,All Population,44,Population,114,Haiti,3,Both,157,25+ years,1,Number,2023,6388197.638278161,7618207.737918449,5231236.604914006
1,All Population,44,Population,114,Haiti,3,Both,158,<20 years,1,Number,2023,5904765.580235351,7041693.664015715,4835358.515158459
1,All Population,44,Population,114,Haiti,3,Both,159,10-24 years,1,Number,2023,3930104.3017207733,4686822.903348015,3218326.458953007
1,All Population,44,Population,114,Haiti,3,Both,162,10-19 years,1,Number,2023,2731315.1561038685,3257213.917779292,2236648.994475713
1,All Population,44,Population,114,Haiti,3,Both,235,95+ years,1,Number,2023,1348.0771594084138,1607.6415334395322,1103.928053241411
1,All Population,44,Population,115,Jamaica,3,Both,1,<5 years,1,Number,2023,186851.62642109374,212558.49805406306,157956.60570392612
1,All Population,44,Population,115,Jamaica,3,Both,6,5-9 years,1,Number,2023,194160.4937976201,220872.91255388453,164135.21867320518
1,All Population,44,Population,115,Jamaica,3,Both,7,10-14 years,1,Number,2023,216223.4948083127,245971.32056468417,182786.36353098354
1,All Population,44,Population,115,Jamaica,3,Both,8,15-19 years,1,Number,2023,232606.37745288224,264608.1448483423,196635.77219682018
1,All Population,44,Population,115,Jamaica,3,Both,9,20-24 years,1,Number,2023,253519.56865871284,288398.5532990068,214314.91559301206
1,All Population,44,Population,115,Jamaica,3,Both,10,25-29 years,1,Number,2023,260323.38941591166,296138.4373389778,220066.5831230717
1,All Population,44,Population,115,Jamaica,3,Both,11,30-34 years,1,Number,2023,241736.78736770133,274994.7080016014,204354.24158589626
1,All Population,44,Population,115,Jamaica,3,Both,12,35-39 years,1,Number,2023,212538.48447488525,241779.32996342584,179671.2088202596
1,All Population,44,Population,115,Jamaica,3,Both,13,40-44 years,1,Number,2023,183698.6860336931,208971.77908331383,155291.2408306322
1,All Population,44,Population,115,Jamaica,3,Both,14,45-49 years,1,Number,2023,158696.86040988224,180530.22572358948,134155.73568368432
1,All Population,44,Population,115,Jamaica,3,Both,15,50-54 years,1,Number,2023,151263.3741387069,172074.04737839437,127871.77507584105
1,All Population,44,Population,115,Jamaica,3,Both,16,55-59 years,1,Number,2023,141959.23408862468,161489.85246069435,120006.44144479789
1,All Population,44,Population,115,Jamaica,3,Both,17,60-64 years,1,Number,2023,123078.80255041545,140011.86884748208,104045.7086584537
1,All Population,44,Population,115,Jamaica,3,Both,18,65-69 years,1,Number,2023,97858.35749436218,111321.61859893236,82725.39172196269
1,All Population,44,Population,115,Jamaica,3,Both,19,70-74 years,1,Number,2023,72710.8660394726,82714.35883961736,61466.746730396146
1,All Population,44,Population,115,Jamaica,3,Both,20,75-79 years,1,Number,2023,51546.32995467065,58638.02571711015,43575.126810965914
1,All Population,44,Population,115,Jamaica,3,Both,21,80+ years,1,Number,2023,67579.02215623423,76876.48068483596,57128.49901842825
1,All Population,44,Population,115,Jamaica,3,Both,23,5-14 years,1,Number,2023,410383.9886059328,466844.23311856866,346921.5822041887
1,All Population,44,Population,115,Jamaica,3,Both,24,15-49 years,1,Number,2023,1543120.1538136688,1755421.1782582572,1304489.6978333767
1,All Population,44,Population,115,Jamaica,3,Both,25,50-69 years,1,Number,2023,514159.7682721092,584897.3872855031,434649.3169010554
1,All Population,44,Population,115,Jamaica,3,Both,26,70+ years,1,Number,2023,191836.21815037748,218228.86524156356,162170.37255979032
1,All Population,44,Population,116,Saint Lucia,3,Both,15,50-54 years,1,Number,2023,13105.432815348348,15167.420203970265,11184.265160270212
1,All Population,44,Population,116,Saint Lucia,3,Both,16,55-59 years,1,Number,2023,11916.643731939637,13791.588988320842,10169.744501867663
1,All Population,44,Population,116,Saint Lucia,3,Both,17,60-64 years,1,Number,2023,9860.03735000165,11411.39951815787,8414.622681017901
1,All Population,44,Population,116,Saint Lucia,3,Both,18,65-69 years,1,Number,2023,7413.589371406263,8580.03141140957,6326.807400215167
1,All Population,44,Population,116,Saint Lucia,3,Both,19,70-74 years,1,Number,2023,5302.018708349715,6136.229669932824,4524.77868944921
1,All Population,44,Population,116,Saint Lucia,3,Both,20,75-79 years,1,Number,2023,4090.478586080186,4734.067804136938,3490.8421403335356
1,All Population,44,Population,116,Saint Lucia,3,Both,21,80+ years,1,Number,2023,5004.629160154669,5792.0493360746,4270.984434061398
1,All Population,44,Population,116,Saint Lucia,3,Both,23,5-14 years,1,Number,2023,21338.681660293823,24696.074971395556,18210.575508793492
1,All Population,44,Population,116,Saint Lucia,3,Both,24,15-49 years,1,Number,2023,91458.72223933302,105848.6881789636,78051.49323616696
1,All Population,44,Population,116,Saint Lucia,3,Both,25,50-69 years,1,Number,2023,42295.7032686959,48950.44012185854,36095.43974337093
1,All Population,44,Population,116,Saint Lucia,3,Both,26,70+ years,1,Number,2023,14397.12645458457,16662.34681014436,12286.605263844143
1,All Population,44,Population,116,Saint Lucia,3,Both,28,<1 year,1,Number,2023,1771.079750849334,2049.738545408032,1511.4514592975493
1,All Population,44,Population,116,Saint Lucia,3,Both,30,80-84 years,1,Number,2023,2712.8116860694786,3139.641044793923,2315.1318735041937
1,All Population,44,Population,116,Saint Lucia,3,Both,31,85-89 years,1,Number,2023,1658.3373927625235,1919.2574888887484,1415.2363670222087
1,All Population,44,Population,116,Saint Lucia,3,Both,32,90-94 years,1,Number,2023,454.9205623284652,526.4970203945816,388.23229019815835
1,All Population,44,Population,117,Saint Vincent and the Grenadines,3,Both,28,<1 year,1,Number,2023,1272.871166331406,1448.8339297545654,1109.1527019554883
1,All Population,44,Population,117,Saint Vincent and the Grenadines,3,Both,30,80-84 years,1,Number,2023,1841.276919349536,2095.816564465254,1604.449314403821
1,All Population,44,Population,117,Saint Vincent and the Grenadines,3,Both,31,85-89 years,1,Number,2023,1279.5746412243868,1456.464098564344,1114.993966560036
1,All Population,44,Population,117,Saint Vincent and the Grenadines,3,Both,32,90-94 years,1,Number,2023,356.4538933846028,405.73037459650294,310.6062965583345
1,All Population,44,Population,117,Saint Vincent and the Grenadines,3,Both,34,2-4 years,1,Number,2023,4175.741777662925,4752.999776724078,3638.652047333263
1,All Population,44,Population,171,Democratic Republic of the Congo,3,Both,157,25+ years,1,Number,2023,35002619.36496399,46100367.23381506,23426087.985446434
1,All Population,44,Population,171,Democratic Republic of the Congo,3,Both,158,<20 years,1,Number,2023,50599517.58462206,66642336.62580811,33864572.77951546
1,All Population,44,Population,171,Democratic Republic of the Congo,3,Both,159,10-24 years,1,Number,2023,31158048.822385974,41036857.214146085,20853044.89808145
1,All Population,44,Population,171,Democratic Republic of the Congo,3,Both,162,10-19 years,1,Number,2023,22509874.975586623,29646738.4895346,15065110.01994646
1,All Population,44,Population,171,Democratic Republic of the Congo,3,Both,235,95+ years,1,Number,2023,14133.780378089275,18614.96304142881,9459.268726485958
1,All Population,44,Population,172,Equatorial Guinea,3,Both,1,<5 years,1,Number,2023,203558.86172366788,228397.7656172987,179068.79751096055
1,All Population,44,Population,173,Gabon,3,Both,1,<5 years,1,Number,2023,236439.20157265506,266773.964655574,204508.92478265575
1,All Population,44,Population,376,Northern Mariana Islands,3,Both,157,25+ years,1,Number,2023,29532.415699211586,32035.698879423566,26844.198362281346
1,All Population,44,Population,376,Northern Mariana Islands,3,Both,158,<20 years,1,Number,2023,14281.763680345144,15492.341885964972,12981.752021343973
1,All Population,44,Population,376,Northern Mariana Islands,3,Both,159,10-24 years,1,Number,2023,11575.660316303669,12556.858605830112,10521.97439146639
1,All Population,44,Population,376,Northern Mariana Islands,3,Both,162,10-19 years,1,Number,2023,8005.845890049464,8684.45273224101,7277.105852742015
1,All Population,44,Population,376,Northern Mariana Islands,3,Both,235,95+ years,1,Number,2023,3.079794148448149,3.3408495585049476,2.7994528411755573
1,All Population,44,Population,380,Palau,3,Both,1,<5 years,1,Number,2023,1027.3997140774397,1120.1311563342617,939.0669453132703
1,All Population,44,Population,380,Palau,3,Both,6,5-9 years,1,Number,2023,1047.732402038927,1142.2990399394616,957.6514892958886
1,All Population,44,Population,380,Palau,3,Both,7,10-14 years,1,Number,2023,1116.9873731343034,1217.8048531025681,1020.9521241541461
1,All Population,44,Population,380,Palau,3,Both,8,15-19 years,1,Number,2023,1133.5086569357509,1235.8173213513637,1036.0529571595455
1,All Population,44,Population,380,Palau,3,Both,9,20-24 years,1,Number,2023,1194.2104444904512,1301.9979544132084,1091.5357857344338
1,All Population,44,Population,380,Palau,3,Both,10,25-29 years,1,Number,2023,1295.6965841584597,1412.6440694749635,1184.296449246249
1,All Population,44,Population,380,Palau,3,Both,11,30-34 years,1,Number,2023,1372.490446115966,1496.3692216384297,1254.4878035741995
1,All Population,44,Population,380,Palau,3,Both,12,35-39 years,1,Number,2023,1396.5376171455762,1522.5868515665754,1276.4674704290608
1,All Population,44,Population,385,Puerto Rico,3,Both,9,20-24 years,1,Number,2023,193657.3111624055,210559.21723208358,177048.594947174
1,All Population,44,Population,385,Puerto Rico,3,Both,10,25-29 years,1,Number,2023,154041.26342010932,167485.58395494206,140830.15553978377
1,All Population,44,Population,385,Puerto Rico,3,Both,11,30-34 years,1,Number,2023,151883.17608680628,165139.14437622827,138857.15318918225
1,All Population,44,Population,385,Puerto Rico,3,Both,12,35-39 years,1,Number,2023,173092.84217439167,188199.93491571196,158247.80545821314
1,All Population,44,Population,385,Puerto Rico,3,Both,13,40-44 years,1,Number,2023,207175.30711057092,225257.02868215158,189407.24112871257
1,All Population,44,Population,385,Puerto Rico,3,Both,14,45-49 years,1,Number,2023,228525.59066651925,248470.7094166397,208926.45102900066
1,All Population,44,Population,385,Puerto Rico,3,Both,15,50-54 years,1,Number,2023,242870.6000271077,264067.71385722794,222041.1831119342
1,All Population,44,Population,58,Estonia,3,Both,158,<20 years,1,Number,2023,291416.7125676292,295509.0404931891,287494.3980254841
1,All Population,44,Population,58,Estonia,3,Both,159,10-24 years,1,Number,2023,213607.5805885963,216607.2447446153,210732.53573522117
1,All Population,44,Population,58,Estonia,3,Both,162,10-19 years,1,Number,2023,149760.94740616513,151864.0213919659,147745.24440587722
1,All Population,44,Population,58,Estonia,3,Both,235,95+ years,1,Number,2023,2262.031221485448,2293.796638968239,2231.5854797960124
1,All Population,44,Population,59,Latvia,3,Both,1,<5 years,1,Number,2023,88970.54021628898,96468.29698606157,81010.52571319249
1,All Population,44,Population,59,Latvia,3,Both,6,5-9 years,1,Number,2023,108236.92041286067,117358.3003751719,98553.1817937359
1,All Population,44,Population,59,Latvia,3,Both,7,10-14 years,1,Number,2023,101543.87776664992,110101.21927658119,92458.95215241602
1,All Population,44,Population,59,Latvia,3,Both,8,15-19 years,1,Number,2023,99100.53402348419,107451.96920704421,90234.20943813433
1,All Population,44,Population,59,Latvia,3,Both,9,20-24 years,1,Number,2023,86806.67191752099,94122.07441422137,79040.25433986871
1,All Population,44,Population,59,Latvia,3,Both,10,25-29 years,1,Number,2023,91170.2025213502,98853.33000932785,83013.38867537421
1,All Population,44,Population,59,Latvia,3,Both,11,30-34 years,1,Number,2023,130223.2823668049,141197.50478440645,118572.46835847525
1,All Population,44,Population,59,Latvia,3,Both,12,35-39 years,1,Number,2023,139560.11778603692,151321.17729378783,127073.95597415975
1,All Population,44,Population,59,Latvia,3,Both,13,40-44 years,1,Number,2023,125647.7333498166,136236.36348558922,114406.28446893605
1,All Population,44,Population,59,Latvia,3,Both,14,45-49 years,1,Number,2023,128063.02083500328,138855.1929302715,116605.48106196341
1,All Population,44,Population,59,Latvia,3,Both,15,50-54 years,1,Number,2023,130911.05308570972,141943.2355601029,119198.70562053044
1,All Population,44,Population,59,Latvia,3,Both,16,55-59 years,1,Number,2023,127271.71985493529,137997.2071546992,115884.97618206909
1,All Population,44,Population,60,Lithuania,3,Both,14,45-49 years,1,Number,2023,189604.00671893635,192145.2031573255,186828.0666864461
1,All Population,44,Population,60,Lithuania,3,Both,15,50-54 years,1,Number,2023,206580.65060899736,209349.37909027826,203556.16020983894
1,All Population,44,Population,60,Lithuania,3,Both,16,55-59 years,1,Number,2023,207732.23067796306,210516.39338566366,204690.88031223865
1,All Population,44,Population,60,Lithuania,3,Both,17,60-64 years,1,Number,2023,221632.41530303206,224602.87734202543,218387.55616327137
1,All Population,44,Population,60,Lithuania,3,Both,18,65-69 years,1,Number,2023,168455.35316279376,170713.10156638865,165989.0447412367
1,All Population,44,Population,60,Lithuania,3,Both,19,70-74 years,1,Number,2023,139908.34004823247,141783.48278167978,137859.98058189027
1,All Population,44,Population,60,Lithuania,3,Both,20,75-79 years,1,Number,2023,101221.57005182627,102578.20748663091,99739.61292802506
1,All Population,44,Population,60,Lithuania,3,Both,21,80+ years,1,Number,2023,160208.04880202704,162355.2614588803,157862.48689174553
1,All Population,44,Population,60,Lithuania,3,Both,23,5-14 years,1,Number,2023,295969.727095037,299936.50622265233,291636.51585089794
1,All Population,44,Population,165,Pakistan,3,Both,7,10-14 years,1,Number,2023,29340687.86465694,31455652.672394224,27353597.98326322
1,All Population,44,Population,165,Pakistan,3,Both,8,15-19 years,1,Number,2023,25144089.32340042,26956550.717860524,23441212.904760845
1,All Population,44,Population,165,Pakistan,3,Both,9,20-24 years,1,Number,2023,21361365.973528218,22901157.3201936,19914673.436034013
1,All Population,44,Population,165,Pakistan,3,Both,10,25-29 years,1,Number,2023,18487646.332771618,19820291.346142456,17235575.65439846
1,All Population,44,Population,165,Pakistan,3,Both,11,30-34 years,1,Number,2023,16342198.623535901,17520193.329360954,15235427.79136086
1,All Population,44,Population,165,Pakistan,3,Both,12,35-39 years,1,Number,2023,14639060.185371736,15694287.562903818,13647633.927689964
1,All Population,44,Population,165,Pakistan,3,Both,13,40-44 years,1,Number,2023,12658271.064818118,13570717.219877016,11800993.196457785
1,All Population,44,Population,165,Pakistan,3,Both,14,45-49 years,1,Number,2023,10235022.457123669,10972793.582431624,9541858.423130913
1,All Population,44,Population,165,Pakistan,3,Both,15,50-54 years,1,Number,2023,8189870.3320657145,8780220.756437171,7635213.653877278
1,All Population,44,Population,165,Pakistan,3,Both,16,55-59 years,1,Number,2023,6566810.839332864,7040166.266046858,6122075.411450028
1,All Population,44,Population,165,Pakistan,3,Both,17,60-64 years,1,Number,2023,5045889.281447676,5409612.119277109,4704157.840792683
1,All Population,44,Population,165,Pakistan,3,Both,18,65-69 years,1,Number,2023,4095880.670537505,4391124.037524583,3818488.297415091
1,All Population,44,Population,165,Pakistan,3,Both,19,70-74 years,1,Number,2023,2913422.597993418,3123430.839560411,2716111.8671952453
1,All Population,44,Population,165,Pakistan,3,Both,20,75-79 years,1,Number,2023,1919197.0215559965,2057538.5007479198,1789219.9399167933
1,All Population,44,Population,165,Pakistan,3,Both,21,80+ years,1,Number,2023,1939989.788596263,2079830.07281786,1808604.5226233297
1,All Population,44,Population,165,Pakistan,3,Both,23,5-14 years,1,Number,2023,63583672.65322007,68166974.53859395,59277486.20204086
1,All Population,44,Population,165,Pakistan,3,Both,24,15-49 years,1,Number,2023,118867653.96054968,127435991.07876998,110817375.33383286
1,All Population,44,Population,165,Pakistan,3,Both,25,50-69 years,1,Number,2023,23898451.12338376,25621123.179285724,22279935.20353508
1,All Population,44,Population,165,Pakistan,3,Both,26,70+ years,1,Number,2023,6772609.408145677,7260799.41312619,6313936.329735368
1,All Population,44,Population,165,Pakistan,3,Both,28,<1 year,1,Number,2023,5836155.744563077,6256843.359971477,5440903.728667821
1,All Population,44,Population,165,Pakistan,3,Both,30,80-84 years,1,Number,2023,1159561.822615453,1243146.5176485074,1081030.822415381
1,All Population,44,Population,58,Estonia,3,Both,6,5-9 years,1,Number,2023,73877.35235567982,74914.80264275428,72883.00233736161
1,All Population,44,Population,58,Estonia,3,Both,7,10-14 years,1,Number,2023,78468.07667065844,79569.99391691037,77411.93793548537
1,All Population,44,Population,58,Estonia,3,Both,8,15-19 years,1,Number,2023,71292.8707355067,72294.02747505555,70333.30647039185
1,All Population,44,Population,58,Estonia,3,Both,9,20-24 years,1,Number,2023,63846.633182431164,64743.223352649395,62987.29132934395
1,All Population,44,Population,58,Estonia,3,Both,10,25-29 years,1,Number,2023,70537.72796583583,71528.28033126735,69588.32752228351
1,All Population,44,Population,58,Estonia,3,Both,11,30-34 years,1,Number,2023,99374.95040692255,100770.46022881378,98037.41622890058
1,All Population,44,Population,58,Estonia,3,Both,12,35-39 years,1,Number,2023,103923.48403274601,105382.86833531925,102524.72900219019
1,All Population,44,Population,58,Estonia,3,Both,13,40-44 years,1,Number,2023,94900.80972077227,96233.4897525959,93623.49510573372
1,All Population,44,Population,58,Estonia,3,Both,14,45-49 years,1,Number,2023,92759.27573473548,94061.88247646748,91510.78503244345
1,All Population,44,Population,58,Estonia,3,Both,15,50-54 years,1,Number,2023,91243.8412682909,92525.16695605812,90015.74751095453
1,All Population,44,Population,58,Estonia,3,Both,16,55-59 years,1,Number,2023,82580.60112341029,83740.27002883876,81469.10998815064
1,All Population,44,Population,58,Estonia,3,Both,17,60-64 years,1,Number,2023,87344.50565607303,88571.0734685063,86168.89488998913
1,All Population,44,Population,58,Estonia,3,Both,18,65-69 years,1,Number,2023,80036.37918958062,81160.31990915145,78959.13193347798
1,All Population,44,Population,58,Estonia,3,Both,19,70-74 years,1,Number,2023,69314.92588271135,70288.30659361383,68381.98370728835
1,All Population,44,Population,58,Estonia,3,Both,20,75-79 years,1,Number,2023,46251.34433039201,46900.84609139354,45628.82574227654
1,All Population,44,Population,59,Latvia,3,Both,17,60-64 years,1,Number,2023,136130.33269199906,147602.3561396657,123951.02682395093
1,All Population,44,Population,59,Latvia,3,Both,18,65-69 years,1,Number,2023,116190.95149494041,125982.63637220064,105795.58178289975
1,All Population,44,Population,59,Latvia,3,Both,19,70-74 years,1,Number,2023,97984.47080100891,106241.85271073844,89217.99813760625
1,All Population,44,Population,59,Latvia,3,Both,20,75-79 years,1,Number,2023,70686.229517726,76643.12440234532,64362.07535655691
1,All Population,44,Population,59,Latvia,3,Both,21,80+ years,1,Number,2023,115608.31657918503,125350.90144116724,105265.07403607185
1,All Population,44,Population,59,Latvia,3,Both,23,5-14 years,1,Number,2023,209780.79817951057,227459.51965175307,191012.13394615197
1,All Population,44,Population,59,Latvia,3,Both,24,15-49 years,1,Number,2023,800571.5628000171,868037.6121246484,728946.0423169117
1,All Population,44,Population,59,Latvia,3,Both,25,50-69 years,1,Number,2023,510504.0571275845,553525.4352266685,464830.2904094503
1,All Population,44,Population,59,Latvia,3,Both,26,70+ years,1,Number,2023,284279.01689791994,308235.878554251,258845.14753023503
1,All Population,44,Population,59,Latvia,3,Both,28,<1 year,1,Number,2023,15282.153552547185,16570.016590995245,13914.890145793679
1,All Population,44,Population,59,Latvia,3,Both,30,80-84 years,1,Number,2023,64812.65755133846,70274.57270596322,59014.00000875533
1,All Population,44,Population,59,Latvia,3,Both,31,85-89 years,1,Number,2023,34955.54620987857,37901.332338624954,31828.14410444154
1,All Population,44,Population,59,Latvia,3,Both,32,90-94 years,1,Number,2023,12439.448389251154,13487.74997476484,11326.516070887747
1,All Population,44,Population,59,Latvia,3,Both,34,2-4 years,1,Number,2023,57021.144331877214,61826.45033423685,51919.577737345055
1,All Population,44,Population,422,United States Virgin Islands,3,Both,157,25+ years,1,Number,2023,62666.232827225846,68296.8685312127,57198.119107254715
1,All Population,44,Population,422,United States Virgin Islands,3,Both,158,<20 years,1,Number,2023,17367.649193529327,18928.153172011953,15852.187412052599
1,All Population,44,Population,422,United States Virgin Islands,3,Both,159,10-24 years,1,Number,2023,13116.060906442617,14294.554610365993,11971.583101430278
1,All Population,44,Population,422,United States Virgin Islands,3,Both,162,10-19 years,1,Number,2023,9096.271684403919,9913.582536016453,8302.551593789754
1,All Population,44,Population,422,United States Virgin Islands,3,Both,235,95+ years,1,Number,2023,168.86252362020065,184.0350226147172,154.12796179098845
1,All Population,44,Population,180,Kenya,3,Both,10,25-29 years,1,Number,2023,4319607.695450217,4714610.239470875,3921963.7289903094
1,All Population,44,Population,180,Kenya,3,Both,11,30-34 years,1,Number,2023,3728935.8413102846,4069924.942093396,3385666.511510976
1,All Population,44,Population,180,Kenya,3,Both,12,35-39 years,1,Number,2023,3260486.9892103183,3558639.2165157893,2960340.9874458266
1,All Population,44,Population,180,Kenya,3,Both,13,40-44 years,1,Number,2023,2703951.536411004,2951211.8922335696,2455037.725282661
1,All Population,44,Population,180,Kenya,3,Both,14,45-49 years,1,Number,2023,2142597.210545424,2338525.037479439,1945359.194180047
1,All Population,44,Population,180,Kenya,3,Both,15,50-54 years,1,Number,2023,1662408.5550833363,1814425.9730426734,1509374.5810915562
1,All Population,44,Population,180,Kenya,3,Both,16,55-59 years,1,Number,2023,1237547.0637337014,1350713.4142416397,1123623.9582576633
1,All Population,44,Population,180,Kenya,3,Both,17,60-64 years,1,Number,2023,1000856.9096514605,1092379.3471935058,908722.452202511
1,All Population,44,Population,181,Madagascar,3,Both,15,50-54 years,1,Number,2023,927971.5868710275,1016621.2719615091,838393.4743488473
1,All Population,44,Population,181,Madagascar,3,Both,16,55-59 years,1,Number,2023,697566.7767774323,764205.7514678248,630229.8926465306
1,All Population,44,Population,181,Madagascar,3,Both,17,60-64 years,1,Number,2023,526858.9728142747,577190.1280865659,476000.69976174366
1,All Population,44,Population,181,Madagascar,3,Both,18,65-69 years,1,Number,2023,398918.2911104,437027.19593475113,360410.27203544776
1,All Population,44,Population,181,Madagascar,3,Both,19,70-74 years,1,Number,2023,225366.75603704536,246896.17809608972,203611.85651569723
1,All Population,44,Population,181,Madagascar,3,Both,20,75-79 years,1,Number,2023,116896.39736091252,128063.58066789123,105612.26023389006
1,All Population,44,Population,181,Madagascar,3,Both,21,80+ years,1,Number,2023,104867.558946929,114885.6200690362,94744.57875208392
1,All Population,44,Population,181,Madagascar,3,Both,23,5-14 years,1,Number,2023,7822275.078938113,8569541.732626468,7067182.307657013
1,All Population,44,Population,181,Madagascar,3,Both,24,15-49 years,1,Number,2023,15403122.966519553,16874592.58876964,13916242.654870927
1,All Population,44,Population,181,Madagascar,3,Both,25,50-69 years,1,Number,2023,2551315.6275731344,2795044.3474506517,2305034.3387925695
1,All Population,44,Population,181,Madagascar,3,Both,26,70+ years,1,Number,2023,447130.71234488685,489845.37883301725,403968.69550167135
1,All Population,44,Population,181,Madagascar,3,Both,28,<1 year,1,Number,2023,967061.9630115632,1059445.9752990785,873710.4137139552
1,All Population,44,Population,181,Madagascar,3,Both,30,80-84 years,1,Number,2023,61347.219572945185,67207.756439872,55425.3053510263
1,All Population,44,Population,181,Madagascar,3,Both,31,85-89 years,1,Number,2023,32206.277048476877,35282.962109396845,29097.36988991111
1,All Population,44,Population,181,Madagascar,3,Both,32,90-94 years,1,Number,2023,9524.77257189439,10434.679837378637,8605.33585501147
1,All Population,44,Population,181,Madagascar,3,Both,34,2-4 years,1,Number,2023,2717552.6118674264,2977162.0510649933,2455224.2851223988
1,All Population,44,Population,48,Hungary,3,Both,34,2-4 years,1,Number,2023,277884.1646477995,298716.9334037581,256912.63312088858
1,All Population,44,Population,107,Barbados,3,Both,157,25+ years,1,Number,2023,216768.65669342907,250261.5533938566,184273.56942979904
1,All Population,44,Population,107,Barbados,3,Both,158,<20 years,1,Number,2023,63904.68964268107,73778.59485353564,54324.94459018951
1,All Population,44,Population,107,Barbados,3,Both,159,10-24 years,1,Number,2023,56365.693137931856,65074.74898813576,47916.0946344799
1,All Population,44,Population,107,Barbados,3,Both,162,10-19 years,1,Number,2023,36043.14683254604,41612.168719912836,30640.03542591933
1,All Population,44,Population,107,Barbados,3,Both,235,95+ years,1,Number,2023,303.7434872432758,350.67485359876537,258.21028482237085
1,All Population,44,Population,108,Belize,3,Both,1,<5 years,1,Number,2023,35994.30410153197,38722.13360556325,33254.794280452516
1,All Population,44,Population,108,Belize,3,Both,6,5-9 years,1,Number,2023,40766.806061201096,43856.31978107136,37664.06332547062
1,All Population,44,Population,108,Belize,3,Both,7,10-14 years,1,Number,2023,42584.51504674321,45811.783901051356,39343.42732165801
1,All Population,44,Population,108,Belize,3,Both,8,15-19 years,1,Number,2023,41056.261515269834,44167.711626116965,37931.48845893782
1,All Population,44,Population,108,Belize,3,Both,9,20-24 years,1,Number,2023,38249.108862235196,41147.81881820483,35337.986894713365
1,All Population,44,Population,108,Belize,3,Both,10,25-29 years,1,Number,2023,34415.343288363474,37023.51119594547,31796.007443771327
1,All Population,44,Population,108,Belize,3,Both,11,30-34 years,1,Number,2023,31702.39287341391,34104.959745787724,29289.538428903612
1,All Population,44,Population,108,Belize,3,Both,12,35-39 years,1,Number,2023,28865.786987801028,31053.38159111091,26668.82530399665
1,All Population,44,Population,108,Belize,3,Both,13,40-44 years,1,Number,2023,25446.334630277463,27374.78592574144,23509.62588231885
1,All Population,44,Population,108,Belize,3,Both,14,45-49 years,1,Number,2023,21956.625353580555,23620.60891829987,20285.516763059528
1,All Population,44,Population,108,Belize,3,Both,15,50-54 years,1,Number,2023,19053.56358769443,20497.538522307394,17603.405684160207
1,All Population,44,Population,109,Cuba,3,Both,12,35-39 years,1,Number,2023,782400.8327919287,893043.356321724,676516.06105859
1,All Population,44,Population,109,Cuba,3,Both,13,40-44 years,1,Number,2023,672461.0271349148,767556.5100373875,581454.7559584592
1,All Population,44,Population,109,Cuba,3,Both,14,45-49 years,1,Number,2023,700636.2374142408,799716.0928219971,605816.9261898604
1,All Population,44,Population,109,Cuba,3,Both,15,50-54 years,1,Number,2023,973224.6646362403,1110852.3720001827,841515.1020421673
1,All Population,44,Population,385,Puerto Rico,3,Both,16,55-59 years,1,Number,2023,258261.99466975164,280802.42936377233,236112.5588808165
1,All Population,44,Population,385,Puerto Rico,3,Both,17,60-64 years,1,Number,2023,256624.06691511223,279021.5475378837,234615.10543667208
1,All Population,44,Population,385,Puerto Rico,3,Both,18,65-69 years,1,Number,2023,240763.7402457383,261776.9728378462,220115.01486244667
1,All Population,44,Population,385,Puerto Rico,3,Both,19,70-74 years,1,Number,2023,214584.98830113903,233313.40756121656,196181.44260823436
1,All Population,44,Population,385,Puerto Rico,3,Both,20,75-79 years,1,Number,2023,177179.99612785294,192643.8050282434,161984.43104931337
1,All Population,44,Population,385,Puerto Rico,3,Both,21,80+ years,1,Number,2023,220267.1464131878,239491.48964384216,201376.27932246638
1,All Population,44,Population,385,Puerto Rico,3,Both,23,5-14 years,1,Number,2023,288658.3818673015,313851.7341206272,263902.0475011728
1,All Population,44,Population,385,Puerto Rico,3,Both,24,15-49 years,1,Number,2023,1312710.0655174586,1427279.9833321811,1200127.541159401
1,All Population,44,Population,385,Puerto Rico,3,Both,25,50-69 years,1,Number,2023,998520.4018577099,1085668.6635967302,912883.8622918696
1,All Population,44,Population,385,Puerto Rico,3,Both,26,70+ years,1,Number,2023,612032.1308421798,665448.7022333024,559542.1529800141
1,All Population,44,Population,385,Puerto Rico,3,Both,28,<1 year,1,Number,2023,16114.771829387459,17521.227171350693,14732.71364330096
1,All Population,44,Population,385,Puerto Rico,3,Both,30,80-84 years,1,Number,2023,112940.22331041188,122797.35204169017,103254.08181134696
1,All Population,44,Population,385,Puerto Rico,3,Both,31,85-89 years,1,Number,2023,68814.36963567097,74820.30870838082,62912.61291939382
1,All Population,44,Population,385,Puerto Rico,3,Both,32,90-94 years,1,Number,2023,26550.462279202355,28867.71752175436,24273.403433700398
1,All Population,44,Population,385,Puerto Rico,3,Both,34,2-4 years,1,Number,2023,51493.51351171616,55987.73334441249,47077.252913508964
1,All Population,44,Population,178,Eritrea,3,Both,157,25+ years,1,Number,2023,2963694.173133312,3881289.8729932336,2084249.723358818
1,All Population,44,Population,178,Eritrea,3,Both,158,<20 years,1,Number,2023,3418824.076193116,4477333.520025415,2404324.7105636653
1,All Population,44,Population,178,Eritrea,3,Both,159,10-24 years,1,Number,2023,2173675.7922342937,2846672.209315711,1528660.8212500936
1,All Population,44,Population,178,Eritrea,3,Both,162,10-19 years,1,Number,2023,1531996.4552726734,2006321.1586453698,1077392.9432512776
1,All Population,44,Population,178,Eritrea,3,Both,235,95+ years,1,Number,2023,1795.8193857583651,2351.8268716302337,1262.929249549431
1,All Population,44,Population,179,Ethiopia,3,Both,1,<5 years,1,Number,2023,16402035.087166872,19065332.777950116,13670103.124002865
1,All Population,44,Population,179,Ethiopia,3,Both,6,5-9 years,1,Number,2023,14953593.995626217,17381699.54142045,12462915.175362516
1,All Population,44,Population,179,Ethiopia,3,Both,7,10-14 years,1,Number,2023,14153355.897963267,16451521.941356974,11795965.174300302
1,All Population,44,Population,179,Ethiopia,3,Both,8,15-19 years,1,Number,2023,13049833.457520705,15168813.884511374,10876246.036990078
1,All Population,44,Population,179,Ethiopia,3,Both,9,20-24 years,1,Number,2023,11158898.759887168,12970836.677404756,9300266.460063655
1,All Population,44,Population,179,Ethiopia,3,Both,10,25-29 years,1,Number,2023,9469526.989406165,11007151.389650717,7892277.37855489
1,All Population,44,Population,179,Ethiopia,3,Both,11,30-34 years,1,Number,2023,7961454.864146758,9254204.467611946,6635390.573888798
1,All Population,44,Population,179,Ethiopia,3,Both,12,35-39 years,1,Number,2023,6550171.240248229,7613762.1815965455,5459171.124693502
1,All Population,44,Population,179,Ethiopia,3,Both,13,40-44 years,1,Number,2023,5248695.916143701,6100958.433495963,4374470.24463173
1,All Population,44,Population,179,Ethiopia,3,Both,14,45-49 years,1,Number,2023,3992930.6851227097,4641287.002898503,3327865.9594704676
1,All Population,44,Population,179,Ethiopia,3,Both,15,50-54 years,1,Number,2023,3001059.7870923816,3488360.0250439015,2501201.622410209
1,All Population,44,Population,179,Ethiopia,3,Both,16,55-59 years,1,Number,2023,2265241.8019611747,2633062.8210095465,1887941.8845920858
1,All Population,44,Population,179,Ethiopia,3,Both,17,60-64 years,1,Number,2023,1703636.647258859,1980266.4388954008,1419877.992584016
1,All Population,44,Population,179,Ethiopia,3,Both,18,65-69 years,1,Number,2023,1283596.3096097487,1492021.6098309562,1069799.8040306384
1,All Population,44,Population,179,Ethiopia,3,Both,19,70-74 years,1,Number,2023,904771.3694951356,1051684.5718055333,754072.1537854112
1,All Population,44,Population,179,Ethiopia,3,Both,20,75-79 years,1,Number,2023,622543.9127507563,723630.135065785,518852.6570816559
1,All Population,44,Population,380,Palau,3,Both,157,25+ years,1,Number,2023,12376.253835272257,13493.314558723867,11312.180375626185
1,All Population,44,Population,380,Palau,3,Both,158,<20 years,1,Number,2023,4325.628146186421,4716.052370727655,3953.72351592285
1,All Population,44,Population,380,Palau,3,Both,159,10-24 years,1,Number,2023,3444.7064745605053,3755.620128867141,3148.540867048126
1,All Population,44,Population,380,Palau,3,Both,162,10-19 years,1,Number,2023,2250.496030070054,2453.6221744539316,2057.005081313692
1,All Population,44,Population,380,Palau,3,Both,235,95+ years,1,Number,2023,2.1068825644438465,2.297046388892705,1.9257390739130997
1,All Population,44,Population,385,Puerto Rico,3,Both,1,<5 years,1,Number,2023,84094.30036266282,91433.83201883169,76882.08430090723
1,All Population,44,Population,385,Puerto Rico,3,Both,6,5-9 years,1,Number,2023,117430.7698983605,127679.82184790226,107359.50369895328
1,All Population,44,Population,385,Puerto Rico,3,Both,7,10-14 years,1,Number,2023,171227.611968941,186171.912272725,156542.54380221953
1,All Population,44,Population,385,Puerto Rico,3,Both,8,15-19 years,1,Number,2023,204334.57489665566,222168.36475442443,186810.13986733495
1,All Population,44,Population,393,Saint Kitts and Nevis,3,Both,6,5-9 years,1,Number,2023,3134.810350555021,3574.16766296402,2668.6556157913506
1,All Population,44,Population,393,Saint Kitts and Nevis,3,Both,7,10-14 years,1,Number,2023,3149.8258368768693,3591.2876350368842,2681.438258891129
1,All Population,44,Population,393,Saint Kitts and Nevis,3,Both,8,15-19 years,1,Number,2023,3178.7677571210925,3624.285891350117,2706.076437713608
1,All Population,44,Population,393,Saint Kitts and Nevis,3,Both,9,20-24 years,1,Number,2023,3452.200263521638,3936.0411534210753,2938.848794617599
1,All Population,44,Population,393,Saint Kitts and Nevis,3,Both,10,25-29 years,1,Number,2023,3653.779246728508,4165.872308337224,3110.452440581471
1,All Population,44,Population,393,Saint Kitts and Nevis,3,Both,11,30-34 years,1,Number,2023,3968.3270728561356,4524.505381116874,3378.2261585296183
1,All Population,44,Population,121,Bolivia (Plurinational State of),3,Both,157,25+ years,1,Number,2023,6549976.9199589705,7467994.720483371,5636214.631807933
1,All Population,44,Population,121,Bolivia (Plurinational State of),3,Both,158,<20 years,1,Number,2023,4453392.075201717,5077561.174987658,3832116.33905828
1,All Population,44,Population,121,Bolivia (Plurinational State of),3,Both,159,10-24 years,1,Number,2023,3234726.8326612636,3688092.828985349,2783462.434591502
1,All Population,44,Population,121,Bolivia (Plurinational State of),3,Both,162,10-19 years,1,Number,2023,2169469.2335166084,2473533.1101372233,1866814.8585293097
1,All Population,44,Population,121,Bolivia (Plurinational State of),3,Both,235,95+ years,1,Number,2023,2567.7359366261867,2927.6192347926485,2209.5208935060205
1,All Population,44,Population,60,Lithuania,3,Both,157,25+ years,1,Number,2023,2149290.61996784,2178096.8132706103,2117823.448062192
1,All Population,44,Population,60,Lithuania,3,Both,158,<20 years,1,Number,2023,552975.8189614128,560387.161189761,544879.8523232735
1,All Population,44,Population,60,Lithuania,3,Both,159,10-24 years,1,Number,2023,418609.2011586017,424219.67442585743,412480.4591579777
1,All Population,44,Population,60,Lithuania,3,Both,162,10-19 years,1,Number,2023,281797.4650049528,285574.2982418117,277671.74594606657
1,All Population,44,Population,60,Lithuania,3,Both,235,95+ years,1,Number,2023,3624.0023342434997,3672.573574819366,3570.94431436538
1,All Population,44,Population,61,Republic of Moldova,3,Both,1,<5 years,1,Number,2023,147439.9386745124,174627.7664673425,119711.13150084582
1,All Population,44,Population,61,Republic of Moldova,3,Both,6,5-9 years,1,Number,2023,188086.3345762524,222769.33106021507,152713.22095213362
1,All Population,44,Population,61,Republic of Moldova,3,Both,7,10-14 years,1,Number,2023,193605.23527583474,229305.9134217331,157194.1903104179
1,All Population,44,Population,61,Republic of Moldova,3,Both,8,15-19 years,1,Number,2023,176171.53935206463,208657.45542718927,143039.22331817396
1,All Population,44,Population,61,Republic of Moldova,3,Both,9,20-24 years,1,Number,2023,164535.77354284673,194876.06204987332,133591.77845742044
1,All Population,44,Population,62,Russian Federation,3,Both,6,5-9 years,1,Number,2023,8092536.928924651,8743993.221022459,7432142.440945223
1,All Population,44,Population,62,Russian Federation,3,Both,7,10-14 years,1,Number,2023,8698798.037205234,9399058.878125293,7988929.3858452495
1,All Population,44,Population,62,Russian Federation,3,Both,8,15-19 years,1,Number,2023,7948348.145289563,8588197.114347141,7299720.23666311
1,All Population,44,Population,60,Lithuania,3,Both,24,15-49 years,1,Number,2023,1213485.3183389273,1229749.239246314,1195719.0140697903
1,All Population,44,Population,60,Lithuania,3,Both,25,50-69 years,1,Number,2023,804400.6497527862,815181.751384356,792623.6414265856
1,All Population,44,Population,60,Lithuania,3,Both,26,70+ years,1,Number,2023,401337.9589020857,406716.951727191,395462.0804016608
1,All Population,44,Population,60,Lithuania,3,Both,28,<1 year,1,Number,2023,22246.038616896858,22544.19452129885,21920.340493583943
1,All Population,44,Population,60,Lithuania,3,Both,30,80-84 years,1,Number,2023,86771.69617573338,87934.66698574177,85501.29567487074
1,All Population,44,Population,60,Lithuania,3,Both,31,85-89 years,1,Number,2023,50674.779738130645,51353.95615436316,49932.86424727697
1,All Population,44,Population,60,Lithuania,3,Both,32,90-94 years,1,Number,2023,19137.57055391951,19394.064743955973,18857.382655232424
1,All Population,44,Population,60,Lithuania,3,Both,34,2-4 years,1,Number,2023,78459.22470352589,79510.78635470413,77310.52480766599
1,All Population,44,Population,173,Gabon,3,Both,6,5-9 years,1,Number,2023,230814.02783935942,260427.09032709448,199643.41083970483
1,All Population,44,Population,173,Gabon,3,Both,7,10-14 years,1,Number,2023,210921.2564185093,237982.10884928083,182437.08774621785
1,All Population,44,Population,173,Gabon,3,Both,8,15-19 years,1,Number,2023,184782.35810460604,208489.63260783115,159828.15507505558
1,All Population,44,Population,173,Gabon,3,Both,9,20-24 years,1,Number,2023,166281.4990041082,187615.14352587858,143825.77147270876
1,All Population,44,Population,173,Gabon,3,Both,10,25-29 years,1,Number,2023,153795.63610834922,173527.36482973883,133026.08014059826
1,All Population,44,Population,173,Gabon,3,Both,11,30-34 years,1,Number,2023,138118.18602356248,155838.52352512444,119465.81416588735
1,All Population,44,Population,173,Gabon,3,Both,12,35-39 years,1,Number,2023,119239.685413782,134537.9421455337,103136.78820261652
1,All Population,44,Population,173,Gabon,3,Both,13,40-44 years,1,Number,2023,103236.01230980619,116481.02394160596,89294.35447209372
1,All Population,44,Population,173,Gabon,3,Both,14,45-49 years,1,Number,2023,87378.11616297359,98588.58564013884,75578.01103694135
1,All Population,44,Population,173,Gabon,3,Both,15,50-54 years,1,Number,2023,74637.60566069117,84213.48846580065,64558.06135569843
1,All Population,44,Population,173,Gabon,3,Both,16,55-59 years,1,Number,2023,62596.77639618738,70627.84048836288,54143.30343909074
1,All Population,44,Population,173,Gabon,3,Both,17,60-64 years,1,Number,2023,49852.724182075835,56248.74720635707,43120.29034165777
1,All Population,44,Population,173,Gabon,3,Both,18,65-69 years,1,Number,2023,36886.693048525645,41619.195472390995,31905.275791687032
1,All Population,44,Population,173,Gabon,3,Both,19,70-74 years,1,Number,2023,24595.45283083488,27751.009225789196,21273.924034254997
1,All Population,44,Population,173,Gabon,3,Both,20,75-79 years,1,Number,2023,15324.839840747427,17290.991742634556,13255.27449531079
1,All Population,44,Population,173,Gabon,3,Both,21,80+ years,1,Number,2023,18916.9150628115,21343.924344154184,16362.252680470183
1,All Population,44,Population,173,Gabon,3,Both,23,5-14 years,1,Number,2023,441735.2842578687,498409.1991763753,382080.4985859227
1,All Population,44,Population,173,Gabon,3,Both,24,15-49 years,1,Number,2023,952831.4931271877,1075078.2162158515,824154.9745659012
1,All Population,44,Population,173,Gabon,3,Both,25,50-69 years,1,Number,2023,223973.79928748004,252709.27163291158,193726.930928134
1,All Population,44,Population,173,Gabon,3,Both,26,70+ years,1,Number,2023,58837.20773439381,66385.92531257794,50891.45121003597
1,All Population,44,Population,173,Gabon,3,Both,28,<1 year,1,Number,2023,47534.36766325828,53632.94933571503,41115.01965992377
1,All Population,44,Population,173,Gabon,3,Both,30,80-84 years,1,Number,2023,9899.502109236051,11169.592048320255,8562.609409850254
1,All Population,44,Population,173,Gabon,3,Both,31,85-89 years,1,Number,2023,5683.431695896973,6412.606692455268,4915.904374031605
1,All Population,44,Population,173,Gabon,3,Both,32,90-94 years,1,Number,2023,2358.059381827786,2660.594546078962,2039.6118137079154
1,All Population,44,Population,173,Gabon,3,Both,34,2-4 years,1,Number,2023,141662.57170386935,159837.64809463185,122531.54311300472
1,All Population,44,Population,115,Jamaica,3,Both,28,<1 year,1,Number,2023,36569.47953363884,41600.67425247499,30914.319399473465
1,All Population,44,Population,115,Jamaica,3,Both,30,80-84 years,1,Number,2023,32280.25118699152,36721.33789005227,27288.383871362967
1,All Population,44,Population,115,Jamaica,3,Both,31,85-89 years,1,Number,2023,18961.03056136492,21569.67137443086,16028.86785353399
1,All Population,44,Population,115,Jamaica,3,Both,32,90-94 years,1,Number,2023,9673.89731061458,11004.823035574827,8177.911064415096
1,All Population,44,Population,115,Jamaica,3,Both,34,2-4 years,1,Number,2023,113129.43965783605,128693.68193336076,95634.93043013521
1,All Population,44,Population,116,Saint Lucia,3,Both,34,2-4 years,1,Number,2023,5774.270238583313,6682.784484408867,4927.801345083309
1,All Population,44,Population,168,Angola,3,Both,157,25+ years,1,Number,2023,12799689.16028028,14430465.599719342,11178147.832191566
1,All Population,44,Population,168,Angola,3,Both,158,<20 years,1,Number,2023,20197679.018854275,22771014.875908714,17638916.001219768
1,All Population,44,Population,168,Angola,3,Both,159,10-24 years,1,Number,2023,11834068.8083868,13341817.96961685,10334858.053191824
1,All Population,44,Population,168,Angola,3,Both,162,10-19 years,1,Number,2023,8753226.39283778,9868453.113718824,7644315.217545413
1,All Population,44,Population,168,Angola,3,Both,235,95+ years,1,Number,2023,6123.622949890088,6903.818461330964,5347.845697291411
1,All Population,44,Population,169,Central African Republic,3,Both,1,<5 years,1,Number,2023,1211182.485961586,1441682.637341387,986481.059247942
1,All Population,44,Population,119,Trinidad and Tobago,3,Both,157,25+ years,1,Number,2023,946734.1110234776,1078782.9301416432,809887.1633423022
1,All Population,44,Population,119,Trinidad and Tobago,3,Both,158,<20 years,1,Number,2023,353737.44929561205,403076.13046646415,302605.99680754525
1,All Population,44,Population,119,Trinidad and Tobago,3,Both,159,10-24 years,1,Number,2023,278962.79705401533,317872.04042020225,238639.74663368607
1,All Population,44,Population,119,Trinidad and Tobago,3,Both,162,10-19 years,1,Number,2023,192357.19491650298,219186.84026449558,164552.66703234435
1,All Population,44,Population,119,Trinidad and Tobago,3,Both,235,95+ years,1,Number,2023,99.97193066517357,113.91584082494164,85.52135430373531
1,All Population,44,Population,122,Ecuador,3,Both,1,<5 years,1,Number,2023,1487188.2332113562,1602505.7928623257,1377412.7174832267
1,All Population,44,Population,122,Ecuador,3,Both,6,5-9 years,1,Number,2023,1469076.8811698877,1582990.0745995808,1360638.2392594006
1,All Population,44,Population,122,Ecuador,3,Both,7,10-14 years,1,Number,2023,1626202.7611361025,1752299.5992659617,1506166.0080233219
1,All Population,44,Population,122,Ecuador,3,Both,8,15-19 years,1,Number,2023,1601664.625156299,1725858.759985807,1483439.1333701182
1,All Population,44,Population,123,Peru,3,Both,6,5-9 years,1,Number,2023,3035368.9100796566,3264906.1423298023,2801416.331545369
1,All Population,44,Population,123,Peru,3,Both,7,10-14 years,1,Number,2023,3064935.413365052,3296708.4902629144,2828703.9817862823
1,All Population,44,Population,123,Peru,3,Both,8,15-19 years,1,Number,2023,2969111.679273276,3193638.4822061323,2740265.909977963
1,All Population,44,Population,123,Peru,3,Both,9,20-24 years,1,Number,2023,2738048.6496038847,2945102.2656270633,2527012.1790121295
1,All Population,44,Population,123,Peru,3,Both,10,25-29 years,1,Number,2023,2918415.493071375,3139108.606389838,2693477.1577108316
1,All Population,44,Population,123,Peru,3,Both,11,30-34 years,1,Number,2023,2818572.595383162,3031715.5020960676,2601329.701352642
1,All Population,44,Population,123,Peru,3,Both,12,35-39 years,1,Number,2023,2639932.711559866,2839566.7151651066,2436458.576018879
1,All Population,44,Population,123,Peru,3,Both,13,40-44 years,1,Number,2023,2425294.7598727653,2608697.655225399,2238363.9519259185
1,All Population,44,Population,123,Peru,3,Both,14,45-49 years,1,Number,2023,2229460.7317386344,2398054.487863072,2057623.9295630774
1,All Population,44,Population,123,Peru,3,Both,15,50-54 years,1,Number,2023,1921224.7393832114,2066509.4221590385,1773145.3806502484
1,All Population,44,Population,123,Peru,3,Both,16,55-59 years,1,Number,2023,1678663.9013502975,1805605.922965742,1549280.0406573894
1,All Population,44,Population,123,Peru,3,Both,17,60-64 years,1,Number,2023,1386747.7731601985,1491614.843723919,1279863.4942080905
1,All Population,44,Population,123,Peru,3,Both,18,65-69 years,1,Number,2023,1107412.6041088402,1191156.1066735417,1022058.2231727074
1,All Population,44,Population,123,Peru,3,Both,19,70-74 years,1,Number,2023,832841.6552352333,895821.8642669944,768649.9676594604
1,All Population,44,Population,123,Peru,3,Both,20,75-79 years,1,Number,2023,603807.7103814987,649468.173658969,557268.9287811662
1,All Population,44,Population,123,Peru,3,Both,21,80+ years,1,Number,2023,688734.6274139439,740817.3378899116,635650.0611609686
1,All Population,44,Population,123,Peru,3,Both,23,5-14 years,1,Number,2023,6100304.323444708,6561614.632592716,5630120.313331651
1,All Population,44,Population,123,Peru,3,Both,24,15-49 years,1,Number,2023,18738836.620502964,20155883.71457268,17294531.405561443
1,All Population,44,Population,123,Peru,3,Both,25,50-69 years,1,Number,2023,6094049.018002547,6554886.295522243,5624347.138688435
1,All Population,44,Population,123,Peru,3,Both,26,70+ years,1,Number,2023,2125383.9930306757,2286107.3758158754,1961568.9576015957
1,All Population,44,Population,123,Peru,3,Both,28,<1 year,1,Number,2023,606284.1489235631,652131.8826335978,559554.4945826641
1,All Population,44,Population,123,Peru,3,Both,30,80-84 years,1,Number,2023,390432.2200925279,419957.04354437214,360339.4612419681
1,All Population,44,Population,123,Peru,3,Both,31,85-89 years,1,Number,2023,181294.18575706752,195003.80948139736,167320.84561699635
1,All Population,44,Population,393,Saint Kitts and Nevis,3,Both,12,35-39 years,1,Number,2023,3867.2879034958028,4409.305132477746,3292.2117855451074
1,All Population,44,Population,393,Saint Kitts and Nevis,3,Both,13,40-44 years,1,Number,2023,3502.470523760232,3993.3570093935914,2981.643731883665
1,All Population,44,Population,393,Saint Kitts and Nevis,3,Both,14,45-49 years,1,Number,2023,3182.292889519064,3628.3050863940102,2709.077373438026
1,All Population,44,Population,393,Saint Kitts and Nevis,3,Both,15,50-54 years,1,Number,2023,3073.7851761976267,3504.5895448567085,2616.7050490769484
1,All Population,44,Population,393,Saint Kitts and Nevis,3,Both,16,55-59 years,1,Number,2023,3065.592875444125,3495.2490575021043,2609.730965490611
1,All Population,44,Population,393,Saint Kitts and Nevis,3,Both,17,60-64 years,1,Number,2023,3015.7610996594603,3438.4331414878907,2567.309308860233
1,All Population,44,Population,393,Saint Kitts and Nevis,3,Both,18,65-69 years,1,Number,2023,2027.4479386444602,2311.603590106528,1725.9609743952105
1,All Population,44,Population,393,Saint Kitts and Nevis,3,Both,19,70-74 years,1,Number,2023,1265.6477618644249,1443.033803418985,1077.4425338729814
1,All Population,44,Population,393,Saint Kitts and Nevis,3,Both,20,75-79 years,1,Number,2023,595.6849422189616,679.1727791177696,507.10498834914335
1,All Population,44,Population,393,Saint Kitts and Nevis,3,Both,21,80+ years,1,Number,2023,909.7739075300459,1037.2826797406085,774.4880793189419
1,All Population,44,Population,393,Saint Kitts and Nevis,3,Both,23,5-14 years,1,Number,2023,6284.636187431891,7165.455298000903,5350.093874682481
1,All Population,44,Population,393,Saint Kitts and Nevis,3,Both,24,15-49 years,1,Number,2023,24805.125657002474,28281.67196249064,21116.536722309094
1,All Population,44,Population,393,Saint Kitts and Nevis,3,Both,25,50-69 years,1,Number,2023,11182.587089945673,12749.875333953232,9519.706297823002
1,All Population,44,Population,393,Saint Kitts and Nevis,3,Both,26,70+ years,1,Number,2023,2771.1066116134325,3159.4892622773627,2359.0356015410666
1,All Population,44,Population,393,Saint Kitts and Nevis,3,Both,28,<1 year,1,Number,2023,574.9853220112623,655.5720170592621,489.4834573680921
1,All Population,44,Population,393,Saint Kitts and Nevis,3,Both,30,80-84 years,1,Number,2023,426.575366532752,486.36176048367497,363.14246163386895
1,All Population,44,Population,393,Saint Kitts and Nevis,3,Both,31,85-89 years,1,Number,2023,358.85771916117193,409.15319014555246,305.4946106516398
1,All Population,44,Population,393,Saint Kitts and Nevis,3,Both,32,90-94 years,1,Number,2023,106.53920373267991,121.47113676330088,90.69653744534067
1,All Population,44,Population,393,Saint Kitts and Nevis,3,Both,34,2-4 years,1,Number,2023,1818.9798441740356,2073.9177850038363,1548.4926465509689
1,All Population,44,Population,62,Russian Federation,3,Both,9,20-24 years,1,Number,2023,8156694.850051734,8813315.910846086,7491064.731040322
1,All Population,44,Population,62,Russian Federation,3,Both,10,25-29 years,1,Number,2023,7819071.688120535,8448513.78944522,7180993.432895699
1,All Population,44,Population,62,Russian Federation,3,Both,11,30-34 years,1,Number,2023,10631576.80800718,11487428.02837569,9763983.025710924
1,All Population,44,Population,62,Russian Federation,3,Both,12,35-39 years,1,Number,2023,13605547.916249696,14700806.408774966,12495262.114807548
1,All Population,44,Population,62,Russian Federation,3,Both,13,40-44 years,1,Number,2023,12484798.445002843,13489835.62605044,11465971.82128429
1,All Population,44,Population,62,Russian Federation,3,Both,14,45-49 years,1,Number,2023,10900349.507410534,11777837.16487019,10010822.428947175
1,All Population,44,Population,62,Russian Federation,3,Both,15,50-54 years,1,Number,2023,9686937.958792105,10466744.92659976,8896431.781363385
1,All Population,44,Population,62,Russian Federation,3,Both,16,55-59 years,1,Number,2023,8908338.307455555,9625467.323176837,8181370.04435473
1,All Population,44,Population,62,Russian Federation,3,Both,17,60-64 years,1,Number,2023,10360870.840834884,11194929.994368026,9515368.119741542
1,All Population,44,Population,62,Russian Federation,3,Both,18,65-69 years,1,Number,2023,9388889.964758188,10144703.808683205,8622706.104810627
1,All Population,44,Population,62,Russian Federation,3,Both,19,70-74 years,1,Number,2023,7191650.931636644,7770585.113974483,6604773.580759228
1,All Population,44,Population,62,Russian Federation,3,Both,20,75-79 years,1,Number,2023,3607702.0438620904,3898125.2099384405,3313294.1758518755
1,All Population,44,Population,62,Russian Federation,3,Both,21,80+ years,1,Number,2023,4901128.546788841,5295673.6762369,4501170.127617553
1,All Population,44,Population,62,Russian Federation,3,Both,23,5-14 years,1,Number,2023,16791334.966129884,18143052.099147752,15421071.826790472
1,All Population,44,Population,62,Russian Federation,3,Both,24,15-49 years,1,Number,2023,71546387.36013208,77305934.04270975,65707817.791349076
1,All Population,44,Population,62,Russian Federation,3,Both,25,50-69 years,1,Number,2023,38345037.07184073,41431846.052827835,35215876.05027028
1,All Population,44,Population,62,Russian Federation,3,Both,26,70+ years,1,Number,2023,15700481.522287576,16964384.000149824,14419237.884228654
1,All Population,44,Population,62,Russian Federation,3,Both,28,<1 year,1,Number,2023,1277323.913153217,1380149.6039815727,1173087.4198237031
1,All Population,44,Population,62,Russian Federation,3,Both,30,80-84 years,1,Number,2023,2745923.585461495,2966972.8328211075,2521841.469287273
1,All Population,44,Population,62,Russian Federation,3,Both,31,85-89 years,1,Number,2023,1597520.972224219,1726122.8060192445,1467154.6787177152
1,All Population,44,Population,62,Russian Federation,3,Both,32,90-94 years,1,Number,2023,443476.01004503976,479176.2162567229,407285.9851916382
1,All Population,44,Population,62,Russian Federation,3,Both,34,2-4 years,1,Number,2023,3742339.5895025176,4043601.1956169433,3436944.5744706793
1,All Population,44,Population,179,Ethiopia,3,Both,21,80+ years,1,Number,2023,696946.4835190914,810113.9014822553,580862.6948415338
1,All Population,44,Population,180,Kenya,3,Both,18,65-69 years,1,Number,2023,780850.8233170543,852255.0070895149,708969.1524596928
1,All Population,44,Population,180,Kenya,3,Both,19,70-74 years,1,Number,2023,554064.4287132533,604730.3396763268,503059.7096180584
1,All Population,44,Population,180,Kenya,3,Both,20,75-79 years,1,Number,2023,340510.9777981284,371648.6902896799,309165.0442362898
1,All Population,44,Population,180,Kenya,3,Both,21,80+ years,1,Number,2023,355538.7901926577,388050.7071364229,322809.46273278754
1,All Population,44,Population,180,Kenya,3,Both,23,5-14 years,1,Number,2023,12702484.390041508,13864051.36630511,11533149.896524569
1,All Population,44,Population,180,Kenya,3,Both,24,15-49 years,1,Number,2023,27538239.99820005,30056448.9708801,25003191.504388206
1,All Population,44,Population,180,Kenya,3,Both,25,50-69 years,1,Number,2023,4681663.351785553,5109773.741567333,4250690.144011424
1,All Population,44,Population,180,Kenya,3,Both,26,70+ years,1,Number,2023,1250114.1967040394,1364429.7371024291,1135034.216587136
1,All Population,44,Population,180,Kenya,3,Both,28,<1 year,1,Number,2023,1163978.9036252887,1270417.8815451215,1056828.1573663803
1,All Population,44,Population,180,Kenya,3,Both,30,80-84 years,1,Number,2023,194159.56201993092,211914.30419815923,176286.09206360957
1,All Population,44,Population,180,Kenya,3,Both,31,85-89 years,1,Number,2023,101015.28335493246,110252.53282834956,91716.26344888048
1,All Population,44,Population,180,Kenya,3,Both,32,90-94 years,1,Number,2023,41953.05364040463,45789.411959436606,38091.041200652966
1,All Population,44,Population,180,Kenya,3,Both,34,2-4 years,1,Number,2023,3608177.8501572167,3938124.3477505688,3276024.9665653757
1,All Population,44,Population,183,Mauritius,3,Both,157,25+ years,1,Number,2023,894996.0073825314,961833.388970583,830050.1068297169
1,All Population,44,Population,183,Mauritius,3,Both,158,<20 years,1,Number,2023,285427.55124744086,306742.9872953187,264715.33666163153
1,All Population,44,Population,183,Mauritius,3,Both,159,10-24 years,1,Number,2023,250556.41964562563,269267.7154403039,232374.6488008995
1,All Population,44,Population,183,Mauritius,3,Both,162,10-19 years,1,Number,2023,156486.17819127877,168172.40507804966,145130.66857685774
1,All Population,44,Population,183,Mauritius,3,Both,235,95+ years,1,Number,2023,1264.841065832116,1359.2980961070298,1173.0571456815787
1,All Population,44,Population,184,Mozambique,3,Both,1,<5 years,1,Number,2023,5596219.382083313,6180776.433150999,4998082.997917556
1,All Population,44,Population,185,Rwanda,3,Both,1,<5 years,1,Number,2023,1770029.3762539164,1902232.2667138188,1633387.560449016
1,All Population,44,Population,109,Cuba,3,Both,16,55-59 years,1,Number,2023,982432.0297372779,1121361.788514182,849476.4053918262
1,All Population,44,Population,109,Cuba,3,Both,17,60-64 years,1,Number,2023,755380.4449852657,862201.9042109565,653152.4275332912
1,All Population,44,Population,109,Cuba,3,Both,18,65-69 years,1,Number,2023,556905.7736381311,635660.1123110072,481537.95928109577
1,All Population,44,Population,109,Cuba,3,Both,19,70-74 years,1,Number,2023,455256.44850351696,519636.1375382257,393645.157833093
1,All Population,44,Population,109,Cuba,3,Both,20,75-79 years,1,Number,2023,347456.08730068523,396591.2833581264,300433.7594231584
1,All Population,44,Population,109,Cuba,3,Both,21,80+ years,1,Number,2023,444858.8606037916,507768.18391848524,384654.70828905056
1,All Population,44,Population,109,Cuba,3,Both,23,5-14 years,1,Number,2023,1288045.7462813505,1470193.599168781,1113730.4540283722
1,All Population,44,Population,109,Cuba,3,Both,24,15-49 years,1,Number,2023,4996889.371434222,5703520.073604915,4320644.576828072
1,All Population,44,Population,109,Cuba,3,Both,25,50-69 years,1,Number,2023,3267942.912996915,3730076.177036329,2825681.89424838
1,All Population,44,Population,109,Cuba,3,Both,26,70+ years,1,Number,2023,1247571.3964079937,1423995.6048148372,1078733.625545302
1,All Population,44,Population,109,Cuba,3,Both,28,<1 year,1,Number,2023,94075.17185495242,107378.72928904735,81343.68221416199
1,All Population,44,Population,109,Cuba,3,Both,30,80-84 years,1,Number,2023,224139.18027869923,255835.6247206624,193805.71826586005
1,All Population,44,Population,109,Cuba,3,Both,31,85-89 years,1,Number,2023,127006.28798429947,144966.7701537655,109818.12656078959
1,All Population,44,Population,109,Cuba,3,Both,32,90-94 years,1,Number,2023,64224.29915593175,73306.5217619429,55532.62224194773
1,All Population,44,Population,109,Cuba,3,Both,34,2-4 years,1,Number,2023,323081.7018302252,368770.0156696143,279358.0363946471
1,All Population,44,Population,169,Central African Republic,3,Both,6,5-9 years,1,Number,2023,984844.43716467,1172270.1921464107,802133.778212064
1,All Population,44,Population,169,Central African Republic,3,Both,7,10-14 years,1,Number,2023,847614.8921178393,1008924.4909681089,690363.3814906863
1,All Population,44,Population,169,Central African Republic,3,Both,8,15-19 years,1,Number,2023,703277.0307361102,837117.6896999914,572803.4200185001
1,All Population,44,Population,169,Central African Republic,3,Both,9,20-24 years,1,Number,2023,557392.5655713425,663469.9504669536,453983.78433882445
1,All Population,44,Population,169,Central African Republic,3,Both,10,25-29 years,1,Number,2023,429029.87129301345,510678.55051824515,349435.2393529932
1,All Population,44,Population,169,Central African Republic,3,Both,11,30-34 years,1,Number,2023,363416.69432140386,432578.52916128386,295994.77346961433
1,All Population,44,Population,169,Central African Republic,3,Both,12,35-39 years,1,Number,2023,323461.19837758166,385019.1023728094,263451.9152147364
1,All Population,44,Population,169,Central African Republic,3,Both,13,40-44 years,1,Number,2023,279098.2328687063,332213.4204409548,227319.27152658842
1,All Population,44,Population,170,Congo,3,Both,10,25-29 years,1,Number,2023,492323.00807494385,527358.9338318999,457061.1802367773
1,All Population,44,Population,170,Congo,3,Both,11,30-34 years,1,Number,2023,448101.6181169308,479990.55031472654,416007.074792972
1,All Population,44,Population,170,Congo,3,Both,12,35-39 years,1,Number,2023,390213.27333934547,417982.6098315677,362264.8877490364
1,All Population,44,Population,170,Congo,3,Both,13,40-44 years,1,Number,2023,327185.77528355643,350469.79074403615,303751.6308500923
1,All Population,44,Population,170,Congo,3,Both,14,45-49 years,1,Number,2023,263514.5421825863,282267.42552209896,244640.745372584
1,All Population,44,Population,170,Congo,3,Both,15,50-54 years,1,Number,2023,192409.63224069093,206102.36948745782,178628.60796354938
1,All Population,44,Population,170,Congo,3,Both,16,55-59 years,1,Number,2023,144023.57406548958,154272.94117904492,133708.12183181776
1,All Population,44,Population,170,Congo,3,Both,17,60-64 years,1,Number,2023,103424.86037777869,110785.03991476228,96017.22441315507
1,All Population,44,Population,170,Congo,3,Both,18,65-69 years,1,Number,2023,73474.93729534314,78703.7452239882,68212.4154411257
1,All Population,44,Population,170,Congo,3,Both,19,70-74 years,1,Number,2023,48620.32145358179,52080.36281827,45137.97068708758
1,All Population,44,Population,170,Congo,3,Both,20,75-79 years,1,Number,2023,28554.546982260552,30586.617333808506,26509.37439603026
1,All Population,44,Population,170,Congo,3,Both,21,80+ years,1,Number,2023,29147.31399168771,31221.568317156907,27059.68544079248
1,All Population,44,Population,170,Congo,3,Both,23,5-14 years,1,Number,2023,1604991.662121854,1719210.1077202263,1490036.767178536
1,All Population,44,Population,170,Congo,3,Both,24,15-49 years,1,Number,2023,3122085.0975904386,3344266.754535113,2898470.873998067
1,All Population,44,Population,170,Congo,3,Both,25,50-69 years,1,Number,2023,513333.00397930236,549864.0958052534,476566.36964964797
1,All Population,44,Population,170,Congo,3,Both,26,70+ years,1,Number,2023,106322.18242753006,113888.54846923544,98707.03052391036
1,All Population,44,Population,170,Congo,3,Both,28,<1 year,1,Number,2023,146906.59759218933,157361.13366307612,136384.65352777942
1,All Population,44,Population,170,Congo,3,Both,30,80-84 years,1,Number,2023,16928.693026635025,18133.41517513392,15716.203158723945
1,All Population,44,Population,170,Congo,3,Both,31,85-89 years,1,Number,2023,8201.379722215137,8785.026893562437,7613.9693532970205
1,All Population,44,Population,170,Congo,3,Both,32,90-94 years,1,Number,2023,2928.3875810283935,3136.7848490693073,2718.646624315013
1,All Population,44,Population,170,Congo,3,Both,34,2-4 years,1,Number,2023,474186.31327473203,507931.5500285855,440223.49644988205
1,All Population,44,Population,396,San Marino,3,Both,157,25+ years,1,Number,2023,27312.607046158613,27695.104107882435,26904.346495014466
1,All Population,44,Population,396,San Marino,3,Both,158,<20 years,1,Number,2023,6023.256033438468,6107.608205712132,5933.22223242716
1,All Population,44,Population,396,San Marino,3,Both,159,10-24 years,1,Number,2023,5289.436582877726,5363.512043623966,5210.37169204112
1,All Population,44,Population,396,San Marino,3,Both,162,10-19 years,1,Number,2023,3466.071505947755,3514.6118069343697,3414.2617222485355
1,All Population,44,Population,396,San Marino,3,Both,235,95+ years,1,Number,2023,78.15723638766545,79.25178269810051,76.98896576635106
1,All Population,44,Population,413,Tokelau,3,Both,235,95+ years,1,Number,2023,2.2129181438846026,2.4461020012551558,1.9661432623834898
1,All Population,44,Population,416,Tuvalu,3,Both,1,<5 years,1,Number,2023,1196.0119314007027,1322.5884990703728,1070.0118402186656
1,All Population,44,Population,416,Tuvalu,3,Both,6,5-9 years,1,Number,2023,1198.9768706996072,1325.867224402636,1072.664422581821
1,All Population,44,Population,416,Tuvalu,3,Both,7,10-14 years,1,Number,2023,1065.2255782558418,1177.9607391263992,953.0038549888463
1,All Population,44,Population,416,Tuvalu,3,Both,8,15-19 years,1,Number,2023,947.0427062766329,1047.270314421564,847.2715717158017
1,All Population,44,Population,416,Tuvalu,3,Both,9,20-24 years,1,Number,2023,927.8540265722828,1026.0508546293893,830.1044231759271
1,All Population,44,Population,416,Tuvalu,3,Both,10,25-29 years,1,Number,2023,972.8476162089856,1075.8062146078657,870.357929333536
1,All Population,44,Population,416,Tuvalu,3,Both,11,30-34 years,1,Number,2023,904.9663992647403,1000.7409794908417,809.6280118872027
1,All Population,44,Population,416,Tuvalu,3,Both,12,35-39 years,1,Number,2023,705.3703496583698,780.0212418874698,631.0594451927491
1,All Population,44,Population,61,Republic of Moldova,3,Both,157,25+ years,1,Number,2023,2738835.8785880324,3243875.4146140227,2223747.1404860565
1,All Population,44,Population,61,Republic of Moldova,3,Both,158,<20 years,1,Number,2023,705303.0478786642,835360.46637648,572657.7660815712
1,All Population,44,Population,61,Republic of Moldova,3,Both,159,10-24 years,1,Number,2023,534312.5481707461,632839.4308987955,433825.1920860122
1,All Population,44,Population,61,Republic of Moldova,3,Both,162,10-19 years,1,Number,2023,369776.7746278994,437963.36884892225,300233.4136285918
1,All Population,44,Population,61,Republic of Moldova,3,Both,235,95+ years,1,Number,2023,5798.948505603113,6868.270798919296,4708.348995270521
1,All Population,44,Population,50,Montenegro,3,Both,157,25+ years,1,Number,2023,456789.6704663073,490014.2695250319,424292.3988270603
1,All Population,44,Population,50,Montenegro,3,Both,158,<20 years,1,Number,2023,156395.03010378414,167770.42343233933,145268.65815425527
1,All Population,44,Population,50,Montenegro,3,Both,159,10-24 years,1,Number,2023,121797.88307936357,130656.85273903704,113132.8471833576
1,All Population,44,Population,50,Montenegro,3,Both,162,10-19 years,1,Number,2023,80927.76442592399,86814.04579263137,75170.3410126023
1,All Population,44,Population,121,Bolivia (Plurinational State of),3,Both,12,35-39 years,1,Number,2023,869908.5931685956,991831.4003962755,748550.964540346
1,All Population,44,Population,121,Bolivia (Plurinational State of),3,Both,13,40-44 years,1,Number,2023,794043.3199882193,905333.1628448328,683269.3661514432
1,All Population,44,Population,121,Bolivia (Plurinational State of),3,Both,14,45-49 years,1,Number,2023,677038.7065282246,771929.6644403052,582587.6198749413
1,All Population,44,Population,121,Bolivia (Plurinational State of),3,Both,15,50-54 years,1,Number,2023,552863.6092295684,630350.6967013347,475735.716600564
1,All Population,44,Population,121,Bolivia (Plurinational State of),3,Both,16,55-59 years,1,Number,2023,448744.6276459586,511638.8272901407,386141.976863515
1,All Population,44,Population,121,Bolivia (Plurinational State of),3,Both,17,60-64 years,1,Number,2023,385379.85703133774,439393.1112827028,331616.9836240706
1,All Population,44,Population,121,Bolivia (Plurinational State of),3,Both,18,65-69 years,1,Number,2023,297332.25858696765,339005.12390977715,255852.56968613318
1,All Population,44,Population,121,Bolivia (Plurinational State of),3,Both,19,70-74 years,1,Number,2023,222371.75414136166,253538.46375426883,191349.5191980294
1,All Population,44,Population,121,Bolivia (Plurinational State of),3,Both,20,75-79 years,1,Number,2023,137382.9826661544,156638.01594609686,118217.20694998193
1,All Population,44,Population,121,Bolivia (Plurinational State of),3,Both,21,80+ years,1,Number,2023,134638.20935142238,153508.54650310063,115855.34648748957
1,All Population,44,Population,121,Bolivia (Plurinational State of),3,Both,23,5-14 years,1,Number,2023,2264537.234794315,2581925.4511034056,1948620.285688204
1,All Population,44,Population,121,Bolivia (Plurinational State of),3,Both,24,15-49 years,1,Number,2023,6483156.4067853885,7391808.919266318,5578715.993468268
1,All Population,44,Population,121,Bolivia (Plurinational State of),3,Both,25,50-69 years,1,Number,2023,1684320.3524938324,1920387.7591839556,1449347.2467742825
1,All Population,44,Population,121,Bolivia (Plurinational State of),3,Both,26,70+ years,1,Number,2023,494392.9461589384,563685.0262034661,425422.072635501
1,All Population,44,Population,121,Bolivia (Plurinational State of),3,Both,28,<1 year,1,Number,2023,229283.31129576237,261418.7163063202,197296.87138540993
1,All Population,44,Population,121,Bolivia (Plurinational State of),3,Both,30,80-84 years,1,Number,2023,81141.65276901817,92514.13278172567,69821.89039357462
1,All Population,44,Population,121,Bolivia (Plurinational State of),3,Both,31,85-89 years,1,Number,2023,37840.87264989755,43144.49357932833,32561.836891338105
1,All Population,44,Population,121,Bolivia (Plurinational State of),3,Both,32,90-94 years,1,Number,2023,13087.947995880479,14922.300907253975,11262.098309070823
1,All Population,44,Population,121,Bolivia (Plurinational State of),3,Both,34,2-4 years,1,Number,2023,684606.887422855,780558.5704128651,589099.9927299515
1,All Population,44,Population,185,Rwanda,3,Both,6,5-9 years,1,Number,2023,1762374.5676269152,1894005.7230410702,1626323.6837943676
1,All Population,44,Population,185,Rwanda,3,Both,7,10-14 years,1,Number,2023,1698799.6947830054,1825682.4646260836,1567656.6312281883
1,All Population,44,Population,185,Rwanda,3,Both,8,15-19 years,1,Number,2023,1544523.245858621,1659883.160346124,1425289.9361190626
1,All Population,44,Population,185,Rwanda,3,Both,9,20-24 years,1,Number,2023,1235494.2885805005,1327772.93564043,1140117.2370620032
1,All Population,44,Population,185,Rwanda,3,Both,10,25-29 years,1,Number,2023,1080955.6910507919,1161691.902965218,997508.6305605186
1,All Population,44,Population,185,Rwanda,3,Both,11,30-34 years,1,Number,2023,1031371.9669221935,1108404.7873915352,951752.645219872
1,All Population,44,Population,185,Rwanda,3,Both,12,35-39 years,1,Number,2023,890918.4432503517,957460.8379370469,822141.7803017137
1,All Population,44,Population,185,Rwanda,3,Both,13,40-44 years,1,Number,2023,741870.7919985157,797280.8684445642,684600.2328364769
1,All Population,44,Population,185,Rwanda,3,Both,14,45-49 years,1,Number,2023,562634.6803699882,604657.6727653559,519200.6982045214
1,All Population,44,Population,185,Rwanda,3,Both,15,50-54 years,1,Number,2023,423461.13787736004,455089.30584783066,390771.0031379967
1,All Population,44,Population,185,Rwanda,3,Both,16,55-59 years,1,Number,2023,334585.2441659611,359575.30194544676,308756.1048772556
1,All Population,44,Population,185,Rwanda,3,Both,17,60-64 years,1,Number,2023,302554.06276285223,325151.7225272842,279197.6501124809
1,All Population,44,Population,185,Rwanda,3,Both,18,65-69 years,1,Number,2023,245002.7529007389,263301.92495892313,226089.1566165867
1,All Population,44,Population,185,Rwanda,3,Both,19,70-74 years,1,Number,2023,154717.83391530986,166273.6561653271,142774.0062889393
1,All Population,44,Population,185,Rwanda,3,Both,20,75-79 years,1,Number,2023,81174.09255846606,87236.95784796814,74907.65678496582
1,All Population,44,Population,185,Rwanda,3,Both,21,80+ years,1,Number,2023,75145.96585231062,80758.59241396803,69344.8862983633
1,All Population,44,Population,185,Rwanda,3,Both,23,5-14 years,1,Number,2023,3461174.262409921,3719688.1876671542,3193980.315022556
1,All Population,44,Population,185,Rwanda,3,Both,24,15-49 years,1,Number,2023,7087769.108030963,7617152.165490275,6540611.160304169
1,All Population,44,Population,185,Rwanda,3,Both,25,50-69 years,1,Number,2023,1305603.1977069124,1403118.2552794851,1204813.9147443199
1,All Population,44,Population,185,Rwanda,3,Both,26,70+ years,1,Number,2023,311037.8923260865,334269.20642726327,287026.5493722684
1,All Population,44,Population,185,Rwanda,3,Both,28,<1 year,1,Number,2023,356498.6340829152,383125.39548193483,328977.8362099717
1,All Population,44,Population,185,Rwanda,3,Both,30,80-84 years,1,Number,2023,43572.01469034334,46826.39360772373,40208.36475015601
1,All Population,44,Population,185,Rwanda,3,Both,31,85-89 years,1,Number,2023,20860.957695452613,22419.055511285107,19250.544231598924
1,All Population,44,Population,185,Rwanda,3,Both,32,90-94 years,1,Number,2023,7808.80947442512,8392.046790946119,7205.989023999504
1,All Population,44,Population,185,Rwanda,3,Both,34,2-4 years,1,Number,2023,1060319.8660411662,1139514.7952232852,978465.8393376629
1,All Population,44,Population,176,Comoros,3,Both,157,25+ years,1,Number,2023,388593.2662237424,431543.0226741958,347391.5931969158
1,All Population,44,Population,176,Comoros,3,Both,158,<20 years,1,Number,2023,411377.66947200807,456845.70056960476,367760.217237608
1,All Population,44,Population,176,Comoros,3,Both,159,10-24 years,1,Number,2023,282011.7208614787,313181.4187949465,252110.650198105
1,All Population,44,Population,176,Comoros,3,Both,162,10-19 years,1,Number,2023,199714.22152407735,221787.8854799838,178538.97025427167
1,All Population,44,Population,176,Comoros,3,Both,235,95+ years,1,Number,2023,1741.8682511560555,1934.390416768812,1557.1818647001978
1,All Population,44,Population,123,Peru,3,Both,32,90-94 years,1,Number,2023,83863.60517046848,90205.44380280896,77399.77581198115
1,All Population,44,Population,123,Peru,3,Both,34,2-4 years,1,Number,2023,1851294.4258731538,1991290.9176287132,1708604.9810676416
1,All Population,44,Population,416,Tuvalu,3,Both,13,40-44 years,1,Number,2023,479.33937208600685,530.0689098729123,428.8408753701388
1,All Population,44,Population,416,Tuvalu,3,Both,14,45-49 years,1,Number,2023,396.3272325178682,438.27141338183316,354.57408096135146
1,All Population,44,Population,416,Tuvalu,3,Both,15,50-54 years,1,Number,2023,467.88039292644737,517.3972017990881,418.589101908993
1,All Population,44,Population,416,Tuvalu,3,Both,16,55-59 years,1,Number,2023,559.8376012858739,619.0864433439938,500.85860036023837
1,All Population,44,Population,416,Tuvalu,3,Both,17,60-64 years,1,Number,2023,516.5089510290362,571.1722269341105,462.09463189278927
1,All Population,44,Population,416,Tuvalu,3,Both,18,65-69 years,1,Number,2023,342.93945524030596,379.23349046116476,306.81071647463904
1,All Population,44,Population,416,Tuvalu,3,Both,19,70-74 years,1,Number,2023,167.82367244536897,185.5848200344032,150.14341568918755
1,All Population,44,Population,416,Tuvalu,3,Both,20,75-79 years,1,Number,2023,85.93859945078815,95.03367004601195,76.88495116972592
1,All Population,44,Population,416,Tuvalu,3,Both,21,80+ years,1,Number,2023,88.5073579050341,97.87428584530136,79.18309041779007
1,All Population,44,Population,416,Tuvalu,3,Both,23,5-14 years,1,Number,2023,2264.2024489554487,2503.8279635290355,2025.6682775706672
1,All Population,44,Population,416,Tuvalu,3,Both,24,15-49 years,1,Number,2023,5333.747702584887,5898.229928291877,4771.836337636707
1,All Population,44,Population,416,Tuvalu,3,Both,25,50-69 years,1,Number,2023,1887.1664004816635,2086.889362538357,1688.3530506366596
1,All Population,44,Population,416,Tuvalu,3,Both,26,70+ years,1,Number,2023,342.26962980119123,378.49277592571656,306.21145727670347
1,All Population,44,Population,416,Tuvalu,3,Both,28,<1 year,1,Number,2023,236.1292293546223,261.1193039462602,211.252968802119
1,All Population,44,Population,416,Tuvalu,3,Both,30,80-84 years,1,Number,2023,57.37415609532541,63.446188957894826,51.3297775153918
1,All Population,44,Population,416,Tuvalu,3,Both,31,85-89 years,1,Number,2023,24.653530953023864,27.262668242580094,22.056276639346404
1,All Population,44,Population,416,Tuvalu,3,Both,32,90-94 years,1,Number,2023,5.357738621225374,5.9247598585066035,4.793299808300398
1,All Population,44,Population,416,Tuvalu,3,Both,34,2-4 years,1,Number,2023,722.4988681109154,798.9625090409843,646.3834708721279
1,All Population,44,Population,118,Suriname,3,Both,157,25+ years,1,Number,2023,354354.7061381351,405908.2651230005,305986.24076117884
1,All Population,44,Population,118,Suriname,3,Both,158,<20 years,1,Number,2023,193713.67012222498,221896.24804720358,167272.27458253235
1,All Population,44,Population,118,Suriname,3,Both,159,10-24 years,1,Number,2023,144290.07771845759,165282.22740276167,124594.86976024027
1,All Population,44,Population,118,Suriname,3,Both,162,10-19 years,1,Number,2023,98524.17509386617,112858.03826586207,85075.88988903198
1,All Population,44,Population,118,Suriname,3,Both,235,95+ years,1,Number,2023,551.7716754949854,632.046589658874,476.45632418211
1,All Population,44,Population,119,Trinidad and Tobago,3,Both,1,<5 years,1,Number,2023,71919.51340836687,81950.72143874108,61523.81120005558
1,All Population,44,Population,119,Trinidad and Tobago,3,Both,6,5-9 years,1,Number,2023,89460.74097074223,101938.56876322751,76529.51857514528
1,All Population,44,Population,119,Trinidad and Tobago,3,Both,7,10-14 years,1,Number,2023,97511.14814181603,111111.83265614422,83416.26887981428
1,All Population,44,Population,119,Trinidad and Tobago,3,Both,8,15-19 years,1,Number,2023,94846.04677468695,108075.00760835137,81136.39815253009
1,All Population,44,Population,119,Trinidad and Tobago,3,Both,9,20-24 years,1,Number,2023,86605.60213751235,98685.20015570664,74087.07960134171
1,All Population,44,Population,119,Trinidad and Tobago,3,Both,10,25-29 years,1,Number,2023,87438.87265978985,99634.69379405395,74799.90392205256
1,All Population,44,Population,119,Trinidad and Tobago,3,Both,11,30-34 years,1,Number,2023,101171.26689192501,115282.45837241889,86547.33087230673
1,All Population,44,Population,119,Trinidad and Tobago,3,Both,12,35-39 years,1,Number,2023,118614.90903488212,135159.10923374488,101469.55844288111
1,All Population,44,Population,119,Trinidad and Tobago,3,Both,13,40-44 years,1,Number,2023,111115.57846590763,126613.78514422502,95054.22863617646
1,All Population,44,Population,119,Trinidad and Tobago,3,Both,14,45-49 years,1,Number,2023,92573.99100993706,105486.04947659845,79192.75972560202
1,All Population,44,Population,119,Trinidad and Tobago,3,Both,15,50-54 years,1,Number,2023,82992.24887689805,94567.86269766542,70996.0233181484
1,All Population,44,Population,119,Trinidad and Tobago,3,Both,16,55-59 years,1,Number,2023,85535.42587993659,97465.75758416193,73171.59340153917
1,All Population,44,Population,119,Trinidad and Tobago,3,Both,17,60-64 years,1,Number,2023,84336.30918234565,96099.3901853888,72145.8046299923
1,All Population,44,Population,119,Trinidad and Tobago,3,Both,18,65-69 years,1,Number,2023,69529.37411866075,79227.20969835563,59479.15778914128
1,All Population,44,Population,119,Trinidad and Tobago,3,Both,19,70-74 years,1,Number,2023,51071.238475154634,58194.56555614025,43689.07803723943
1,All Population,44,Population,177,Djibouti,3,Both,1,<5 years,1,Number,2023,170204.14475548404,197785.62393381333,145587.245451454
1,All Population,44,Population,177,Djibouti,3,Both,6,5-9 years,1,Number,2023,159269.3871511873,185078.89544351806,136233.99943282193
1,All Population,44,Population,177,Djibouti,3,Both,7,10-14 years,1,Number,2023,149310.7729096107,173506.4937601395,127715.71559180494
1,All Population,44,Population,177,Djibouti,3,Both,8,15-19 years,1,Number,2023,129307.99140957095,150262.2735616203,110605.96856336624
1,All Population,44,Population,177,Djibouti,3,Both,9,20-24 years,1,Number,2023,117770.13703877066,136854.716836932,100736.85263391583
1,All Population,44,Population,177,Djibouti,3,Both,10,25-29 years,1,Number,2023,110721.26249482803,128663.57641724522,94707.46815647103
1,All Population,44,Population,177,Djibouti,3,Both,11,30-34 years,1,Number,2023,111625.94713987656,129714.86466431654,95481.30680572402
1,All Population,44,Population,177,Djibouti,3,Both,12,35-39 years,1,Number,2023,105067.8923980082,122094.08110010932,89871.7540726805
1,All Population,44,Population,177,Djibouti,3,Both,13,40-44 years,1,Number,2023,90749.14266479667,105454.98659389802,77623.9481513747
1,All Population,44,Population,177,Djibouti,3,Both,14,45-49 years,1,Number,2023,70955.4367186371,82453.72251688168,60693.03774306873
1,All Population,44,Population,177,Djibouti,3,Both,15,50-54 years,1,Number,2023,55725.56665902887,64755.86118396336,47665.88829410979
1,All Population,44,Population,177,Djibouti,3,Both,16,55-59 years,1,Number,2023,40675.5514056117,47267.000020289415,34792.58096134712
1,All Population,44,Population,177,Djibouti,3,Both,17,60-64 years,1,Number,2023,29778.39550607627,34603.966568372234,25471.49825241792
1,All Population,44,Population,177,Djibouti,3,Both,18,65-69 years,1,Number,2023,20291.511577004854,23579.738810613126,17356.71760982331
1,All Population,44,Population,177,Djibouti,3,Both,19,70-74 years,1,Number,2023,13277.305464239123,15428.884820501713,11356.987412574925
1,All Population,44,Population,177,Djibouti,3,Both,20,75-79 years,1,Number,2023,7697.189976487461,8944.514977727147,6583.933005880836
1,All Population,44,Population,177,Djibouti,3,Both,21,80+ years,1,Number,2023,7121.812497171657,8275.897924320905,6091.7732971456035
1,All Population,44,Population,177,Djibouti,3,Both,23,5-14 years,1,Number,2023,308580.160060798,358585.3892036575,263949.7150246269
1,All Population,44,Population,177,Djibouti,3,Both,24,15-49 years,1,Number,2023,736197.8098644882,855498.2216910032,629720.3361266009
1,All Population,44,Population,177,Djibouti,3,Both,25,50-69 years,1,Number,2023,146471.0251477217,170206.56658323816,125286.68511769814
1,All Population,44,Population,177,Djibouti,3,Both,26,70+ years,1,Number,2023,28096.30793789824,32649.297722549767,24032.693715601356
1,All Population,44,Population,177,Djibouti,3,Both,28,<1 year,1,Number,2023,34619.27539906792,40229.308133346996,29612.233897806942
1,All Population,44,Population,177,Djibouti,3,Both,30,80-84 years,1,Number,2023,4084.010120511123,4745.821501572301,3493.3331658594493
1,All Population,44,Population,178,Eritrea,3,Both,26,70+ years,1,Number,2023,163699.4705551846,214382.81420530775,115123.40892377266
1,All Population,44,Population,178,Eritrea,3,Both,28,<1 year,1,Number,2023,202718.22139635097,265482.24405523547,142563.76406693793
1,All Population,44,Population,178,Eritrea,3,Both,30,80-84 years,1,Number,2023,30934.00053528372,40511.54268789775,21754.66775300991
1,All Population,44,Population,178,Eritrea,3,Both,31,85-89 years,1,Number,2023,14239.848188532544,18648.678081612,10014.326011324749
1,All Population,44,Population,178,Eritrea,3,Both,32,90-94 years,1,Number,2023,4893.542280510002,6408.642385772012,3441.436109318445
1,All Population,44,Population,178,Eritrea,3,Both,34,2-4 years,1,Number,2023,581521.3933723883,761567.4773348616,408961.15876296104
1,All Population,44,Population,182,Malawi,3,Both,157,25+ years,1,Number,2023,7491319.07403288,8232847.337809923,6693146.811306745
1,All Population,44,Population,182,Malawi,3,Both,158,<20 years,1,Number,2023,11088245.438095577,12185815.47973824,9906834.011946963
1,All Population,44,Population,182,Malawi,3,Both,159,10-24 years,1,Number,2023,7520022.767922312,8264392.267012319,6718792.233071616
1,All Population,44,Population,182,Malawi,3,Both,162,10-19 years,1,Number,2023,5369594.723595548,5901104.0897332085,4797484.321128429
1,All Population,44,Population,182,Malawi,3,Both,235,95+ years,1,Number,2023,4552.206387370261,5002.806564111127,4067.1856805099337
1,All Population,44,Population,183,Mauritius,3,Both,1,<5 years,1,Number,2023,63518.440906072035,68261.93276268174,58909.18867217645
1,All Population,44,Population,183,Mauritius,3,Both,6,5-9 years,1,Number,2023,65422.93215009005,70308.64945458727,60675.47941259733
1,All Population,44,Population,184,Mozambique,3,Both,6,5-9 years,1,Number,2023,5134967.856547267,5671344.55349391,4586131.062129253
1,All Population,44,Population,184,Mozambique,3,Both,7,10-14 years,1,Number,2023,4425211.850290097,4887450.481934372,3952235.3576647104
1,All Population,44,Population,184,Mozambique,3,Both,8,15-19 years,1,Number,2023,3748738.229736631,4140315.331201829,3348064.7434366923
1,All Population,44,Population,184,Mozambique,3,Both,9,20-24 years,1,Number,2023,3121752.3285765396,3447837.174570738,2788092.4909987133
1,All Population,44,Population,184,Mozambique,3,Both,10,25-29 years,1,Number,2023,2544345.697177497,2810117.1253671385,2272400.3656113674
1,All Population,44,Population,184,Mozambique,3,Both,11,30-34 years,1,Number,2023,1939066.1108069154,2141612.631979324,1731814.4087221709
1,All Population,44,Population,184,Mozambique,3,Both,12,35-39 years,1,Number,2023,1553403.697070477,1715665.5782226624,1387372.4522107448
1,All Population,44,Population,184,Mozambique,3,Both,13,40-44 years,1,Number,2023,1307407.3425681742,1443973.5006360128,1167668.735640229
1,All Population,44,Population,184,Mozambique,3,Both,14,45-49 years,1,Number,2023,1050985.5993616418,1160767.042999174,938653.9191160344
1,All Population,44,Population,413,Tokelau,3,Both,157,25+ years,1,Number,2023,922.5938020168524,1019.8111266318534,819.710206075654
1,All Population,44,Population,413,Tokelau,3,Both,158,<20 years,1,Number,2023,562.555829993011,621.8345424869981,499.8220823991711
1,All Population,44,Population,413,Tokelau,3,Both,159,10-24 years,1,Number,2023,447.118678596643,494.23332604337054,397.2579735215192
1,All Population,44,Population,413,Tokelau,3,Both,162,10-19 years,1,Number,2023,316.0581535192987,349.3624398051306,280.8127407607088
1,All Population,44,Population,416,Tuvalu,3,Both,157,25+ years,1,Number,2023,5688.287000018826,6290.290897704999,5089.024850658344
1,All Population,44,Population,416,Tuvalu,3,Both,158,<20 years,1,Number,2023,4407.257086632784,4873.686777020973,3942.9516895051356
1,All Population,44,Population,416,Tuvalu,3,Both,159,10-24 years,1,Number,2023,2940.1223111047575,3251.281908177352,2630.379849880575
1,All Population,44,Population,416,Tuvalu,3,Both,162,10-19 years,1,Number,2023,2012.2682845324746,2225.231053547963,1800.275426704648
1,All Population,44,Population,416,Tuvalu,3,Both,235,95+ years,1,Number,2023,1.1219322354594454,1.2406687863198556,1.003736454751472
1,All Population,44,Population,422,United States Virgin Islands,3,Both,1,<5 years,1,Number,2023,4112.8436139792675,4482.387514306476,3753.9661838375764
1,All Population,44,Population,422,United States Virgin Islands,3,Both,6,5-9 years,1,Number,2023,4158.533895146141,4532.183121689029,3795.669634425266
1,All Population,44,Population,422,United States Virgin Islands,3,Both,7,10-14 years,1,Number,2023,4575.50214254658,4986.616463053465,4176.254175776407
1,All Population,44,Population,422,United States Virgin Islands,3,Both,8,15-19 years,1,Number,2023,4520.769541857338,4926.966072962989,4126.297418013348
1,All Population,44,Population,422,United States Virgin Islands,3,Both,9,20-24 years,1,Number,2023,4019.7892220387,4380.972074349541,3669.031507640521
1,All Population,44,Population,111,Dominican Republic,3,Both,157,25+ years,1,Number,2023,6291309.284468073,6752588.882632991,5841543.429792962
1,All Population,44,Population,111,Dominican Republic,3,Both,158,<20 years,1,Number,2023,3946686.4360771873,4236057.988324845,3664537.7261990644
1,All Population,44,Population,111,Dominican Republic,3,Both,159,10-24 years,1,Number,2023,2902494.433698533,3115305.695315849,2694995.035618544
1,All Population,44,Population,111,Dominican Republic,3,Both,162,10-19 years,1,Number,2023,1927560.0817259613,2068889.0324631955,1789758.7643220588
1,All Population,44,Population,111,Dominican Republic,3,Both,235,95+ years,1,Number,2023,9037.946239642419,9700.609609245126,8391.823241840355
1,All Population,44,Population,112,Grenada,3,Both,235,95+ years,1,Number,2023,94.05925475600907,107.52130458339086,81.62232271737687
1,All Population,44,Population,113,Guyana,3,Both,1,<5 years,1,Number,2023,73901.16844364311,83914.94412092361,63774.00673592836
1,All Population,44,Population,113,Guyana,3,Both,6,5-9 years,1,Number,2023,73826.19908737806,83829.81624711253,63709.310922152676
1,All Population,44,Population,113,Guyana,3,Both,7,10-14 years,1,Number,2023,71141.65871463326,80781.51457457489,61392.65072015792
1,All Population,44,Population,113,Guyana,3,Both,8,15-19 years,1,Number,2023,68512.55184859304,77796.15777443243,59123.82760794707
1,All Population,44,Population,113,Guyana,3,Both,9,20-24 years,1,Number,2023,73952.61648205409,83973.36348504615,63818.40451227305
1,All Population,44,Population,113,Guyana,3,Both,10,25-29 years,1,Number,2023,79095.88889761287,89813.5609601299,68256.8605824866
1,All Population,44,Population,113,Guyana,3,Both,11,30-34 years,1,Number,2023,62078.13361898338,70489.86130362486,53571.15990107803
1,All Population,44,Population,113,Guyana,3,Both,12,35-39 years,1,Number,2023,49864.701347150716,56621.48130098522,43031.414341213866
1,All Population,44,Population,113,Guyana,3,Both,13,40-44 years,1,Number,2023,47889.76643637747,54378.93823745598,41327.11771160479
1,All Population,44,Population,62,Russian Federation,3,Both,1,<5 years,1,Number,2023,6254281.616809862,6757756.75045548,5743898.637740635
1,All Population,44,Population,63,Ukraine,3,Both,6,5-9 years,1,Number,2023,1828941.7773119777,2215432.759475425,1479441.0577145403
1,All Population,44,Population,63,Ukraine,3,Both,7,10-14 years,1,Number,2023,2307736.507586798,2795406.131877699,1866740.7470611301
1,All Population,44,Population,63,Ukraine,3,Both,8,15-19 years,1,Number,2023,1975610.602928974,2393095.561592201,1598082.2770230463
1,All Population,44,Population,63,Ukraine,3,Both,9,20-24 years,1,Number,2023,1389266.2243281575,1682845.2076439853,1123785.0859243288
1,All Population,44,Population,63,Ukraine,3,Both,10,25-29 years,1,Number,2023,1757875.6954525516,2129349.031829195,1421955.3134344465
1,All Population,44,Population,63,Ukraine,3,Both,11,30-34 years,1,Number,2023,2681054.9151953585,3247613.982445118,2168720.059179225
1,All Population,44,Population,63,Ukraine,3,Both,12,35-39 years,1,Number,2023,3449804.5665600626,4178815.3922416437,2790565.8781337333
1,All Population,44,Population,63,Ukraine,3,Both,13,40-44 years,1,Number,2023,3247510.218869474,3933772.312964881,2626928.8682356393
1,All Population,44,Population,63,Ukraine,3,Both,14,45-49 years,1,Number,2023,3025266.8840218317,3664564.637409365,2447155.0129627627
1,All Population,44,Population,63,Ukraine,3,Both,15,50-54 years,1,Number,2023,2900412.3904041257,3513325.9600716345,2346159.526726087
1,All Population,44,Population,63,Ukraine,3,Both,16,55-59 years,1,Number,2023,2713243.5969409007,3286604.7589192665,2194757.6607906064
1,All Population,44,Population,63,Ukraine,3,Both,17,60-64 years,1,Number,2023,3090391.245708098,3743451.043805379,2499834.4671320026
1,All Population,44,Population,63,Ukraine,3,Both,18,65-69 years,1,Number,2023,2652715.292053315,3213285.6455461998,2145795.982231233
1,All Population,44,Population,63,Ukraine,3,Both,19,70-74 years,1,Number,2023,2127310.397758567,2576852.4746007286,1720793.0749838322
1,All Population,44,Population,63,Ukraine,3,Both,20,75-79 years,1,Number,2023,1174228.3346168392,1422365.6279740992,949839.7548319501
1,All Population,44,Population,63,Ukraine,3,Both,21,80+ years,1,Number,2023,1739372.5249215665,2106935.7813599803,1406987.9970764227
1,All Population,44,Population,63,Ukraine,3,Both,23,5-14 years,1,Number,2023,4136678.284898776,5010838.891353123,3346181.804775671
1,All Population,44,Population,63,Ukraine,3,Both,24,15-49 years,1,Number,2023,17526389.10735641,21230056.12612639,14177192.494893182
1,All Population,44,Population,63,Ukraine,3,Both,25,50-69 years,1,Number,2023,11356762.52510644,13756667.408342479,9186547.636879932
1,All Population,44,Population,63,Ukraine,3,Both,26,70+ years,1,Number,2023,5040911.257296972,6106153.883934807,4077620.8268922046
1,All Population,44,Population,63,Ukraine,3,Both,28,<1 year,1,Number,2023,214513.83612744985,259844.7833675514,173521.4212675635
1,All Population,44,Population,63,Ukraine,3,Both,30,80-84 years,1,Number,2023,983763.8645593353,1191652.3096410888,795771.9979823851
1,All Population,44,Population,63,Ukraine,3,Both,31,85-89 years,1,Number,2023,584566.9347096707,708097.3015802164,472859.4069642166
1,All Population,44,Population,63,Ukraine,3,Both,32,90-94 years,1,Number,2023,142461.58344650583,172566.48781788643,115237.95798877154
1,All Population,44,Population,63,Ukraine,3,Both,34,2-4 years,1,Number,2023,804867.2155351316,974951.3179938339,651061.5151572075
1,All Population,44,Population,123,Peru,3,Both,157,25+ years,1,Number,2023,21251109.302659027,22858136.638077594,19613169.412861377
1,All Population,44,Population,123,Peru,3,Both,158,<20 years,1,Number,2023,12136924.471426126,13054729.237083793,11201464.940910103
1,All Population,44,Population,123,Peru,3,Both,159,10-24 years,1,Number,2023,8772095.742242213,9435449.238096112,8095982.070776374
1,All Population,44,Population,123,Peru,3,Both,162,10-19 years,1,Number,2023,6034047.092638329,6490346.972469047,5568969.891764245
1,All Population,44,Population,123,Peru,3,Both,235,95+ years,1,Number,2023,33144.61639388,35651.041061333155,30589.97849002318
1,All Population,44,Population,125,Colombia,3,Both,1,<5 years,1,Number,2023,3711292.7079764684,4074526.8174722455,3360704.9103883947
1,All Population,44,Population,125,Colombia,3,Both,6,5-9 years,1,Number,2023,3807055.0906082983,4179661.7197395405,3447421.0858195573
1,All Population,44,Population,50,Montenegro,3,Both,235,95+ years,1,Number,2023,535.0010019308725,573.9143025907221,496.9395613793197
1,All Population,44,Population,51,Poland,3,Both,1,<5 years,1,Number,2023,1769827.8624746543,1918399.5838000798,1618701.5335932816
1,All Population,44,Population,52,Romania,3,Both,1,<5 years,1,Number,2023,911702.6281951967,988661.561007822,838687.8829249956
1,All Population,44,Population,52,Romania,3,Both,6,5-9 years,1,Number,2023,1061986.1886221014,1151630.9052331478,976935.8129352246
1,All Population,44,Population,52,Romania,3,Both,7,10-14 years,1,Number,2023,1106689.1462313037,1200107.343146978,1018058.6831763319
1,All Population,44,Population,52,Romania,3,Both,8,15-19 years,1,Number,2023,1107758.1917911004,1201266.629321275,1019042.1130026462
1,All Population,44,Population,52,Romania,3,Both,9,20-24 years,1,Number,2023,987891.1588349761,1071281.3421774004,908774.7681541584
1,All Population,44,Population,52,Romania,3,Both,10,25-29 years,1,Number,2023,966033.7542926449,1047578.9034368444,888667.8387948212
1,All Population,44,Population,52,Romania,3,Both,11,30-34 years,1,Number,2023,1132715.2547542888,1228330.3758371773,1042000.4611013653
1,All Population,44,Population,52,Romania,3,Both,12,35-39 years,1,Number,2023,1329901.3478081939,1442161.4042215422,1223394.6808953914
1,All Population,44,Population,52,Romania,3,Both,13,40-44 years,1,Number,2023,1375668.6758547756,1491792.0585493292,1265496.6802529097
1,All Population,44,Population,52,Romania,3,Both,14,45-49 years,1,Number,2023,1535652.6983904704,1665280.7033825282,1412668.199795309
1,All Population,44,Population,52,Romania,3,Both,15,50-54 years,1,Number,2023,1592527.6558366653,1726956.607862831,1464988.2613776978
1,All Population,44,Population,52,Romania,3,Both,16,55-59 years,1,Number,2023,1266994.5517767638,1373944.499674988,1165525.8474034485
1,All Population,44,Population,52,Romania,3,Both,17,60-64 years,1,Number,2023,1098099.832180997,1190792.9851816252,1010157.2541425138
1,All Population,44,Population,52,Romania,3,Both,18,65-69 years,1,Number,2023,1273494.4976952097,1380993.1210998474,1171505.2377363031
1,All Population,44,Population,52,Romania,3,Both,19,70-74 years,1,Number,2023,1082329.7863447333,1173691.7532102866,995650.1704213358
1,All Population,44,Population,52,Romania,3,Both,20,75-79 years,1,Number,2023,664079.8723349305,720136.394162022,610896.2780158173
1,All Population,44,Population,52,Romania,3,Both,21,80+ years,1,Number,2023,829222.5848100728,899219.1859139218,762813.3479275812
1,All Population,44,Population,52,Romania,3,Both,23,5-14 years,1,Number,2023,2168675.334853405,2351738.2483801255,1994994.4961115567
1,All Population,44,Population,52,Romania,3,Both,24,15-49 years,1,Number,2023,8435621.08172645,9147691.416926095,7760044.741996601
1,All Population,44,Population,52,Romania,3,Both,25,50-69 years,1,Number,2023,5231116.537489636,5672687.213819292,4812176.600659964
1,All Population,44,Population,52,Romania,3,Both,26,70+ years,1,Number,2023,2575632.2434897367,2793047.3332862314,2369359.796364735
1,All Population,44,Population,52,Romania,3,Both,28,<1 year,1,Number,2023,163348.49974058446,177137.1253601733,150266.54875132535
1,All Population,44,Population,52,Romania,3,Both,30,80-84 years,1,Number,2023,457703.3253720769,496339.1243443305,421047.6323008368
1,All Population,44,Population,113,Guyana,3,Both,14,45-49 years,1,Number,2023,45667.849094797355,51855.94606444055,39409.68427323275
1,All Population,44,Population,113,Guyana,3,Both,15,50-54 years,1,Number,2023,41947.97350927917,47632.01891322651,36199.567631727085
1,All Population,44,Population,113,Guyana,3,Both,16,55-59 years,1,Number,2023,37037.31945073821,42055.96010931326,31961.852699709067
1,All Population,44,Population,113,Guyana,3,Both,17,60-64 years,1,Number,2023,31874.631430207755,36193.7161708165,27506.641672188063
1,All Population,44,Population,113,Guyana,3,Both,18,65-69 years,1,Number,2023,24085.969275303272,27349.672656078495,20785.310965359768
1,All Population,44,Population,113,Guyana,3,Both,19,70-74 years,1,Number,2023,16591.641021260337,18839.845952303724,14317.979654907336
1,All Population,44,Population,113,Guyana,3,Both,20,75-79 years,1,Number,2023,9163.67573370487,10405.374547257972,7907.917158479345
1,All Population,44,Population,113,Guyana,3,Both,21,80+ years,1,Number,2023,9622.222489045806,10926.055426351377,8303.626245084002
1,All Population,44,Population,113,Guyana,3,Both,23,5-14 years,1,Number,2023,144967.85780201133,164611.33082168738,125101.9616423106
1,All Population,44,Population,113,Guyana,3,Both,24,15-49 years,1,Number,2023,427061.50772556895,484929.3091261151,368538.4689298361
1,All Population,44,Population,113,Guyana,3,Both,25,50-69 years,1,Number,2023,134945.8936655284,153231.36784943484,116453.37296898397
1,All Population,44,Population,113,Guyana,3,Both,26,70+ years,1,Number,2023,35377.539244011015,40171.275925913076,30529.52305847068
1,All Population,44,Population,113,Guyana,3,Both,28,<1 year,1,Number,2023,14532.468858416705,16501.65129828877,12540.989356252292
1,All Population,44,Population,113,Guyana,3,Both,30,80-84 years,1,Number,2023,5519.957831591138,6267.924618012851,4763.521813628576
1,All Population,44,Population,113,Guyana,3,Both,31,85-89 years,1,Number,2023,2675.5718057787653,3038.1178444379084,2308.920656570113
1,All Population,44,Population,113,Guyana,3,Both,32,90-94 years,1,Number,2023,1015.4010106857579,1152.9901470638274,876.2539518509093
1,All Population,44,Population,113,Guyana,3,Both,34,2-4 years,1,Number,2023,44717.24839515411,50776.536817309265,38589.35062088383
1,All Population,44,Population,172,Equatorial Guinea,3,Both,157,25+ years,1,Number,2023,618505.6574340895,693977.6975731608,544093.5530519867
1,All Population,44,Population,172,Equatorial Guinea,3,Both,158,<20 years,1,Number,2023,829436.0101826646,930646.4471461579,729646.9812123606
1,All Population,44,Population,172,Equatorial Guinea,3,Both,159,10-24 years,1,Number,2023,592105.412651232,664356.0104154682,520869.5084329966
1,All Population,44,Population,172,Equatorial Guinea,3,Both,162,10-19 years,1,Number,2023,413666.39316563803,464143.2905940317,363898.3975820412
1,All Population,44,Population,172,Equatorial Guinea,3,Both,235,95+ years,1,Number,2023,206.5589850227492,231.76397356464292,181.7079774857454
1,All Population,44,Population,173,Gabon,3,Both,235,95+ years,1,Number,2023,975.9218758506892,1101.1310572996942,844.1270828804028
1,All Population,44,Population,422,United States Virgin Islands,3,Both,10,25-29 years,1,Number,2023,4120.674131739323,4490.921613419539,3761.113428331211
1,All Population,44,Population,422,United States Virgin Islands,3,Both,11,30-34 years,1,Number,2023,4567.981010220516,4978.419548024356,4169.389320443652
1,All Population,44,Population,422,United States Virgin Islands,3,Both,12,35-39 years,1,Number,2023,4670.772382745651,5090.446847875735,4263.211350325372
1,All Population,44,Population,422,United States Virgin Islands,3,Both,13,40-44 years,1,Number,2023,5016.671526181531,5467.4254415855485,4578.928116959335
1,All Population,44,Population,422,United States Virgin Islands,3,Both,14,45-49 years,1,Number,2023,5139.749113907704,5601.561697250519,4691.266232792856
1,All Population,44,Population,422,United States Virgin Islands,3,Both,15,50-54 years,1,Number,2023,6078.664964098975,6624.840255564071,5548.254409806705
1,All Population,44,Population,422,United States Virgin Islands,3,Both,16,55-59 years,1,Number,2023,6819.087388296248,7431.790516997259,6224.069248169197
1,All Population,44,Population,422,United States Virgin Islands,3,Both,17,60-64 years,1,Number,2023,6464.395821812745,7045.229490550347,5900.327265433511
1,All Population,44,Population,422,United States Virgin Islands,3,Both,18,65-69 years,1,Number,2023,5868.4559888954755,6395.743753415356,5356.387794268264
1,All Population,44,Population,422,United States Virgin Islands,3,Both,19,70-74 years,1,Number,2023,5035.500973521419,5487.946737209516,4596.114549318211
1,All Population,44,Population,422,United States Virgin Islands,3,Both,20,75-79 years,1,Number,2023,4218.962274477986,4598.041062921267,3850.825170070925
1,All Population,44,Population,422,United States Virgin Islands,3,Both,21,80+ years,1,Number,2023,4665.3172513282725,5084.501566399181,4258.232221335487
1,All Population,44,Population,422,United States Virgin Islands,3,Both,23,5-14 years,1,Number,2023,8734.036037692722,9518.799584742494,7971.923810201672
1,All Population,44,Population,422,United States Virgin Islands,3,Both,24,15-49 years,1,Number,2023,32056.40692869076,34936.713295468224,29259.23737450629
1,All Population,44,Population,422,United States Virgin Islands,3,Both,25,50-69 years,1,Number,2023,25230.604163103446,27497.604016527035,23029.038717677682
1,All Population,44,Population,422,United States Virgin Islands,3,Both,26,70+ years,1,Number,2023,13919.780499327679,15170.489366529962,12705.171940724626
1,All Population,44,Population,422,United States Virgin Islands,3,Both,28,<1 year,1,Number,2023,804.8690996746443,877.1875475085609,734.638042721758
1,All Population,44,Population,422,United States Virgin Islands,3,Both,30,80-84 years,1,Number,2023,2695.4807340203274,2937.672890396283,2460.279182584307
1,All Population,44,Population,422,United States Virgin Islands,3,Both,31,85-89 years,1,Number,2023,1263.64911463024,1377.189493573478,1153.3859513730902
1,All Population,44,Population,422,United States Virgin Islands,3,Both,32,90-94 years,1,Number,2023,537.3248790575041,585.6041598147025,490.4391255871014
1,All Population,44,Population,422,United States Virgin Islands,3,Both,34,2-4 years,1,Number,2023,2495.246912802255,2719.447821706791,2277.5173116592014
1,All Population,44,Population,184,Mozambique,3,Both,15,50-54 years,1,Number,2023,829283.4877248482,915906.8805881746,740647.8226570766
1,All Population,44,Population,184,Mozambique,3,Both,16,55-59 years,1,Number,2023,606379.6148579495,669719.4261283515,541568.4118832841
1,All Population,44,Population,184,Mozambique,3,Both,17,60-64 years,1,Number,2023,465415.9952126988,514031.3519573422,415671.2976762351
1,All Population,44,Population,184,Mozambique,3,Both,18,65-69 years,1,Number,2023,354649.33375253616,391694.48058241716,316743.62354812905
1,All Population,44,Population,184,Mozambique,3,Both,19,70-74 years,1,Number,2023,258907.57258150983,285951.9460762098,231234.95492237387
1,All Population,44,Population,184,Mozambique,3,Both,20,75-79 years,1,Number,2023,170990.66201540217,188851.6124756082,152714.79945157122
1,All Population,44,Population,184,Mozambique,3,Both,21,80+ years,1,Number,2023,197785.9935037706,218445.8692540339,176646.18626681122
1,All Population,44,Population,184,Mozambique,3,Both,23,5-14 years,1,Number,2023,9560179.706837364,10558795.035428282,8538366.419793963
1,All Population,44,Population,184,Mozambique,3,Both,24,15-49 years,1,Number,2023,15265699.005297877,16860288.384976875,13634067.115735952
1,All Population,44,Population,184,Mozambique,3,Both,25,50-69 years,1,Number,2023,2255728.431548033,2491352.139256286,2014631.155764725
1,All Population,44,Population,184,Mozambique,3,Both,26,70+ years,1,Number,2023,627684.2281006826,693249.4278058519,560595.9406407564
1,All Population,44,Population,184,Mozambique,3,Both,28,<1 year,1,Number,2023,1160958.7204950806,1282227.4842316585,1036872.868273876
1,All Population,44,Population,184,Mozambique,3,Both,30,80-84 years,1,Number,2023,102229.84664189197,112908.33753083198,91303.29307968376
1,All Population,44,Population,184,Mozambique,3,Both,31,85-89 years,1,Number,2023,55517.87947313133,61317.03881456935,49584.004937954174
1,All Population,44,Population,184,Mozambique,3,Both,32,90-94 years,1,Number,2023,24574.21855977623,27141.135928953398,21947.671380424646
1,All Population,44,Population,184,Mozambique,3,Both,34,2-4 years,1,Number,2023,3303176.9137413152,3648212.593013179,2950126.012668613
1,All Population,44,Population,522,Sudan,3,Both,235,95+ years,1,Number,2023,1649.514993220093,1924.384902942137,1386.0711044118962
1,All Population,44,Population,122,Ecuador,3,Both,157,25+ years,1,Number,2023,10032913.497807791,10810872.249040084,9292342.648145188
1,All Population,44,Population,122,Ecuador,3,Both,158,<20 years,1,Number,2023,6184132.500673645,6663654.226713673,5727656.098136066
1,All Population,44,Population,122,Ecuador,3,Both,159,10-24 years,1,Number,2023,4767590.353382736,5137272.46401941,4415674.786721131
1,All Population,44,Population,122,Ecuador,3,Both,162,10-19 years,1,Number,2023,3227867.3862924017,3478158.359251769,2989605.1413934394
1,All Population,44,Population,122,Ecuador,3,Both,235,95+ years,1,Number,2023,8356.133597722459,9004.073726004717,7739.33280902716
1,All Population,44,Population,123,Peru,3,Both,1,<5 years,1,Number,2023,3067508.4687081412,3299476.1222849423,2831078.7176004895
1,All Population,44,Population,116,Saint Lucia,3,Both,157,25+ years,1,Number,2023,123324.89068266567,142728.627504926,105246.29729442533
1,All Population,44,Population,116,Saint Lucia,3,Both,158,<20 years,1,Number,2023,42601.01385288402,49303.78777457228,36355.99386454409
1,All Population,44,Population,116,Saint Lucia,3,Both,159,10-24 years,1,Number,2023,35775.60965088726,41404.48562620004,30531.147673142277
1,All Population,44,Population,116,Saint Lucia,3,Both,162,10-19 years,1,Number,2023,22846.228476518736,26440.81674078312,19497.126176119345
1,All Population,44,Population,116,Saint Lucia,3,Both,235,95+ years,1,Number,2023,178.55951899420185,206.65378199734658,152.38390333683734
1,All Population,44,Population,117,Saint Vincent and the Grenadines,3,Both,1,<5 years,1,Number,2023,6751.781766580482,7685.15366556203,5883.358180702761
1,All Population,44,Population,117,Saint Vincent and the Grenadines,3,Both,6,5-9 years,1,Number,2023,8409.714239070907,9572.280095104075,7328.045066668188
1,All Population,44,Population,117,Saint Vincent and the Grenadines,3,Both,7,10-14 years,1,Number,2023,9107.01896861421,10365.980807527652,7935.661489537121
1,All Population,44,Population,117,Saint Vincent and the Grenadines,3,Both,8,15-19 years,1,Number,2023,8700.524367551065,9903.292056410959,7581.450790901405
1,All Population,44,Population,117,Saint Vincent and the Grenadines,3,Both,9,20-24 years,1,Number,2023,8613.932361650128,9804.72949995336,7505.996369548156
1,All Population,44,Population,117,Saint Vincent and the Grenadines,3,Both,10,25-29 years,1,Number,2023,8446.958835367905,9614.673415215668,7360.499211053528
1,All Population,44,Population,117,Saint Vincent and the Grenadines,3,Both,11,30-34 years,1,Number,2023,7798.709341774889,8876.809375156767,6795.628471281605
1,All Population,44,Population,180,Kenya,3,Both,157,25+ years,1,Number,2023,22087356.82141684,24107114.806462824,20054092.50800838
1,All Population,44,Population,180,Kenya,3,Both,158,<20 years,1,Number,2023,24785201.747878917,27051661.675429597,22503585.770827007
1,All Population,44,Population,180,Kenya,3,Both,159,10-24 years,1,Number,2023,17829666.995700676,19460084.459249735,16188346.763704289
1,All Population,44,Population,180,Kenya,3,Both,162,10-19 years,1,Number,2023,12586754.53857155,13737738.705243923,11428073.622976694
1,All Population,44,Population,180,Kenya,3,Both,235,95+ years,1,Number,2023,18410.891177389683,20094.45815047761,16716.066019644448
1,All Population,44,Population,52,Romania,3,Both,31,85-89 years,1,Number,2023,266065.22235312685,288524.4046979063,244757.08542932532
1,All Population,44,Population,52,Romania,3,Both,32,90-94 years,1,Number,2023,88304.29371517782,95758.2638990147,81232.34359407067
1,All Population,44,Population,52,Romania,3,Both,34,2-4 years,1,Number,2023,574745.6475469728,623261.260320271,528716.4865541252
1,All Population,44,Population,181,Madagascar,3,Both,1,<5 years,1,Number,2023,4628293.229229466,5070436.871429822,4181519.0202566404
1,All Population,44,Population,181,Madagascar,3,Both,6,5-9 years,1,Number,2023,4094304.055689226,4485435.390243736,3699076.40584576
1,All Population,44,Population,181,Madagascar,3,Both,7,10-14 years,1,Number,2023,3727971.0232488867,4084106.342382732,3368105.901811253
1,All Population,44,Population,181,Madagascar,3,Both,8,15-19 years,1,Number,2023,3593463.212167525,3936748.9190252246,3246582.2768910066
1,All Population,44,Population,181,Madagascar,3,Both,9,20-24 years,1,Number,2023,3173031.3349933214,3476152.931181248,2866735.1487912983
1,All Population,44,Population,181,Madagascar,3,Both,10,25-29 years,1,Number,2023,2464224.0646289494,2699632.8749981667,2226349.819701367
1,All Population,44,Population,181,Madagascar,3,Both,11,30-34 years,1,Number,2023,2007859.1376499033,2199671.131440451,1814038.298406807
1,All Population,44,Population,181,Madagascar,3,Both,12,35-39 years,1,Number,2023,1582317.9268242903,1733477.712221354,1429575.0462228945
1,All Population,44,Population,181,Madagascar,3,Both,13,40-44 years,1,Number,2023,1408841.8514111375,1543429.3627497214,1272844.8061597906
1,All Population,44,Population,181,Madagascar,3,Both,14,45-49 years,1,Number,2023,1173385.4388444268,1285479.657153475,1060117.2586977622
1,All Population,44,Population,182,Malawi,3,Both,11,30-34 years,1,Number,2023,1284912.156386473,1412099.1939449129,1148009.5317442687
1,All Population,44,Population,182,Malawi,3,Both,12,35-39 years,1,Number,2023,1086420.8184840956,1193960.1897617434,970666.70970931
1,All Population,44,Population,182,Malawi,3,Both,13,40-44 years,1,Number,2023,927233.908683926,1019016.1627338055,828440.5747387699
1,All Population,44,Population,182,Malawi,3,Both,14,45-49 years,1,Number,2023,724691.1890659374,796424.7507914418,647478.0306837969
1,All Population,44,Population,182,Malawi,3,Both,15,50-54 years,1,Number,2023,529824.7198049097,582269.4228939732,473373.8609807554
1,All Population,44,Population,182,Malawi,3,Both,16,55-59 years,1,Number,2023,383341.79896974633,421286.8892554517,342498.1520689247
1,All Population,44,Population,182,Malawi,3,Both,17,60-64 years,1,Number,2023,291066.7530323453,319877.99733876414,260054.67003651217
1,All Population,44,Population,182,Malawi,3,Both,18,65-69 years,1,Number,2023,226461.66524681108,248877.97454868193,202333.01474020982
1,All Population,44,Population,182,Malawi,3,Both,19,70-74 years,1,Number,2023,170856.96377361612,187769.24136441186,152652.78797627037
1,All Population,44,Population,182,Malawi,3,Both,20,75-79 years,1,Number,2023,106254.26923791504,116771.848720012,94933.27093790774
1,All Population,44,Population,182,Malawi,3,Both,21,80+ years,1,Number,2023,102087.07206504617,112192.1615098244,91210.07316805776
1,All Population,44,Population,182,Malawi,3,Both,23,5-14 years,1,Number,2023,5569382.854005738,6120668.249438408,4975985.767239176
1,All Population,44,Population,182,Malawi,3,Both,24,15-49 years,1,Number,2023,10425799.722676802,11457797.571178775,9314969.430555955
1,All Population,44,Population,182,Malawi,3,Both,25,50-69 years,1,Number,2023,1430694.9370538124,1572312.2840368713,1278259.6978264018
1,All Population,44,Population,182,Malawi,3,Both,26,70+ years,1,Number,2023,379198.30507657735,416733.2515942482,338796.13208223594
1,All Population,44,Population,182,Malawi,3,Both,28,<1 year,1,Number,2023,600938.9164773567,660422.8587534424,536911.103753755
1,All Population,44,Population,182,Malawi,3,Both,30,80-84 years,1,Number,2023,57832.11351608284,63556.625621672734,51670.31631492362
1,All Population,44,Population,182,Malawi,3,Both,31,85-89 years,1,Number,2023,28034.79869709695,30809.823415408122,25047.79487440604
1,All Population,44,Population,182,Malawi,3,Both,32,90-94 years,1,Number,2023,11667.953464496117,12822.905908632416,10424.776298218176
1,All Population,44,Population,177,Djibouti,3,Both,157,25+ years,1,Number,2023,663687.0145017665,771237.0955982385,567696.8937626185
1,All Population,44,Population,177,Djibouti,3,Both,158,<20 years,1,Number,2023,608092.296225853,706633.286699091,520142.9290394471
1,All Population,44,Population,177,Djibouti,3,Both,159,10-24 years,1,Number,2023,396388.90135795233,460623.4841586918,339058.536789087
1,All Population,44,Population,177,Djibouti,3,Both,162,10-19 years,1,Number,2023,278618.7643191817,323768.7673217598,238321.68415517118
1,All Population,44,Population,177,Djibouti,3,Both,235,95+ years,1,Number,2023,327.6670906138411,380.7653453606498,280.27607210208106
1,All Population,44,Population,178,Eritrea,3,Both,1,<5 years,1,Number,2023,983453.7693027952,1287942.9969376477,691624.4142824166
1,All Population,44,Population,178,Eritrea,3,Both,6,5-9 years,1,Number,2023,903373.8516176477,1183069.3644423985,635307.3530299707
1,All Population,44,Population,178,Eritrea,3,Both,7,10-14 years,1,Number,2023,812734.7187838096,1064367.2555831254,571564.4104392771
1,All Population,44,Population,178,Eritrea,3,Both,8,15-19 years,1,Number,2023,719261.7364888638,941953.9030622445,505828.5328120004
1,All Population,44,Population,178,Eritrea,3,Both,9,20-24 years,1,Number,2023,641679.3369616201,840351.0506703416,451267.8779988164
1,All Population,44,Population,178,Eritrea,3,Both,10,25-29 years,1,Number,2023,588470.302983819,770667.8537325644,413848.05399883405
1,All Population,44,Population,178,Eritrea,3,Both,11,30-34 years,1,Number,2023,501445.32630114234,656698.8876503301,352646.80549605284
1,All Population,44,Population,178,Eritrea,3,Both,12,35-39 years,1,Number,2023,424530.6486593314,555970.4919467727,298555.7332624786
1,All Population,44,Population,178,Eritrea,3,Both,13,40-44 years,1,Number,2023,353816.17705647973,463361.9613519832,248825.0224449428
1,All Population,44,Population,178,Eritrea,3,Both,14,45-49 years,1,Number,2023,294537.15986542427,385729.4406990885,207136.41762819927
1,All Population,44,Population,178,Eritrea,3,Both,15,50-54 years,1,Number,2023,229518.60396843805,300580.3504699782,161411.42063965622
1,All Population,44,Population,178,Eritrea,3,Both,16,55-59 years,1,Number,2023,175746.19055448656,230159.3449823153,123595.39400696389
1,All Population,44,Population,178,Eritrea,3,Both,17,60-64 years,1,Number,2023,133541.03128282732,174886.95596385875,93914.16294955352
1,All Population,44,Population,178,Eritrea,3,Both,18,65-69 years,1,Number,2023,98389.26190617833,128851.77199103375,69193.3040083641
1,All Population,44,Population,178,Eritrea,3,Both,19,70-74 years,1,Number,2023,66146.72243149545,86626.55082040049,46518.3922075132
1,All Population,44,Population,178,Eritrea,3,Both,20,75-79 years,1,Number,2023,45689.537733604535,59835.57335799528,32131.65759305692
1,All Population,44,Population,178,Eritrea,3,Both,21,80+ years,1,Number,2023,51863.210390084634,67920.690026912,36473.359123202536
1,All Population,44,Population,178,Eritrea,3,Both,23,5-14 years,1,Number,2023,1716108.5704014574,2247436.620025524,1206871.7634692476
1,All Population,44,Population,178,Eritrea,3,Both,24,15-49 years,1,Number,2023,3523740.688316681,4614733.589113327,2478108.443641325
1,All Population,44,Population,178,Eritrea,3,Both,25,50-69 years,1,Number,2023,637195.0877119303,834478.4234071858,448114.2816045377
1,All Population,44,Population,179,Ethiopia,3,Both,23,5-14 years,1,Number,2023,29106949.893589485,33833221.48277742,24258880.349662818
1,All Population,44,Population,179,Ethiopia,3,Both,24,15-49 years,1,Number,2023,57431511.91247544,66757014.03716983,47865687.77829313
1,All Population,44,Population,179,Ethiopia,3,Both,25,50-69 years,1,Number,2023,8253534.545922164,9593710.894779803,6878821.303616948
1,All Population,44,Population,179,Ethiopia,3,Both,26,70+ years,1,Number,2023,2224261.7657649834,2585428.608353574,1853787.5057086009
1,All Population,44,Population,179,Ethiopia,3,Both,28,<1 year,1,Number,2023,3492035.4449455244,4059058.371505006,2910400.1053154734
1,All Population,44,Population,179,Ethiopia,3,Both,30,80-84 years,1,Number,2023,396554.94471584103,460945.97076337796,330504.53555243334
1,All Population,44,Population,182,Malawi,3,Both,34,2-4 years,1,Number,2023,1733822.189748012,1905444.5896693415,1549089.8660170797
1,All Population,44,Population,117,Saint Vincent and the Grenadines,3,Both,12,35-39 years,1,Number,2023,7613.588421268194,8666.097185398776,6634.318061713393
1,All Population,44,Population,117,Saint Vincent and the Grenadines,3,Both,13,40-44 years,1,Number,2023,7836.51390088717,8919.840067806632,6828.570555284086
1,All Population,44,Population,117,Saint Vincent and the Grenadines,3,Both,14,45-49 years,1,Number,2023,7370.792419803011,8389.736863760452,6422.750820524915
1,All Population,44,Population,117,Saint Vincent and the Grenadines,3,Both,15,50-54 years,1,Number,2023,7387.8986504330705,8409.207873869407,6437.656823917457
1,All Population,44,Population,117,Saint Vincent and the Grenadines,3,Both,16,55-59 years,1,Number,2023,7059.831892597916,8035.788895933039,6151.786469949599
1,All Population,44,Population,117,Saint Vincent and the Grenadines,3,Both,17,60-64 years,1,Number,2023,6266.644459694188,7132.950575886877,5460.619910730635
1,All Population,44,Population,117,Saint Vincent and the Grenadines,3,Both,18,65-69 years,1,Number,2023,5089.737544773805,5793.347075075496,4435.088404351793
1,All Population,44,Population,117,Saint Vincent and the Grenadines,3,Both,19,70-74 years,1,Number,2023,3433.426109654617,3908.0657764524067,2991.81405567045
1,All Population,44,Population,117,Saint Vincent and the Grenadines,3,Both,20,75-79 years,1,Number,2023,2584.1128477567972,2941.3427463639814,2251.740649847593
1,All Population,44,Population,117,Saint Vincent and the Grenadines,3,Both,21,80+ years,1,Number,2023,3620.2436518737463,4120.709130312432,3154.6028651005804
1,All Population,44,Population,117,Saint Vincent and the Grenadines,3,Both,23,5-14 years,1,Number,2023,17516.733207685116,19938.26090263173,15263.706556205312
1,All Population,44,Population,117,Saint Vincent and the Grenadines,3,Both,24,15-49 years,1,Number,2023,56381.01964830236,64175.1784637026,49129.21428030709
1,All Population,44,Population,117,Saint Vincent and the Grenadines,3,Both,25,50-69 years,1,Number,2023,25804.11254749898,29371.29442076482,22485.151608949487
1,All Population,44,Population,117,Saint Vincent and the Grenadines,3,Both,26,70+ years,1,Number,2023,9637.782609285161,10970.117653128818,8398.157570618625
1,All Population,44,Population,118,Suriname,3,Both,23,5-14 years,1,Number,2023,101121.82222914147,115833.60603402455,87318.9651691923
1,All Population,44,Population,118,Suriname,3,Both,24,15-49 years,1,Number,2023,291089.6130176434,333439.00269595295,251356.66288335904
1,All Population,44,Population,118,Suriname,3,Both,25,50-69 years,1,Number,2023,121401.51181231608,139063.70139708853,104830.53160776608
1,All Population,44,Population,118,Suriname,3,Both,26,70+ years,1,Number,2023,34798.720248173086,39861.43804431457,30048.788424691073
1,All Population,44,Population,118,Suriname,3,Both,28,<1 year,1,Number,2023,8882.697400465855,10175.003263622966,7670.233069595847
1,All Population,44,Population,118,Suriname,3,Both,30,80-84 years,1,Number,2023,6083.870974352809,6968.987485294088,5253.438931307947
1,All Population,44,Population,118,Suriname,3,Both,31,85-89 years,1,Number,2023,3112.25650014212,3565.04546068597,2687.441849274609
1,All Population,44,Population,118,Suriname,3,Both,32,90-94 years,1,Number,2023,1261.9588052122785,1445.5558241710735,1089.7048186848333
1,All Population,44,Population,118,Suriname,3,Both,34,2-4 years,1,Number,2023,27609.73885769154,31626.562328922275,23841.083680061485
1,All Population,44,Population,55,Slovenia,3,Both,157,25+ years,1,Number,2023,1598833.6795385033,1620370.5810213054,1577092.321368096
1,All Population,44,Population,55,Slovenia,3,Both,158,<20 years,1,Number,2023,415450.4595450912,421046.7362139629,409801.05563358666
1,All Population,44,Population,55,Slovenia,3,Both,159,10-24 years,1,Number,2023,315481.164729307,319730.8167421516,311191.1694119849
1,All Population,44,Population,55,Slovenia,3,Both,162,10-19 years,1,Number,2023,213376.13101583094,216250.38915242202,210474.58662831842
1,All Population,44,Population,55,Slovenia,3,Both,235,95+ years,1,Number,2023,3816.9194950542947,3868.3348612583004,3765.0160263498205
1,All Population,44,Population,184,Mozambique,3,Both,157,25+ years,1,Number,2023,11278621.106633421,12456737.44626645,10073136.977706032
1,All Population,44,Population,184,Mozambique,3,Both,158,<20 years,1,Number,2023,18905137.31865731,20879886.799781106,16884514.161148213
1,All Population,44,Population,184,Mozambique,3,Both,159,10-24 years,1,Number,2023,11295702.408603268,12475602.987706935,10088392.592100117
1,All Population,44,Population,184,Mozambique,3,Both,162,10-19 years,1,Number,2023,8173950.080026728,9027765.813136198,7300300.101101403
1,All Population,44,Population,179,Ethiopia,3,Both,31,85-89 years,1,Number,2023,205700.75567275353,239101.6321288861,171439.12494931553
1,All Population,44,Population,179,Ethiopia,3,Both,32,90-94 years,1,Number,2023,77588.5177441773,90187.03488190983,64665.331659440744
1,All Population,44,Population,179,Ethiopia,3,Both,34,2-4 years,1,Number,2023,9567233.27607931,11120722.8373413,7973709.652512792
1,All Population,44,Population,57,Belarus,3,Both,25,50-69 years,1,Number,2023,2536449.62362866,2788697.3057381418,2282968.1773373443
1,All Population,44,Population,57,Belarus,3,Both,26,70+ years,1,Number,2023,1026207.954927665,1128263.4326242774,923653.3154869721
1,All Population,44,Population,57,Belarus,3,Both,28,<1 year,1,Number,2023,79086.48866600519,86951.57034014381,71182.93822983233
1,All Population,44,Population,57,Belarus,3,Both,30,80-84 years,1,Number,2023,181745.8773275113,199820.34482796682,163583.00611836236
1,All Population,44,Population,57,Belarus,3,Both,31,85-89 years,1,Number,2023,113231.86688985639,124492.6763685142,101915.97986488759
1,All Population,44,Population,57,Belarus,3,Both,32,90-94 years,1,Number,2023,39895.39532978216,43862.9572734655,35908.42771396583
1,All Population,44,Population,57,Belarus,3,Both,34,2-4 years,1,Number,2023,274095.92886002513,301354.527685132,246704.00598374708
1,All Population,44,Population,184,Mozambique,3,Both,235,95+ years,1,Number,2023,15464.048828971045,17079.356979679178,13811.216868748628
1,All Population,44,Population,185,Rwanda,3,Both,235,95+ years,1,Number,2023,2904.183992089545,3121.0965040130413,2679.9882926088417
1,All Population,44,Population,186,Seychelles,3,Both,1,<5 years,1,Number,2023,7423.890777631199,7969.63392088265,6880.82678286031
1,All Population,44,Population,186,Seychelles,3,Both,6,5-9 years,1,Number,2023,7677.8716663125015,8242.285387117756,7116.228751116444
1,All Population,44,Population,186,Seychelles,3,Both,7,10-14 years,1,Number,2023,7567.577446032301,8123.88324657564,7014.002647900409
1,All Population,44,Population,186,Seychelles,3,Both,8,15-19 years,1,Number,2023,7337.045471156701,7876.404464647376,6800.334285239524
1,All Population,44,Population,186,Seychelles,3,Both,9,20-24 years,1,Number,2023,7046.7255269633215,7564.742595627992,6531.251494632828
1,All Population,44,Population,186,Seychelles,3,Both,10,25-29 years,1,Number,2023,7523.233208182833,8076.279186555569,6972.902229184727
1,All Population,44,Population,186,Seychelles,3,Both,11,30-34 years,1,Number,2023,7973.3699652345795,8559.506280742478,7390.111095350159
1,All Population,44,Population,186,Seychelles,3,Both,12,35-39 years,1,Number,2023,8244.471310603127,8850.536758259213,7641.381144163644
1,All Population,44,Population,186,Seychelles,3,Both,13,40-44 years,1,Number,2023,8133.431909284145,8731.334657122074,7538.464370542654
1,All Population,44,Population,186,Seychelles,3,Both,14,45-49 years,1,Number,2023,7729.904508744149,8298.143254436152,7164.455346377087
1,All Population,44,Population,186,Seychelles,3,Both,15,50-54 years,1,Number,2023,7236.720865337275,7768.704822291808,6707.348510612803
1,All Population,44,Population,186,Seychelles,3,Both,16,55-59 years,1,Number,2023,6583.814737976132,7067.802428166098,6102.203027953422
1,All Population,44,Population,186,Seychelles,3,Both,17,60-64 years,1,Number,2023,5336.36288286129,5728.648214159272,4946.003348822126
1,All Population,44,Population,186,Seychelles,3,Both,18,65-69 years,1,Number,2023,4078.63688178489,4378.464583824009,3780.281086341906
1,All Population,44,Population,186,Seychelles,3,Both,19,70-74 years,1,Number,2023,2661.952735505516,2857.637518131738,2467.228603680911
1,All Population,44,Population,186,Seychelles,3,Both,20,75-79 years,1,Number,2023,1623.835035541482,1743.2059776744702,1505.0501062282483
1,All Population,44,Population,186,Seychelles,3,Both,21,80+ years,1,Number,2023,2012.0787295653133,2159.9901419544826,1864.8934401529696
1,All Population,44,Population,186,Seychelles,3,Both,23,5-14 years,1,Number,2023,15245.449112344802,16366.168633693398,14130.231399016855
1,All Population,44,Population,186,Seychelles,3,Both,24,15-49 years,1,Number,2023,53988.18190016886,57956.94719739087,50038.89996549064
1,All Population,44,Population,186,Seychelles,3,Both,25,50-69 years,1,Number,2023,23235.53536795959,24943.620048441193,21535.83597373026
1,All Population,44,Population,186,Seychelles,3,Both,26,70+ years,1,Number,2023,6297.866500612311,6760.833637760693,5837.17215006213
1,All Population,44,Population,186,Seychelles,3,Both,28,<1 year,1,Number,2023,1444.7384602134264,1550.9437011133623,1339.0545994046615
1,All Population,44,Population,181,Madagascar,3,Both,157,25+ years,1,Number,2023,11635074.75927673,12746580.464846836,10511928.26348286
1,All Population,44,Population,181,Madagascar,3,Both,158,<20 years,1,Number,2023,16044031.520335104,17576727.523081522,14495283.604804663
1,All Population,44,Population,181,Madagascar,3,Both,159,10-24 years,1,Number,2023,10494465.570409734,11497008.192589203,9481423.327493556
1,All Population,44,Population,121,Bolivia (Plurinational State of),3,Both,1,<5 years,1,Number,2023,1142219.654072868,1302308.4585620116,982872.9483621474
1,All Population,44,Population,121,Bolivia (Plurinational State of),3,Both,6,5-9 years,1,Number,2023,1141703.1876122407,1301719.6062884233,982428.5321668241
1,All Population,44,Population,121,Bolivia (Plurinational State of),3,Both,7,10-14 years,1,Number,2023,1122834.0471820745,1280205.8448149823,966191.7535213799
1,All Population,44,Population,121,Bolivia (Plurinational State of),3,Both,8,15-19 years,1,Number,2023,1046635.1863345341,1193327.2653222408,900623.1050079293
1,All Population,44,Population,181,Madagascar,3,Both,162,10-19 years,1,Number,2023,7321434.235416411,8020855.2614079565,6614688.1787022585
1,All Population,44,Population,181,Madagascar,3,Both,235,95+ years,1,Number,2023,1789.2897536125427,1960.2216823887445,1616.5676561350424
1,All Population,44,Population,182,Malawi,3,Both,1,<5 years,1,Number,2023,2924916.7376422915,3214439.6385789737,2613277.7074931343
1,All Population,44,Population,182,Malawi,3,Both,6,5-9 years,1,Number,2023,2793733.976857737,3070271.7514260565,2496071.983325404
1,All Population,44,Population,182,Malawi,3,Both,7,10-14 years,1,Number,2023,2775648.877148001,3050396.4980123513,2479913.783913772
1,All Population,44,Population,182,Malawi,3,Both,8,15-19 years,1,Number,2023,2593945.8464475474,2850707.5917208586,2317570.5372146564
1,All Population,44,Population,182,Malawi,3,Both,9,20-24 years,1,Number,2023,2150428.044326764,2363288.17727911,1921307.9119431872
1,All Population,44,Population,182,Malawi,3,Both,10,25-29 years,1,Number,2023,1658167.7592820593,1822301.504946902,1481496.1345219638
1,All Population,44,Population,183,Mauritius,3,Both,7,10-14 years,1,Number,2023,73944.98142960755,79467.1166118483,68579.12127973721
1,All Population,44,Population,183,Mauritius,3,Both,8,15-19 years,1,Number,2023,82541.19676167124,88705.28846620138,76551.54729712055
1,All Population,44,Population,183,Mauritius,3,Both,9,20-24 years,1,Number,2023,94070.24145434686,101095.31036225431,87243.98022404175
1,All Population,44,Population,183,Mauritius,3,Both,10,25-29 years,1,Number,2023,96719.29808871333,103942.19582229045,89700.80653859094
1,All Population,44,Population,183,Mauritius,3,Both,11,30-34 years,1,Number,2023,96916.74058952996,104154.38312605582,89883.921510662
1,All Population,44,Population,183,Mauritius,3,Both,12,35-39 years,1,Number,2023,93875.25804013693,100885.76578715496,87063.145893542
1,All Population,44,Population,183,Mauritius,3,Both,13,40-44 years,1,Number,2023,94336.0924437151,101381.01483015808,87490.5395833078
1,All Population,44,Population,183,Mauritius,3,Both,14,45-49 years,1,Number,2023,93699.12536327542,100696.4797030867,86899.79438578202
1,All Population,44,Population,183,Mauritius,3,Both,15,50-54 years,1,Number,2023,85783.18444350128,92189.3844546684,79558.27827630524
1,All Population,44,Population,183,Mauritius,3,Both,16,55-59 years,1,Number,2023,81422.2131603297,87502.74032006107,75513.76338504412
1,All Population,44,Population,183,Mauritius,3,Both,17,60-64 years,1,Number,2023,76210.90894822884,81902.26126771231,70680.62046340463
1,All Population,44,Population,183,Mauritius,3,Both,18,65-69 years,1,Number,2023,69551.87028424,74745.9324431827,64504.798773884286
1,All Population,44,Population,183,Mauritius,3,Both,19,70-74 years,1,Number,2023,50083.04243166979,53823.19254461366,46448.73762324692
1,All Population,44,Population,183,Mauritius,3,Both,20,75-79 years,1,Number,2023,28223.52168305719,30331.225262658612,26175.465582964913
1,All Population,44,Population,183,Mauritius,3,Both,21,80+ years,1,Number,2023,28174.751906133853,30278.81340894018,26130.234812982297
1,All Population,44,Population,183,Mauritius,3,Both,23,5-14 years,1,Number,2023,139367.9135796976,149775.76606643555,129254.60069233453
1,All Population,44,Population,183,Mauritius,3,Both,24,15-49 years,1,Number,2023,652157.9527413888,700860.4380972016,604833.735433047
1,All Population,44,Population,183,Mauritius,3,Both,25,50-69 years,1,Number,2023,312968.1768362998,336340.3184856245,290257.4608986383
1,All Population,44,Population,183,Mauritius,3,Both,26,70+ years,1,Number,2023,106481.31602086083,114433.23121621249,98754.43801919415
1,All Population,44,Population,59,Latvia,3,Both,157,25+ years,1,Number,2023,1409447.4308845163,1528224.8822843032,1283347.0164785937
1,All Population,44,Population,59,Latvia,3,Both,158,<20 years,1,Number,2023,397851.8724192837,431379.7858448589,362256.86909747875
1,All Population,44,Population,59,Latvia,3,Both,159,10-24 years,1,Number,2023,287451.0837076551,311675.2628978467,261733.41593041908
1,All Population,44,Population,59,Latvia,3,Both,162,10-19 years,1,Number,2023,200644.41179013412,217553.1884836254,182693.16159055036
1,All Population,44,Population,59,Latvia,3,Both,235,95+ years,1,Number,2023,3400.664428716849,3687.2464218142504,3096.4138519872445
1,All Population,44,Population,60,Lithuania,3,Both,1,<5 years,1,Number,2023,123884.52099406558,125544.90206390414,122070.76184844223
1,All Population,44,Population,60,Lithuania,3,Both,6,5-9 years,1,Number,2023,147293.83296239434,149267.9608840452,145137.34452876463
1,All Population,44,Population,60,Lithuania,3,Both,7,10-14 years,1,Number,2023,148675.89413264266,150668.54533860722,146499.1713221333
1,All Population,44,Population,60,Lithuania,3,Both,8,15-19 years,1,Number,2023,133121.57087231014,134905.75290320444,131172.57462393327
1,All Population,44,Population,60,Lithuania,3,Both,9,20-24 years,1,Number,2023,136811.73615364885,138645.37618404577,134808.7132119112
1,All Population,44,Population,60,Lithuania,3,Both,10,25-29 years,1,Number,2023,158725.69305331586,160853.03821256585,156401.83390520932
1,All Population,44,Population,60,Lithuania,3,Both,11,30-34 years,1,Number,2023,201680.58467523128,204383.63928013042,198727.8347915966
1,All Population,44,Population,60,Lithuania,3,Both,12,35-39 years,1,Number,2023,207965.69478602795,210752.9865318231,204920.92633660932
1,All Population,44,Population,60,Lithuania,3,Both,13,40-44 years,1,Number,2023,185576.0320794569,188063.24297721905,182859.06451408425
1,All Population,44,Population,61,Republic of Moldova,3,Both,10,25-29 years,1,Number,2023,211772.2578228512,250822.92298690157,171944.56829250447
1,All Population,44,Population,61,Republic of Moldova,3,Both,11,30-34 years,1,Number,2023,294338.4217996099,348614.2333378071,238982.6381818458
1,All Population,44,Population,61,Republic of Moldova,3,Both,12,35-39 years,1,Number,2023,338983.7243162459,401492.10029724793,275231.5659046295
1,All Population,44,Population,61,Republic of Moldova,3,Both,13,40-44 years,1,Number,2023,299741.94953131746,355014.1680319983,243369.93259253402
1,All Population,44,Population,61,Republic of Moldova,3,Both,14,45-49 years,1,Number,2023,274260.6849313207,324834.1749862606,222680.8910427266
1,All Population,44,Population,61,Republic of Moldova,3,Both,15,50-54 years,1,Number,2023,235533.63159023365,278965.87846081756,191237.17628786847
1,All Population,44,Population,61,Republic of Moldova,3,Both,16,55-59 years,1,Number,2023,232631.35926105746,275528.42902153864,188880.72994386748
1,All Population,44,Population,61,Republic of Moldova,3,Both,17,60-64 years,1,Number,2023,257000.5736809606,304391.3105648222,208666.86291583977
1,All Population,44,Population,61,Republic of Moldova,3,Both,18,65-69 years,1,Number,2023,214726.95554479444,254322.46502691932,174343.58046462463
1,All Population,44,Population,61,Republic of Moldova,3,Both,19,70-74 years,1,Number,2023,167989.82182144493,198967.03456101584,136396.22907919093
1,All Population,44,Population,61,Republic of Moldova,3,Both,20,75-79 years,1,Number,2023,72036.65230155406,85320.16364287556,58488.827613998365
1,All Population,44,Population,121,Bolivia (Plurinational State of),3,Both,9,20-24 years,1,Number,2023,1065257.5991446553,1214559.7188481258,916647.5760621922
1,All Population,44,Population,121,Bolivia (Plurinational State of),3,Both,10,25-29 years,1,Number,2023,1042141.5444555932,1188203.8130967203,896756.3539616754
1,All Population,44,Population,121,Bolivia (Plurinational State of),3,Both,11,30-34 years,1,Number,2023,988131.4571655664,1126623.8943178162,850281.0078697413
1,All Population,44,Population,122,Ecuador,3,Both,9,20-24 years,1,Number,2023,1539722.9670903352,1659114.1047676418,1426069.645327692
1,All Population,44,Population,122,Ecuador,3,Both,10,25-29 years,1,Number,2023,1405645.845751839,1514640.5547239534,1301889.3109685376
1,All Population,44,Population,122,Ecuador,3,Both,11,30-34 years,1,Number,2023,1299897.9377079508,1400692.8839187075,1203947.093477769
1,All Population,44,Population,122,Ecuador,3,Both,12,35-39 years,1,Number,2023,1217611.723224971,1312026.1419172953,1127734.7648892996
1,All Population,44,Population,122,Ecuador,3,Both,13,40-44 years,1,Number,2023,1162451.9327896691,1252589.2248333225,1076646.5467723284
1,All Population,44,Population,122,Ecuador,3,Both,14,45-49 years,1,Number,2023,1004228.5761505855,1082097.1244266767,930102.3106288299
1,All Population,44,Population,122,Ecuador,3,Both,15,50-54 years,1,Number,2023,901680.4412178716,971597.3392568821,835123.6777590041
1,All Population,44,Population,122,Ecuador,3,Both,16,55-59 years,1,Number,2023,779139.7803643806,839554.7944776906,721628.2500121592
1,All Population,44,Population,122,Ecuador,3,Both,17,60-64 years,1,Number,2023,670624.6631754768,722625.343299308,621123.0825308237
1,All Population,44,Population,122,Ecuador,3,Both,18,65-69 years,1,Number,2023,541444.1553843621,583428.0934574731,501477.9224166939
1,All Population,44,Population,122,Ecuador,3,Both,19,70-74 years,1,Number,2023,403894.22241706034,435212.44767337985,374081.11902146385
1,All Population,44,Population,122,Ecuador,3,Both,20,75-79 years,1,Number,2023,289695.3850409006,312158.5568835982,268311.7702524393
1,All Population,44,Population,122,Ecuador,3,Both,21,80+ years,1,Number,2023,356598.8345827238,384249.74417179625,330276.79941583774
1,All Population,44,Population,122,Ecuador,3,Both,23,5-14 years,1,Number,2023,3095279.64230599,3335289.6738655427,2866804.2472827225
1,All Population,44,Population,122,Ecuador,3,Both,24,15-49 years,1,Number,2023,9231223.60787165,9947018.794573406,8549828.805434575
1,All Population,44,Population,122,Ecuador,3,Both,25,50-69 years,1,Number,2023,2892889.040142091,3117205.5704913535,2679352.9327186807
1,All Population,44,Population,122,Ecuador,3,Both,26,70+ years,1,Number,2023,1050188.4420406846,1131620.7487287743,972669.6886897411
1,All Population,44,Population,122,Ecuador,3,Both,28,<1 year,1,Number,2023,293147.6387766822,315878.50065835135,271509.19885861955
1,All Population,44,Population,122,Ecuador,3,Both,30,80-84 years,1,Number,2023,190479.95069245293,205249.8921065664,176419.8375499621
1,All Population,44,Population,122,Ecuador,3,Both,31,85-89 years,1,Number,2023,110431.0238231667,118993.91848078991,102279.65312115643
1,All Population,44,Population,122,Ecuador,3,Both,32,90-94 years,1,Number,2023,47331.72646938172,51001.8598584351,43837.97593569208
1,All Population,44,Population,122,Ecuador,3,Both,34,2-4 years,1,Number,2023,900389.7917942874,970206.6120229916,833928.2965085632
1,All Population,44,Population,183,Mauritius,3,Both,28,<1 year,1,Number,2023,12425.2465627895,13353.151200343747,11523.601392358905
1,All Population,44,Population,183,Mauritius,3,Both,30,80-84 years,1,Number,2023,15141.598771658655,16272.357799192474,14042.839939302828
1,All Population,44,Population,183,Mauritius,3,Both,31,85-89 years,1,Number,2023,8129.8542578571205,8736.983414641609,7539.906703025194
1,All Population,44,Population,183,Mauritius,3,Both,32,90-94 years,1,Number,2023,3638.457810785964,3910.1740989990667,3374.431024972698
1,All Population,44,Population,183,Mauritius,3,Both,34,2-4 years,1,Number,2023,38577.39977979944,41458.320329711154,35778.00855456667
1,All Population,44,Population,61,Republic of Moldova,3,Both,21,80+ years,1,Number,2023,139819.84598664235,165602.53369581734,113524.1381664276
1,All Population,44,Population,61,Republic of Moldova,3,Both,23,5-14 years,1,Number,2023,381691.5698520872,452075.24448194815,309907.41126255156
1,All Population,44,Population,61,Republic of Moldova,3,Both,24,15-49 years,1,Number,2023,1759804.3512962565,2084311.1171172783,1428840.5977898347
1,All Population,44,Population,61,Republic of Moldova,3,Both,25,50-69 years,1,Number,2023,939892.5200770462,1113208.0830740978,763128.3496122003
1,All Population,44,Population,61,Republic of Moldova,3,Both,26,70+ years,1,Number,2023,379846.32010964135,449889.7318997087,308409.1948596169
1,All Population,44,Population,61,Republic of Moldova,3,Both,28,<1 year,1,Number,2023,25996.35011682723,30790.05999335337,21107.255709375215
1,All Population,44,Population,61,Republic of Moldova,3,Both,30,80-84 years,1,Number,2023,72685.10649826647,86088.19236729226,59015.32800671952
1,All Population,44,Population,61,Republic of Moldova,3,Both,31,85-89 years,1,Number,2023,42999.691047139124,50928.805816478154,34912.80392352508
1,All Population,44,Population,61,Republic of Moldova,3,Both,32,90-94 years,1,Number,2023,18336.09993563367,21717.26471312763,14887.657240912455
1,All Population,44,Population,61,Republic of Moldova,3,Both,34,2-4 years,1,Number,2023,93833.38029206659,111136.19394984827,76186.27780434817
1,All Population,44,Population,185,Rwanda,3,Both,157,25+ years,1,Number,2023,5924392.66362484,6366883.531210469,5467044.451239691
1,All Population,44,Population,125,Colombia,3,Both,162,10-19 years,1,Number,2023,7811996.21054499,8576577.101947881,7074034.8688445585
1,All Population,44,Population,125,Colombia,3,Both,235,95+ years,1,Number,2023,64108.444112944846,70382.90841442053,58052.430751333726
1,All Population,44,Population,126,Costa Rica,3,Both,1,<5 years,1,Number,2023,287576.49297047267,308905.1134695196,267587.6722053578
1,All Population,44,Population,185,Rwanda,3,Both,158,<20 years,1,Number,2023,6775726.884522458,7281803.614727097,6252657.811590635
1,All Population,44,Population,185,Rwanda,3,Both,159,10-24 years,1,Number,2023,4478817.229222127,4813338.560612638,4133063.8044092543
1,All Population,44,Population,185,Rwanda,3,Both,162,10-19 years,1,Number,2023,3243322.9406416267,3485565.6249722075,2992946.567347251
1,All Population,44,Population,186,Seychelles,3,Both,159,10-24 years,1,Number,2023,21951.348444152325,23565.030306851007,20345.588427772764
1,All Population,44,Population,186,Seychelles,3,Both,162,10-19 years,1,Number,2023,14904.622917189003,16000.28771122302,13814.336933139934
1,All Population,44,Population,186,Seychelles,3,Both,235,95+ years,1,Number,2023,69.02734171013847,74.1016618427419,63.97793230200543
1,All Population,44,Population,187,Somalia,3,Both,1,<5 years,1,Number,2023,4116421.2898040568,5239549.177704609,2921693.197412588
1,All Population,44,Population,187,Somalia,3,Both,6,5-9 years,1,Number,2023,3396311.7973451135,4322964.398489715,2410584.4314753506
1,All Population,44,Population,187,Somalia,3,Both,7,10-14 years,1,Number,2023,2761172.2753391764,3514532.8687780635,1959784.4063542674
1,All Population,44,Population,187,Somalia,3,Both,8,15-19 years,1,Number,2023,2339247.663408251,2977489.98665818,1660316.9365029954
1,All Population,44,Population,187,Somalia,3,Both,9,20-24 years,1,Number,2023,1962505.2626436066,2497956.8686505198,1392918.2345729156
1,All Population,44,Population,187,Somalia,3,Both,10,25-29 years,1,Number,2023,1561512.3161597743,1987556.665391751,1108307.3355733112
1,All Population,44,Population,187,Somalia,3,Both,11,30-34 years,1,Number,2023,1136664.8928561483,1446793.5095568458,806765.3554851762
1,All Population,44,Population,187,Somalia,3,Both,12,35-39 years,1,Number,2023,1027947.7364402283,1308413.8716630451,729601.6849130725
1,All Population,44,Population,187,Somalia,3,Both,13,40-44 years,1,Number,2023,977315.4601766155,1243967.0420541754,693664.6496306721
1,All Population,44,Population,187,Somalia,3,Both,14,45-49 years,1,Number,2023,771253.7479481928,981683.2768970312,547409.1863339039
1,All Population,44,Population,187,Somalia,3,Both,15,50-54 years,1,Number,2023,439116.7712463374,558925.7648139234,311669.8688246443
1,All Population,44,Population,187,Somalia,3,Both,16,55-59 years,1,Number,2023,336964.64654301375,428902.3674722109,239165.83028364516
1,All Population,44,Population,187,Somalia,3,Both,17,60-64 years,1,Number,2023,316727.0315078101,403143.104328022,224801.87236547397
1,All Population,44,Population,187,Somalia,3,Both,18,65-69 years,1,Number,2023,289109.33828167716,367990.17617863655,205199.7906672567
1,All Population,44,Population,187,Somalia,3,Both,19,70-74 years,1,Number,2023,202181.0485084938,257344.29784531577,143501.10265344806
1,All Population,44,Population,187,Somalia,3,Both,20,75-79 years,1,Number,2023,122418.16249731083,155818.83813438,86888.16994850567
1,All Population,44,Population,187,Somalia,3,Both,21,80+ years,1,Number,2023,117320.44544645575,149330.25562506885,83269.9870218193
1,All Population,44,Population,187,Somalia,3,Both,23,5-14 years,1,Number,2023,6157484.07268429,7837497.267267778,4370368.837829617
1,All Population,44,Population,187,Somalia,3,Both,24,15-49 years,1,Number,2023,9776447.079632817,12443861.220871547,6938983.383012046
